,Version,WordPos,SenseNums,Group,GroupSense
0,2.1,partnership-n,2,1,2
1,2.1,network-n,1,1,1
2,2.1,network-n,2,1,2
3,2.1,network-n,3,1,4
4,2.1,wonder-v,3,1,2
5,2.1,relate-v,2,1,2
6,2.1,relate-v,5,1,3
7,2.1,relate-v,3,1,4
8,2.1,depend-v,1,1,1
9,2.1,depend-v,2,1,2
10,2.1,inform-v,1,1,1
11,2.1,inform-v,2,1,2
12,2.1,inform-v,3,1,3
13,2.1,resist-v,2,1,1
14,2.1,resist-v,1,1,3
15,2.1,sickness-n,1,1,1
16,2.1,sickness-n,2,1,2
17,2.1,sickness-n,3,1,3
18,2.1,translate-v,4,1,3
19,2.1,translate-v,9,1,4
20,2.1,translate-v,10,1,6
21,2.1,transform-v,5,1,2
22,2.1,transform-v,1,1,3
23,2.1,transform-v,6,1,4
24,2.1,transform-v,7,1,5
25,2.1,deny-v,7,1,3
26,2.1,reverse-v,1,1,1
27,2.1,reverse-v,2,1,3
28,2.1,reverse-v,,1,4
29,2.1,repeat-v,4,1,2
30,2.1,arise-v,5,1,2
31,2.1,arise-v,3,1,3
32,2.1,arise-v,7,1,4
33,2.1,arise-v,6,1,5
34,2.1,agent-n,5,1,2
35,2.1,agent-n,6,1,3
36,2.1,team-n,1,1,1
37,2.1,team-n,2-,1,2
38,2.1,image-n,4,1,4
39,2.1,image-n,,1,5
40,2.1,bar-n,1,1,1
41,2.1,bar-n,2,1,2
42,2.1,bar-n,3,1,3
43,2.1,bar-n,4,1,4
44,2.1,bar-n,5,1,5
45,2.1,bar-n,6,1,6
46,2.1,bar-n,7,1,7
47,2.1,bar-n,8,1,8
48,2.1,bar-n,9,1,9
49,2.1,bar-n,10,1,10
50,2.1,bar-n,12,1,11
51,2.1,bar-n,13,1,12
52,2.1,bar-n,14,1,13
53,2.1,point-v,12,1,4
54,2.1,point-v,13,1,5
55,2.1,happen-v,3,1,2
56,2.1,happen-v,5,1,3
57,2.1,cope-v,1,1,1
58,2.1,trainer-n,1,1,1
59,2.1,trainer-n,2,1,2
60,2.1,jump-v,9,1,2
61,2.1,jump-v,5,1,3
62,2.1,jump-v,3,1,4
63,2.1,jump-v,12,1,5
64,2.1,jump-v,,1,6
65,2.1,reopen-v,1,1,1
66,2.1,shape-v,,1,3
67,2.1,impose-v,,1,2
68,2.1,submarine-n,1,1,1
69,2.1,submarine-n,2,1,2
70,2.1,chamber-n,2,1,2
71,2.1,obstruction-n,,1,1
72,2.1,obstruction-n,2,1,3
73,2.1,foe-n,1,1,1
74,2.1,foe-n,2,1,2
75,2.1,adjust-v,5,1,3
76,2.1,accident-n,1,1,1
77,2.1,accident-n,2,1,2
78,2.1,contract-v,5,1,4
79,2.1,consider-v,7,1,3
80,2.1,consider-v,9,1,4
81,2.1,convince-v,1,1,1
82,2.1,file-v,2,1,2
83,2.1,file-v,,1,3
84,2.1,file-v,5,1,4
85,2.1,bound-n,3,1,2
86,2.1,bound-n,4,1,3
87,2.1,select-v,1,1,1
88,2.1,incident-n,1,1,1
89,2.1,incident-n,2,1,2
90,2.1,proposal-n,1,1,1
91,2.1,proposal-n,2,1,2
92,2.1,proposal-n,3,1,3
93,2.1,note-v,4,1,2
94,2.1,consortium-n,1,1,1
95,2.1,representative-n,3,1,2
96,2.1,representative-n,4,1,3
97,2.1,regard-v,1,1,1
98,2.1,regard-v,2,1,2
99,2.1,regard-v,3,1,3
100,2.1,discount-v,1,1,1
101,2.1,discount-v,2,1,2
102,2.1,age-v,,1,2
103,2.1,flee-v,1,1,1
104,2.1,switch-v,5,1,3
105,2.1,exercise-v,,1,3
106,2.1,avoid-v,5,1,2
107,2.1,read-v,3,1,4
108,2.1,read-v,4,1,5
109,2.1,read-v,8,1,6
110,2.1,read-v,10,1,7
111,2.1,elaborate-v,2,1,2
112,2.1,drive-v,20,1,6
113,2.1,drive-v,21,1,7
114,2.1,examine-v,1,1,1
115,2.1,examine-v,2,1,2
116,2.1,issue-v,4,1,2
117,2.1,chain-n,1,1,1
118,2.1,chain-n,2,1,2
119,2.1,chain-n,4,1,4
120,2.1,chain-n,9,1,5
121,2.1,chain-n,8,1,6
122,2.1,chain-n,6,1,7
123,2.1,recover-v,5,1,3
124,2.1,recover-v,6,1,4
125,2.1,need-n,3,1,2
126,2.1,need-n,4,1,3
127,2.1,failing-n,1,1,1
128,2.1,failing-n,2,1,2
129,2.1,conveyor-n,1,1,1
130,2.1,conveyor-n,2,1,2
131,2.1,number-n,1,1,1
132,2.1,number-n,10,1,4
133,2.1,number-n,3,1,5
134,2.1,number-n,9,1,7
135,2.1,number-n,11,1,8
136,2.1,number-n,8,1,9
137,2.1,station-n,1,1,1
138,2.1,station-n,2,1,2
139,2.1,dominion-n,1,1,1
140,2.1,dominion-n,2,1,2
141,2.1,deposit-n,4,1,1
142,2.1,deposit-n,5,1,2
143,2.1,deposit-n,1,1,4
144,2.1,deposit-n,3,1,5
145,2.1,deposit-n,2,1,6
146,2.1,deposit-n,8,1,7
147,2.1,deposit-n,9,1,8
148,2.1,await-v,1,1,1
149,2.1,arch-n,4,1,1
150,2.1,arch-n,1,1,2
151,2.1,arch-n,2,1,3
152,2.1,arch-n,3,1,4
153,2.1,lead-v,1,1,5
154,2.1,lead-v,11,1,6
155,2.1,lead-v,14,1,7
156,2.1,blank-n,1,1,1
157,2.1,blank-n,2,1,2
158,2.1,blank-n,3,1,3
159,2.1,blank-n,4,1,4
160,2.1,blank-n,5,1,5
161,2.1,average-v,1,1,1
162,2.1,average-v,2,1,2
163,2.1,average-v,3,1,3
164,2.1,stretch-v,1,1,1
165,2.1,stretch-v,6,1,3
166,2.1,tell-v,7,1,3
167,2.1,tell-v,,1,4
168,2.1,type-n,2,1,2
169,2.1,type-n,3,1,3
170,2.1,type-n,4,1,4
171,2.1,type-n,5,1,5
172,2.1,penalty-n,2,1,2
173,2.1,penalty-n,4,1,3
174,2.1,travel-v,,1,2
175,2.1,stabilize-v,3,1,2
176,2.1,steal-v,1,1,1
177,2.1,steal-v,2,1,2
178,2.1,steal-v,,1,3
179,2.1,steal-v,3,1,4
180,2.1,save-v,,1,4
181,2.1,draw-v,12,1,4
182,2.1,draw-v,4,1,7
183,2.1,draw-v,30,1,8
184,2.1,draw-v,22,1,10
185,2.1,draw-v,,1,11
186,2.1,approach-v,5,1,2
187,2.1,approach-v,3,1,3
188,2.1,reveal-v,2,1,2
189,2.1,worry-v,3,1,3
190,2.1,vehicle-n,1,1,1
191,2.1,vehicle-n,2,1,2
192,2.1,vehicle-n,3,1,3
193,2.1,vehicle-n,4,1,4
194,2.1,evaluate-v,2,1,1
195,2.1,evaluate-v,1,1,2
196,2.1,manufacture-v,1,1,1
197,2.1,manufacture-v,2,1,2
198,2.1,duct-n,3,1,1
199,2.1,rally-v,4,1,2
200,2.1,rally-v,5,1,3
201,2.1,stage-v,1,1,1
202,2.1,stage-v,2,1,2
203,2.1,stage-v,,1,3
204,2.1,use-v,2,1,2
205,2.1,use-v,4,1,3
206,2.1,use-v,6,1,4
207,2.1,pick-n,2,1,2
208,2.1,pick-n,9,1,3
209,2.1,pick-n,4,1,4
210,2.1,pick-n,5,1,5
211,2.1,pick-n,6,1,6
212,2.1,pick-n,7,1,7
213,2.1,pick-n,8,1,8
214,2.1,advance-v,9,1,4
215,2.1,advance-v,10,1,5
216,2.1,advance-v,,1,6
217,2.1,policy-n,3,1,2
218,2.1,calculate-v,5,1,3
219,2.1,calculate-v,6,1,4
220,2.1,profit-n,2,1,2
221,2.1,succeed-v,1,1,1
222,2.1,succeed-v,2,1,2
223,2.1,rest-n,1,1,1
224,2.1,rest-n,2,1,2
225,2.1,rest-n,,1,3
226,2.1,rest-n,4,1,4
227,2.1,rest-n,5,1,5
228,2.1,rest-n,6,1,6
229,2.1,rest-n,7,1,7
230,2.1,grant-v,3,1,2
231,2.1,grant-v,6,1,3
232,2.1,price-n,3,1,2
233,2.1,wing-n,2,1,2
234,2.1,wing-n,3,1,3
235,2.1,wing-n,9,1,4
236,2.1,wing-n,5,1,5
237,2.1,wing-n,4,1,7
238,2.1,wing-n,6,1,9
239,2.1,wing-n,8,1,10
240,2.1,define-v,2,1,2
241,2.1,define-v,4,1,3
242,2.1,lower-v,,1,3
243,2.1,prevail-v,4,1,1
244,2.1,prevail-v,5,1,3
245,2.1,let-v,6,1,3
246,2.1,base-v,1,1,1
247,2.1,base-v,2,1,2
248,2.1,base-v,3,1,3
249,2.1,believe-v,4,1,2
250,2.1,target-n,5,1,3
251,2.1,borrow-v,1,1,1
252,2.1,borrow-v,2,1,2
253,2.1,disaster-n,1,1,2
254,2.1,stem-v,1,1,1
255,2.1,stem-v,2,1,2
256,2.1,stem-v,,1,3
257,2.1,stem-v,4,1,4
258,2.1,stem-v,3,1,5
259,2.1,shrinkage-n,3,1,2
260,2.1,accompany-v,1,1,2
261,2.1,accompany-v,3,1,3
262,2.1,discourage-v,2,1,1
263,2.1,bounce-n,1,1,1
264,2.1,attempt-n,1,1,1
265,2.1,attempt-n,2,1,2
266,2.1,deterioration-n,1,1,1
267,2.1,deterioration-n,2,1,2
268,2.1,form-v,2,1,3
269,2.1,form-v,3,1,4
270,2.1,form-v,6,1,5
271,2.1,retain-v,1,1,1
272,2.1,retain-v,2,1,3
273,2.1,become-v,3,1,2
274,2.1,become-v,4,1,3
275,2.1,rule-v,,1,3
276,2.1,react-v,1,1,1
277,2.1,react-v,3,1,2
278,2.1,react-v,2,1,3
279,2.1,achieve-v,1,1,1
280,2.1,gather-v,3,1,3
281,2.1,gather-v,4,1,4
282,2.1,interview-v,3,1,2
283,2.1,fishbowl-n,1,1,1
284,2.1,fishbowl-n,2,1,2
285,2.1,compile-v,3,1,2
286,2.1,traffic-n,1,1,1
287,2.1,traffic-n,3,1,2
288,2.1,traffic-n,2,1,3
289,2.1,traffic-n,4,1,4
290,2.1,guideline-n,1,1,1
291,2.1,inconvenience-n,3,1,2
292,2.1,predator-n,2,1,1
293,2.1,predator-n,1,1,2
294,2.1,undertaking-n,1,1,1
295,2.1,undertaking-n,2,1,2
296,2.1,last-v,1,1,1
297,2.1,last-v,2,1,2
298,2.1,reduce-v,13,1,5
299,2.1,reduce-v,14,1,6
300,2.1,volatility-n,2,1,1
301,2.1,volatility-n,1,1,2
302,2.1,volatility-n,3,1,3
303,2.1,express-v,5,1,2
304,2.1,express-v,6,1,3
305,2.1,fighter-n,,1,1
306,2.1,fighter-n,2,1,2
307,2.1,fighter-n,3,1,3
308,2.1,film-n,1,1,1
309,2.1,film-n,3,1,3
310,2.1,film-n,4,1,4
311,2.1,trader-n,1,1,1
312,2.1,contest-n,1,1,1
313,2.1,contest-n,2,1,2
314,2.1,crime-n,1,1,1
315,2.1,crime-n,,1,3
316,2.1,authorize-v,1,1,1
317,2.1,authorize-v,2,1,2
318,2.1,framework-n,1,1,1
319,2.1,protect-v,1,1,1
320,2.1,protect-v,2,1,2
321,2.1,output-n,3,1,4
322,2.1,amusement-n,1,1,1
323,2.1,amusement-n,2,1,2
324,2.1,invest-v,1,1,1
325,2.1,invest-v,3,1,3
326,2.1,invest-v,5,1,4
327,2.1,parcel-n,2,1,2
328,2.1,parcel-n,3,1,3
329,2.1,car-n,1,1,2
330,2.1,car-n,2,1,3
331,2.1,profession-n,1,1,1
332,2.1,profession-n,2,1,2
333,2.1,perspective-n,1,1,1
334,2.1,perspective-n,2,1,2
335,2.1,count-v,2,1,2
336,2.1,limit-n,,1,3
337,2.1,boost-v,5,1,2
338,2.1,boost-v,,1,3
339,2.1,share-v,1,1,1
340,2.1,visit-v,5,1,2
341,2.1,visit-v,6,1,3
342,2.1,build-v,4,1,4
343,2.1,cause-n,2,1,2
344,2.1,cause-n,3,1,3
345,2.1,cause-n,5,1,4
346,2.1,club-n,2,1,1
347,2.1,club-n,1,1,2
348,2.1,club-n,3,1,3
349,2.1,club-n,5,1,4
350,2.1,club-n,6,1,5
351,2.1,club-n,7,1,6 
352,2.1,teacher-n,1,1,1
353,2.1,teacher-n,2,1,2
354,2.1,rocket-n,2,1,2
355,2.1,rocket-n,3,1,3
356,2.1,specialist-n,2,1,1
357,2.1,specialist-n,1,1,2
358,2.1,bomber-n,1,1,1
359,2.1,bomber-n,2,1,2
360,2.1,bomber-n,3,1,3
361,2.1,display-v,,1,2
362,2.1,appear-v,6,1,3
363,2.1,appear-v,7,1,4
364,2.1,mature-v,2,1,2
365,2.1,mature-v,,1,3
366,2.1,accent-n,2,1,2
367,2.1,accent-n,4,1,3
368,2.1,accent-n,5,1,4
369,2.1,launch-v,2,1,1
370,2.1,launch-v,4,1,3
371,2.1,launch-v,,1,4
372,2.1,launch-v,6,1,5
373,2.1,compare-v,1,1,1
374,2.1,compare-v,4,1,3
375,2.1,weapon-n,1,1,1
376,2.1,weapon-n,2,1,2
377,2.1,suspend-v,3,1,2
378,2.1,deal-v,8,1,2
379,2.1,expanse-n,1,1,1
380,2.1,expanse-n,2,1,2
381,2.1,expanse-n,3,1,3
382,2.1,junk-n,1,1,1
383,2.1,junk-n,2,1,3
384,2.1,levy-n,1,1,1
385,2.1,levy-n,2,1,3
386,2.1,sustain-v,2,1,2
387,2.1,strengthen-v,2,1,2
388,2.1,holding-n,2,1,1
389,2.1,holding-n,1,1,2
390,2.1,merge-v,2,1,2
391,2.1,damage-v,1,1,1
392,2.1,change-v,7,1,3
393,2.1,change-v,8,1,4
394,2.1,preserve-v,5,1,2
395,2.1,drug-n,1,1,1
396,2.1,drug-n,-,1,2
397,2.1,board-n,1,1,4
398,2.1,board-n,4,1,5
399,2.1,board-n,5,1,6
400,2.1,deficit-n,2,1,2
401,2.1,contention-n,1,1,1
402,2.1,contention-n,2,1,2
403,2.1,contention-n,3,1,3
404,2.1,fire-v,4,1,2
405,2.1,fire-v,9,1,4
406,2.1,fire-v,8,1,5
407,2.1,fire-v,3,1,6
408,2.1,cloak-n,1,1,1
409,2.1,cloak-n,2,1,2
410,2.1,govern-v,,1,3
411,2.1,barrel-n,1,1,1
412,2.1,barrel-n,2,1,2
413,2.1,barrel-n,3,1,3
414,2.1,underwriter-n,1,1,1
415,2.1,rush-v,5,1,3
416,2.1,rush-v,,1,4
417,2.1,collection-n,4,1,2
418,2.1,collection-n,3,1,3
419,2.1,collection-n,2,1,4
420,2.1,replace-v,4,1,2
421,2.1,expect-v,2,1,2
422,2.1,answer-v,5,1,3
423,2.1,answer-v,6,1,5
424,2.1,answer-v,,1,6
425,2.1,dawn-n,3,1,2
426,2.1,figure-v,1,1,1
427,2.1,figure-v,4,1,2
428,2.1,figure-v,2,1,3
429,2.1,figure-v,3,1,4
430,2.1,figure-v,5,1,5
431,2.1,figure-v,,1,6
432,2.1,ease-v,,1,2
433,2.1,hurt-v,4,1,2
434,2.1,hurt-v,,1,4
435,2.1,cancel-v,1,1,1
436,2.1,cancel-v,2,1,3
437,2.1,tank-n,1,1,1
438,2.1,tank-n,3,1,3
439,2.1,tank-n,5,1,4
440,2.1,industry-n,,1,2
441,2.1,eliminate-v,4,1,2
442,2.1,eliminate-v,5,1,3
443,2.1,eliminate-v,6,1,4
444,2.1,eliminate-v,7,1,5
445,2.1,gain-v,9,1,4
446,2.1,gain-v,4,1,5
447,2.1,drag-n,1,1,1
448,2.1,drag-n,2,1,2
449,2.1,drag-n,3,1,3
450,2.1,drag-n,4,1,4
451,2.1,drag-n,5,1,5
452,2.1,drag-n,6,1,6
453,2.1,adopt-v,4,1,2
454,2.1,adopt-v,5,1,3
455,2.1,adopt-v,6,1,4
456,2.1,analyze-v,4,1,2
457,2.1,pillar-n,1,1,2
458,2.1,pillar-n,3,1,3
459,2.1,pillar-n,2,1,4
460,2.1,dilute-v,1,1,1
461,2.1,dilute-v,,1,2
462,2.1,import-v,1,1,1
463,2.1,import-v,2,1,2
464,2.1,respond-v,2,1,2
465,2.1,unrest-n,1,1,1
466,2.1,unrest-n,2,1,2
467,2.1,understand-v,3,1,2
468,2.1,understand-v,4,1,3
469,2.1,advise-v,2,1,2
470,2.1,appeal-v,2,1,2
471,2.1,appeal-v,3,1,3
472,2.1,appeal-v,4,1,4
473,2.1,bloc-n,1,1,1
474,2.1,cool-v,3,1,2
475,2.1,cool-v,,1,3
476,2.1,fail-v,1,1,3
477,2.1,realize-v,3,1,2
478,2.1,bolster-v,1,1,1
479,2.1,doubt-v,1,1,1
480,2.1,doubt-v,2,1,2
481,2.1,race-n,6,1,4
482,2.1,race-n,4,1,5
483,2.1,fee-n,1,1,1
484,2.1,fee-n,2,1,2
485,2.1,found-v,3,1,2
486,2.1,care-n,2,1,2
487,2.1,care-n,3,1,3
488,2.1,care-n,4,1,4
489,2.1,emphasis-n,1,1,1
490,2.1,emphasis-n,4,1,2
491,2.1,double-v,1,1,1
492,2.1,double-v,3,1,3
493,2.1,double-v,4,1,4
494,2.1,suspect-v,3,1,2
495,2.1,stop-v,4,1,3
496,2.1,stop-v,9,1,4
497,2.1,stop-v,10,1,5
498,2.1,branch-n,2,1,2
499,2.1,nucleus-n,1,1,1
500,2.1,nucleus-n,2,1,2
501,2.1,nucleus-n,3,1,3
502,2.1,nucleus-n,4,1,4
503,2.1,nucleus-n,5,1,5
504,2.1,ability-n,1,1,1
505,2.1,ability-n,2,1,2
506,2.1,maturity-n,1,1,1
507,2.1,maturity-n,2,1,2
508,2.1,maturity-n,3,1,3
509,2.1,bus-n,1,1,1
510,2.1,bus-n,4,1,3
511,2.1,trauma-n,1,1,1
512,2.1,trauma-n,2,1,2
513,2.1,execute-v,7,1,3
514,2.1,market-v,2,1,2
515,2.1,event-n,1,1,1
516,2.1,event-n,2,1,2
517,2.1,consist-v,4,1,2
518,2.1,consist-v,,1,3
519,2.1,remark-n,,1,1
520,2.1,remark-n,2,1,2
521,2.1,edge-n,2,1,3
522,2.1,edge-n,4,1,4
523,2.1,edge-n,5,1,5
524,2.1,belong-v,1,1,1
525,2.1,hear-v,1,1,2
526,2.1,hear-v,3,1,3
527,2.1,strip-v,11,1,2
528,2.1,strip-v,9,1,5
529,2.1,strip-v,12,1,6
530,2.1,barrier-n,1,1,1
531,2.1,barrier-n,2,1,2
532,2.1,barrier-n,3,1,3
533,2.1,recall-v,4,1,3
534,2.1,recall-v,5,1,4
535,2.1,speed-v,3,1,3
536,2.1,negotiate-v,1,1,1
537,2.1,negotiate-v,2,1,2
538,2.1,negotiate-v,,1,3
539,2.1,judgment-n,2,1,2
540,2.1,judgment-n,3,1,3
541,2.1,judgment-n,5,1,4
542,2.1,earn-v,1,1,1
543,2.1,ranger-n,1,1,1
544,2.1,ranger-n,2,1,2
545,2.1,ranger-n,3,1,3
546,2.1,responsibility-n,3,1,2
547,2.1,cell-n,2,1,1
548,2.1,cell-n,4,1,2
549,2.1,cell-n,3,1,4
550,2.1,cell-n,5,1,6
551,2.1,account-v,1,1,2
552,2.1,signal-v,1,1,1
553,2.1,signal-v,2,1,2
554,2.1,promote-v,2,1,2
555,2.1,focus-v,1,1,2
556,2.1,safeguard-v,1,1,1
557,2.1,safeguard-v,2,1,2
558,2.1,rebound-v,1,1,1
559,2.1,rebound-v,2,1,2
560,2.1,fare-v,1,1,1
561,2.1,fare-v,2,1,2
562,2.1,fuel-v,4,1,2
563,2.1,regain-v,,1,2
564,2.1,expectation-n,4,1,2
565,2.1,miss-v,7,1,1
566,2.1,miss-v,2,1,4
567,2.1,miss-v,,1,5
568,2.1,offer-n,3,1,2
569,2.1,claim-v,,1,3
570,2.1,claim-v,5,1,4
571,2.1,wear-v,6,1,3
572,2.1,collect-v,2,1,2
573,2.1,collect-v,5,1,3
574,2.1,collect-v,,1,4
575,2.1,erosion-n,3,1,2
576,2.1,erosion-n,2,1,3
577,2.1,location-n,2,1,2
578,2.1,location-n,3,1,3
579,2.1,raise-v,9,1,8
580,2.1,raise-v,26,1,9
581,2.1,illustrate-v,1,1,2
582,2.1,lose-v,3,1,4
583,2.1,lose-v,9,1,5
584,2.1,exist-v,1,1,1
585,2.1,exist-v,2,1,2
586,2.1,fortune-n,1,1,1
587,2.1,fortune-n,2,1,2
588,2.1,generate-v,,1,2
589,2.1,forfeiture-n,1,1,1
590,2.1,forfeiture-n,2,1,2
591,2.1,forfeiture-n,3,1,3
592,2.1,demonstrate-v,1,1,2
593,2.1,demonstrate-v,4,1,3
594,2.1,total-v,3,1,2
595,2.1,trailer-n,3,1,1
596,2.1,trailer-n,4,1,2
597,2.1,trailer-n,2,1,3
598,2.1,trailer-n,1,1,4
599,2.1,lack-v,1,1,1
600,2.1,speculate-v,3,1,2
601,2.1,speculate-v,4,1,3
602,2.1,watch-v,5,1,2
603,2.1,watch-v,2,1,3
604,2.1,watch-v,,1,4
605,2.1,anticipate-v,5,1,2
606,2.1,anticipate-v,6,1,3
607,2.1,tumble-v,6,1,3
608,2.1,tumble-v,7,1,4
609,2.1,tumble-v,11,1,5
610,2.1,fit-v,8,1,3
611,2.1,defiance-n,1,1,1
612,2.1,terminate-v,4,1,2
613,2.1,oversee-v,1,1,1
614,2.1,sweep-n,1,1,1
615,2.1,sweep-n,6,1,2
616,2.1,sweep-n,3,1,5
617,2.1,sweep-n,2,1,6
618,2.1,sweep-n,4,1,7
619,2.1,sweep-n,5,1,9
620,2.1,situation-n,5,1,2
621,2.1,situation-n,4,1,3
622,2.1,rod-n,2,1,1
623,2.1,rod-n,3,1,3
624,2.1,rod-n,5,1,4
625,2.1,rod-n,6,1,5
626,2.1,engage-v,5,1,3
627,2.1,lobby-v,1,1,1
628,2.1,depress-v,1,1,1
629,2.1,depress-v,4,1,3
630,2.1,complain-v,1,1,1
631,2.1,complain-v,2,1,2
632,2.1,decade-n,1,1,1
633,2.1,decade-n,2,1,2
634,2.1,artillery-n,1,1,1
635,2.1,artillery-n,2,1,2
636,2.1,artillery-n,3,1,3
637,2.1,arrest-v,,1,3
638,2.1,find-v,4,1,2
639,2.1,find-v,5,1,3
640,2.1,find-v,10,1,4
641,2.1,find-v,11,1,5
642,2.1,find-v,,1,6
643,2.1,amend-v,,1,2
644,2.1,tender-n,3,1,1
645,2.1,tender-n,1,1,2
646,2.1,tender-n,5,1,3
647,2.1,tender-n,6,1,4
648,2.1,tender-n,2,1,5
649,2.1,tender-n,4,1,6
650,2.1,justify-v,2,1,2
651,2.1,justify-v,4,1,3
652,2.1,justify-v,5,1,4
653,2.1,shrink-v,,1,3
654,2.1,contain-v,4,1,3
655,2.1,restriction-n,1,1,1
656,2.1,restriction-n,,1,2
657,2.1,restriction-n,3,1,3
658,2.1,plead-v,1,1,1
659,2.1,plead-v,,1,2
660,2.1,residue-n,1,1,1
661,2.1,residue-n,2,1,2
662,2.1,consequence-n,3,1,2
663,2.1,concentrate-v,2,1,1
664,2.1,truck-n,1,1,1
665,2.1,truck-n,2,1,2
666,2.1,appoint-v,,1,2
667,2.1,remain-v,3,1,2
668,2.1,exchange-v,3,1,3
669,2.1,sign-v,1,1,3
670,2.1,sign-v,6,1,4
671,2.1,sign-v,8,1,5
672,2.1,sign-v,,1,99
673,2.1,courier-n,1,1,1
674,2.1,create-v,3,1,2
675,2.1,create-v,4,1,3
676,2.1,attract-v,2,1,2
677,2.1,seat-n,5,1,3
678,2.1,seat-n,2,1,4
679,2.1,seat-n,6,1,5
680,2.1,bridge-n,1,1,1
681,2.1,bridge-n,3,1,2
682,2.1,bridge-n,4,1,3
683,2.1,bridge-n,5,1,4
684,2.1,bridge-n,6,1,5
685,2.1,bridge-n,7,1,6
686,2.1,bridge-n,8,1,7
687,2.1,bridge-n,9,1,8
688,2.1,bridge-n,2,1,9
689,2.1,affect-v,5,1,2
690,2.1,affect-v,4,1,3
691,2.1,attribute-v,1,1,1
692,2.1,attribute-v,,1,2
693,2.1,encourage-v,1,1,1
694,2.1,mark-n,1,1,1
695,2.1,mark-n,10,1,4
696,2.1,mark-n,7,1,5
697,2.1,mark-n,13,1,6
698,2.1,mark-n,12,1,7
699,2.1,mark-n,8,1,8
700,2.1,cost-v,,1,2
701,2.1,float-v,4,1,2
702,2.1,float-v,5,1,3
703,2.1,float-v,8,1,4
704,2.1,float-v,7,1,5
705,2.1,float-v,9,1,6
706,2.1,acquire-v,1,1,3
707,2.1,acquire-v,4,1,4
708,2.1,handle-v,4,1,1
709,2.1,handle-v,5,1,3
710,2.1,handle-v,6,1,4
711,2.1,transfer-v,6,1,3
712,2.1,describe-v,,1,2
713,2.1,describe-v,4,1,3
714,2.1,own-v,1,1,1
715,2.1,own-v,2,1,2
716,2.1,resolve-v,5,1,4
717,2.1,resolve-v,7,1,5
718,2.1,repay-v,3,1,2
719,2.1,provide-v,3,1,3
720,2.1,space-n,1,1,1
721,2.1,space-n,5,1,6
722,2.1,space-n,4,1,7
723,2.1,space-n,8,1,8
724,2.1,protocol-n,1,1,1
725,2.1,explore-v,2,1,2
726,2.1,fight-v,3,1,2
727,2.1,fight-v,4,1,3
728,2.1,motive-n,1,1,1
729,2.1,motive-n,2,1,2
730,2.1,manager-n,1,1,1
731,2.1,manager-n,2,1,2
732,2.1,power-n,2,1,3
733,2.1,ramp-n,1,1,1
734,2.1,ramp-n,3,1,2
735,2.1,ramp-n,2,1,3
736,2.1,expire-v,1,1,1
737,2.1,expire-v,2,1,2
738,2.1,draft-v,2,1,2
739,2.1,spark-v,2,1,2
740,2.1,lag-v,1,1,1
741,2.1,lag-v,4,1,2
742,2.1,lag-v,3,1,3
743,2.1,lag-v,2,1,4
744,2.1,fare-n,2,1,1
745,2.1,fare-n,3,1,2
746,2.1,trade-v,5,1,2
747,2.1,hall-n,1,1,1
748,2.1,hall-n,2,1,2
749,2.1,hall-n,13,1,4
750,2.1,hall-n,11,1,5
751,2.1,disguise-n,2,1,1
752,2.1,disguise-n,1,1,2
753,2.1,disguise-n,3,1,3
754,2.1,forecast-v,3,1,2
755,2.1,print-v,2,1,2
756,2.1,print-v,3,1,3
757,2.1,print-v,,1,4
758,2.1,consult-v,3,1,2
759,2.1,consult-v,4,1,3
760,2.1,comprehension-n,1,1,1
761,2.1,comprehension-n,2,1,2
762,2.1,facade-n,1,1,1
763,2.1,facade-n,2,1,2
764,2.1,venture-n,1,1,1
765,2.1,venture-n,2,1,2
766,2.1,venture-n,3,1,3
767,2.1,habit-n,1,1,1
768,2.1,habit-n,2,1,2
769,2.1,habit-n,3,1,3
770,2.1,habit-n,4,1,4
771,2.1,conclude-v,1,1,3
772,2.1,concern-v,1,1,1
773,2.1,concern-v,2,1,2
774,2.1,impediment-n,1,1,1
775,2.1,impediment-n,2,1,2
776,2.1,batch-n,2,1,2
777,2.1,treat-n,1,1,1
778,2.1,treat-n,2,1,2
779,2.1,stance-n,1,1,1
780,2.1,stance-n,2,1,2
781,2.1,approve-v,1,1,1
782,2.1,approve-v,2,1,2
783,2.1,analyst-n,,1,2
784,2.1,transport-v,3,1,2
785,2.1,surge-v,2,1,2
786,2.1,surge-v,4,1,3
787,2.1,outlay-n,2,1,1
788,2.1,outlay-n,1,1,2
789,2.1,accept-v,1,1,3
790,2.1,accept-v,5,1,4
791,2.1,accept-v,8,1,5
792,2.1,hostility-n,4,1,2
793,2.1,assure-v,1,1,2
794,2.1,assure-v,4,1,3
795,2.1,do-v,4,1,2
796,2.1,do-v,7,1,3
797,2.1,do-v,10,1,4
798,2.1,do-v,11,1,5
799,2.1,do-v,13,1,6
800,2.1,tangle-n,1,1,1
801,2.1,tangle-n,2,1,2
802,2.1,remember-v,7,1,2
803,2.1,remember-v,8,1,3
804,2.1,remember-v,6,1,5
805,2.1,remember-v,,1,6
806,2.1,amount-v,2,1,1
807,2.1,lend-v,1,1,1
808,2.1,lend-v,2,1,2
809,2.1,lend-v,3,1,3
810,2.1,lend-v,,1,4
811,2.1,interpret-v,5,1,3
812,2.1,date-v,3,1,3
813,2.1,director-n,4,1,2
814,2.1,blame-v,2,1,2
815,2.1,cover-v,17,1,5
816,2.1,view-v,3,1,2
817,2.1,lobby-n,1,1,1
818,2.1,declare-v,,1,2
819,2.1,repair-v,3,1,2
820,2.1,student-n,1,1,1
821,2.1,student-n,2,1,2
822,2.1,page-n,1,1,1
823,2.1,page-n,2,1,2
824,2.1,page-n,4,1,3
825,2.1,page-n,5,1,4
826,2.1,floor-n,2,1,2
827,2.1,floor-n,3,1,3
828,2.1,floor-n,6,1,4
829,2.1,floor-n,7,1,5
830,2.1,floor-n,8,1,6
831,2.1,floor-n,9,1,7
832,2.1,yield-v,6,1,3
833,2.1,marketing-n,3,1,3
834,2.1,marketing-n,-,1,4
835,2.1,fix-v,1,1,1
836,2.1,fix-v,5,1,5
837,2.1,fix-v,9,1,6
838,2.1,underlie-v,,1,2
839,2.1,move-v,4,1,4
840,2.1,move-v,12,1,5
841,2.1,move-v,14,1,6
842,2.1,move-v,,1,7
843,2.1,train-v,6,1,3
844,2.1,train-v,10,1,4
845,2.1,train-v,11,1,5
846,2.1,love-v,,1,2
847,2.1,love-v,4,1,3
848,2.1,authority-n,1,1,1
849,2.1,authority-n,4,1,2
850,2.1,authority-n,2,1,3
851,2.1,authority-n,5,1,5
852,2.1,authority-n,6,1,6
853,2.1,society-n,1,1,1
854,2.1,society-n,2,1,2
855,2.1,society-n,3,1,3
856,2.1,society-n,4,1,4
857,2.1,stress-v,1,1,1
858,2.1,stress-v,3,1,2
859,2.1,stress-v,2,1,3
860,2.1,body-n,1,1,1
861,2.1,body-n,2,1,3
862,2.1,body-n,3,1,4
863,2.1,body-n,9,1,6
864,2.1,body-n,6,1,7
865,2.1,body-n,5,1,8
866,2.1,body-n,8,1,9
867,2.1,sign-n,10,1,4
868,2.1,sign-n,11,1,5
869,2.1,sign-n,7,1,6
870,2.1,sign-n,5,1,7
871,2.1,lot-n,1,1,1
872,2.1,lot-n,2,1,2
873,2.1,lot-n,3,1,3
874,2.1,lot-n,4,1,4
875,2.1,lot-n,5,1,5
876,2.1,lot-n,6,1,6
877,2.1,benefit-v,,1,2
878,2.1,envoy-n,1,1,1
879,2.1,envoy-n,2,1,2
880,2.1,envoy-n,3,1,3
881,2.1,embrace-v,2,1,2
882,2.1,vigor-n,2,1,1
883,2.1,warren-n,3,1,1
884,2.1,warren-n,4,1,2
885,2.1,warren-n,5,1,3
886,2.1,diminution-n,2,1,2
887,2.1,spread-v,4,1,1
888,2.1,spread-v,9,1,3
889,2.1,play-v,22,1,8
890,2.1,play-v,28,1,10
891,2.1,play-v,35,1,11
892,2.1,play-v,,1,12
893,2.1,scale-n,1,1,1
894,2.1,scale-n,7,1,6
895,2.1,resume-v,1,1,1
896,2.1,resume-v,4,1,3
897,2.1,announce-v,3,1,2
898,2.1,announce-v,4,1,3
899,2.1,contact-n,5,1,2
900,2.1,contact-n,9,1,5
901,2.1,contact-n,7,1,6
902,2.1,navigator-n,3,1,2
903,2.1,generation-n,4,1,2
904,2.1,generation-n,3,1,3
905,2.1,orient-v,2,1,2
906,2.1,survey-v,4,1,2
907,2.1,survey-v,5,1,3
908,2.1,survey-v,6,1,4
909,2.1,fend-v,1,1,1
910,2.1,face-v,2,1,4
911,2.1,heat-n,3,1,2
912,2.1,heat-n,4,1,3
913,2.1,heat-n,5,1,4
914,2.1,heat-n,6,1,5
915,2.1,heat-n,7,1,6
916,2.1,tube-n,1,1,1
917,2.1,tube-n,2,1,2
918,2.1,tube-n,3,1,3
919,2.1,tube-n,4,1,4
920,2.1,tube-n,5,1,5
921,2.1,reflect-v,1,1,1
922,2.1,reflect-v,3,1,3
923,2.1,pursue-v,2,1,2
924,2.1,defend-v,,1,3
925,2.1,fight-n,1,1,1
926,2.1,fight-n,4,1,2
927,2.1,fight-n,2,1,3
928,2.1,fight-n,3,1,4
929,2.1,fight-n,5,1,5
930,2.1,feel-v,2,1,3
931,2.1,enable-v,1,1,1
932,2.1,climb-v,2,1,3
933,2.1,please-v,2,1,2
934,2.1,star-n,2,1,2
935,2.1,star-n,4,1,3
936,2.1,star-n,7,1,5
937,2.1,star-n,8,1,6
938,2.1,comply-v,1,1,1
939,2.1,collapse-n,2,1,1
940,2.1,collapse-n,4,1,2
941,2.1,collapse-n,1,1,3
942,2.1,bet-v,2,1,1
943,2.1,obtain-v,3,1,2
944,2.1,thickness-n,1,1,1
945,2.1,thickness-n,2,1,2
946,2.1,thickness-n,3,1,3
947,2.1,thickness-n,4,1,4
948,2.1,investigation-n,1,1,1
949,2.1,investigation-n,2,1,2
950,2.1,earnings-n,1,1,1
951,2.1,earnings-n,2,1,2
952,2.1,review-v,2,1,2
953,2.1,review-v,5,1,3
954,2.1,guarantee-v,2,1,2
955,2.1,rely-v,1,1,1
956,2.1,trend-n,1,1,2
957,2.1,trend-n,2,1,3
958,2.1,capture-v,1,1,1
959,2.1,capture-v,2,1,2
960,2.1,capture-v,,1,4
961,2.1,capture-v,4,1,5
962,2.1,shop-n,1,1,1
963,2.1,shop-n,2,1,2
964,2.1,shop-n,3,1,3
965,2.1,erode-v,2,1,1
966,2.1,erode-v,1,1,2
967,2.1,food-n,1,1,1
968,2.1,food-n,2,1,2
969,2.1,food-n,3,1,3
970,2.1,tap-v,,1,4
971,2.1,tap-v,1,1,5
972,2.1,good-n,1,1,1
973,2.1,good-n,2,1,2
974,2.1,good-n,4,1,3
975,2.1,rim-n,3,1,2
976,2.1,rim-n,4,1,3
977,2.1,violate-v,5,1,3
978,2.1,continue-v,2,1,4
979,2.1,continue-v,4,1,5
980,2.1,viewpoint-n,1,1,1
981,2.1,viewpoint-n,2,1,2
982,2.1,device-n,1,1,1
983,2.1,device-n,2,1,2
984,2.1,device-n,3,1,3
985,2.1,hallway-n,1,1,1
986,2.1,forget-v,,1,2
987,2.1,forget-v,1,1,3
988,2.1,say-v,3,1,3
989,2.1,say-v,4,1,4
990,2.1,say-v,8,1,5
991,2.1,decide-v,2,1,2
992,2.1,decide-v,4,1,3
993,2.1,allege-v,1,1,1
994,2.1,restore-v,3,1,2
995,2.1,observe-v,1,1,3
996,2.1,observe-v,2,1,4
997,2.1,recommend-v,3,1,2
998,2.1,recommend-v,,1,3
999,2.1,headquarters-n,,1,1
1000,2.1,headquarters-n,2,1,2
1001,2.1,attack-v,2,1,2
1002,2.1,attack-v,5,1,3
1003,2.1,spin-v,8,1,4
1004,2.1,spin-v,,1,7
1005,2.1,endeavor-n,1,1,1
1006,2.1,endeavor-n,2,1,2
1007,2.1,accordance-n,1,1,1
1008,2.1,accordance-n,2,1,2
1009,2.1,shake-v,9,1,3
1010,2.1,shake-v,7,1,4
1011,2.1,shake-v,,1,5
1012,2.1,net-n,1,1,1
1013,2.1,net-n,2,1,2
1014,2.1,net-n,3,1,3
1015,2.1,net-n,6,1,5
1016,2.1,emergency-n,1,1,1
1017,2.1,emergency-n,2,1,2
1018,2.1,emergency-n,3,1,3
1019,2.1,brand-n,4,1,3
1020,2.1,brand-n,6,1,5
1021,2.1,install-v,1,1,1
1022,2.1,assert-v,3,1,2
1023,2.1,discover-v,6,1,2
1024,2.1,conduct-v,1,1,2
1025,2.1,conduct-v,3,1,3
1026,2.1,conduct-v,4,1,4
1027,2.1,conduct-v,5,1,5
1028,2.1,tunnel-n,1,1,1
1029,2.1,tunnel-n,2,1,2
1030,2.1,article-n,1,1,1
1031,2.1,article-n,2,1,2
1032,2.1,article-n,,1,3
1033,2.1,article-n,4,1,4
1034,2.1,turf-n,1,1,1
1035,2.1,process-v,3,1,2
1036,2.1,process-v,,1,4
1037,2.1,process-v,7,1,5
1038,2.1,care-v,3,1,3
1039,2.1,oust-v,1,1,1
1040,2.1,oust-v,2,1,2
1041,2.1,company-n,1,1,1
1042,2.1,recovery-n,2,1,1
1043,2.1,recovery-n,3,1,2
1044,2.1,recovery-n,1,1,3
1045,2.1,bill-n,1,1,3
1046,2.1,bill-n,2,1,4
1047,2.1,bill-n,3,1,5
1048,2.1,bill-n,7,1,6
1049,2.1,bill-n,9,1,7
1050,2.1,bill-n,10,1,8
1051,2.1,address-v,4,1,2
1052,2.1,address-v,5,1,3
1053,2.1,address-v,8,1,4
1054,2.1,address-v,6,1,5
1055,2.1,address-v,10,1,7
1056,2.1,criticize-v,1,1,1
1057,2.1,criticize-v,2,1,2
1058,2.1,grief-n,1,1,1
1059,2.1,grief-n,2,1,2
1060,2.1,expose-v,4,1,3
1061,2.1,history-n,3,1,2
1062,2.1,history-n,4,1,3
1063,2.1,player-n,1,1,1
1064,2.1,player-n,4,1,3
1065,2.1,player-n,,1,4
1066,2.1,slope-n,1,1,1
1067,2.1,slope-n,2,1,2
1068,2.1,transporter-n,1,1,1
1069,2.1,transporter-n,2,1,2
1070,2.1,transporter-n,3,1,3
1071,2.1,learn-v,5,1,3
1072,2.1,choose-v,3,1,2
1073,2.1,choose-v,,1,3
1074,2.1,return-v,11,1,4
1075,2.1,return-v,16,1,5
1076,2.1,edge-v,1,1,1
1077,2.1,shipper-n,1,1,1
1078,2.1,shipper-n,2,1,2
1079,2.1,welcome-v,1,1,1
1080,2.1,road-n,1,1,1
1081,2.1,road-n,2,1,2
1082,2.1,comment-v,1,1,1
1083,2.1,comment-v,2,1,2
1084,2.1,comment-v,3,1,3
1085,2.1,comment-v,,1,4
1086,2.1,diner-n,1,1,1
1087,2.1,diner-n,2,1,2
1088,2.1,diner-n,3,1,3
1089,2.1,thrift-n,2,1,2
1090,2.1,thrift-n,1,1,3
1091,2.1,remove-v,7,1,2
1092,2.1,degradation-n,1,1,1
1093,2.1,degradation-n,2,1,2
1094,2.1,admit-v,1,1,1
1095,2.1,focus-n,4,1,3
1096,2.1,focus-n,6,1,4
1097,2.1,focus-n,7,1,5
1098,2.1,integrate-v,2,1,2
1099,2.1,integrate-v,4,1,3
1100,2.1,average-n,-1,1,2
1101,2.1,threaten-v,2,1,1
1102,2.1,elect-v,1,1,1
1103,2.1,elect-v,2,1,2
1104,2.1,reservoir-n,1,1,1
1105,2.1,reservoir-n,2,1,2
1106,2.1,reservoir-n,3,1,3
1107,2.1,reservoir-n,4,1,4
1108,2.1,approach-n,1,1,3
1109,2.1,approach-n,8,1,5
1110,2.1,approach-n,6,1,6
1111,2.1,approach-n,9,1,7
1112,2.1,approach-n,4,1,8
1113,2.1,suffer-v,10,1,3
1114,2.1,meet-v,10,1,6
1115,2.1,rally-n,1,1,1
1116,2.1,rally-n,4,1,3
1117,2.1,rally-n,5,1,4
1118,2.1,seek-v,4,1,2
1119,2.1,maintain-v,3,1,4
1120,2.1,cake-n,1,1,1
1121,2.1,cake-n,2,1,2
1122,2.1,cake-n,3,1,3
1123,2.1,indicate-v,3,1,3
1124,2.1,indicate-v,5,1,4
1125,2.1,pick-v,8,1,7
1126,2.1,arrange-v,6,1,3
1127,2.1,dismiss-v,2,1,3
1128,2.1,routine-n,1,1,1
1129,2.1,routine-n,2,1,2
1130,2.1,routine-n,3,1,3
1131,2.1,ingest-v,1,1,1
1132,2.1,ingest-v,2,1,2
1133,2.1,want-n,1,1,1
1134,2.1,want-n,4,1,3
1135,2.1,split-v,5,1,2
1136,2.1,split-v,3,1,3
1137,2.1,split-v,,1,4
1138,2.1,stock-n,2,1,7
1139,2.1,stock-n,6,1,8
1140,2.1,stock-n,8,1,9
1141,2.1,stock-n,17,1,10
1142,2.1,postpone-v,1,1,1
1143,2.1,dump-v,2,1,3
1144,2.1,chance-n,1,1,1
1145,2.1,chance-n,2,1,2
1146,2.1,chance-n,,1,3
1147,2.1,consideration-n,2,1,2
1148,2.1,consideration-n,5,1,5
1149,2.1,discourse-n,1,1,1
1150,2.1,equal-v,,1,2
1151,2.1,pass-v,6,1,6
1152,2.1,pass-v,11,1,7
1153,2.1,pass-v,12,1,8
1154,2.1,pass-v,13,1,9
1155,2.1,pass-v,15,1,10
1156,2.1,pass-v,20,1,11
1157,2.1,pass-v,26,1,12
1158,2.1,pass-v,,1,99
1159,2.1,introduce-v,1,1,1
1160,2.1,attempt-v,1,1,1
1161,2.1,attempt-v,2,1,2
1162,2.1,invite-v,1,1,1
1163,2.1,invite-v,8,1,4
1164,2.1,hub-n,1,1,1
1165,2.1,hub-n,2,1,2
1166,2.1,hub-n,,1,4
1167,2.1,finish-v,4,1,3
1168,2.1,cache-n,1,1,1
1169,2.1,cache-n,2,1,2
1170,2.1,cache-n,3,1,3
1171,2.1,refer-v,1,1,1
1172,2.1,refer-v,4,1,3
1173,2.1,refer-v,5,1,4
1174,2.1,cite-v,1,1,1
1175,2.1,cite-v,2,1,3
1176,2.1,cite-v,7,1,4
1177,2.1,shift-v,12,1,3
1178,2.1,shift-v,11,1,4
1179,2.1,shift-v,10,1,5
1180,2.1,dirt-n,1,1,1
1181,2.1,dirt-n,2,1,2
1182,2.1,dirt-n,3,1,3
1183,2.1,dirt-n,4,1,4
1184,2.1,alter-v,3,1,2
1185,2.1,alter-v,5,1,3
1186,2.1,compete-v,1,1,1
1187,2.1,tend-v,1,1,1
1188,2.1,worker-n,2,1,2
1189,2.1,worker-n,3,1,3
1190,2.1,filing-n,2,1,1
1191,2.1,filing-n,1,1,2
1192,2.1,filing-n,3,1,3
1193,2.1,filing-n,4,1,4
1194,2.1,attention-n,2,1,2
1195,2.1,attention-n,3,1,3
1196,2.1,attention-n,4,1,4
1197,2.1,attention-n,6,1,5
1198,2.1,individual-n,,1,1
1199,2.1,individual-n,2,1,2
1200,2.1,mine-n,1,1,1
1201,2.1,mine-n,2,1,2
1202,2.1,operate-v,7,1,3
1203,2.1,blueprint-n,1,1,1
1204,2.1,survive-v,4,1,2
1205,2.1,link-v,1,1,1
1206,2.1,sue-v,1,1,1
1207,2.1,sue-v,,1,2
1208,2.1,divide-v,6,1,2
1209,2.1,divide-v,,1,3
1210,2.1,divide-v,3,1,4
1211,2.1,divide-v,2,1,5
1212,2.1,slice-n,1,1,1
1213,2.1,slice-n,2,1,2
1214,2.1,slice-n,3,1,3
1215,2.1,slice-n,4,1,4
1216,2.1,slice-n,5,1,5
1217,2.1,slice-n,6,1,6
1218,2.1,complete-v,2,1,3
1219,2.1,chapter-n,1,1,1
1220,2.1,chapter-n,3,1,3
1221,2.1,chapter-n,4,1,4
1222,2.1,block-v,,1,3
1223,2.1,block-v,14,1,4
1224,2.1,block-v,15,1,5
1225,2.1,block-v,8,1,6
1226,2.1,block-v,11,1,7
1227,2.1,block-v,5,1,8
1228,2.1,area-n,1,1,1
1229,2.1,area-n,2,1,2
1230,2.1,area-n,6,1,4
1231,2.1,area-n,3,1,5
1232,2.1,air-v,4,1,3
1233,2.1,involve-v,6,1,3
1234,2.1,involve-v,8,1,4
1235,2.1,wealth-n,1,1,1
1236,2.1,wealth-n,2,1,2
1237,2.1,challenge-v,1,1,1
1238,2.1,challenge-v,2,1,2
1239,2.1,challenge-v,,1,3
1240,2.1,challenge-v,3,1,4
1241,2.1,challenge-v,4,1,5
1242,2.1,people-n,1,1,1
1243,2.1,people-n,4,1,3
1244,2.1,sector-n,1,1,1
1245,2.1,sector-n,2,1,2
1246,2.1,sector-n,3,1,3
1247,2.1,sector-n,4,1,4
1248,2.1,sector-n,5,1,5
1249,2.1,sector-n,6,1,6
1250,2.1,surprise-v,1,1,1
1251,2.1,product-n,3,1,2
1252,2.1,product-n,4,1,3
1253,2.1,product-n,5,1,4
1254,2.1,product-n,6,1,5
1255,2.1,core-n,2,1,2
1256,2.1,core-n,5,1,4
1257,2.1,core-n,6,1,5
1258,2.1,core-n,9,1,6
1259,2.1,help-v,4,1,3
1260,2.1,share-n,1,1,2
1261,2.1,share-n,5,1,3
1262,2.1,victim-n,1,1,1
1263,2.1,victim-n,2,1,2
1264,2.1,store-n,1,1,1
1265,2.1,store-n,2,1,2
1266,2.1,store-n,3,1,3
1267,2.1,store-n,4,1,4
1268,2.1,argue-v,2,1,1
1269,2.1,argue-v,1,1,2
1270,2.1,argue-v,3,1,3
1271,2.1,tower-n,1,1,1
1272,2.1,tower-n,2,1,2
1273,2.1,tower-n,3,1,5
1274,2.1,camper-n,1,1,1
1275,2.1,camper-n,2,1,2
1276,2.1,register-v,7,1,4
1277,2.1,register-v,8,1,5
1278,2.1,extra-n,1,1,1
1279,2.1,extra-n,2,1,2
1280,2.1,extra-n,3,1,5
1281,2.1,experiment-n,1,1,1
1282,2.1,produce-v,7,1,3
1283,2.1,establish-v,5,1,3
1284,2.1,establish-v,6,1,4
1285,2.1,mix-v,6,1,2
1286,2.1,mix-v,2,1,3
1287,2.1,contribute-v,3,1,2
1288,2.1,commit-v,1,1,1
1289,2.1,reply-v,1,1,1
1290,2.1,carrier-n,1,1,2
1291,2.1,carrier-n,2,1,3
1292,2.1,carrier-n,3,1,4
1293,2.1,carrier-n,10,1,5
1294,2.1,carrier-n,5,1,6
1295,2.1,carrier-n,11,1,9
1296,2.1,carrier-n,9,1,10
1297,2.1,carrier-n,4,1,11
1298,2.1,carrier-n,6,1,13
1299,2.1,trim-v,3,1,2
1300,2.1,manufacturer-n,1,1,1
1301,2.1,manufacturer-n,2,1,2
1302,2.1,institution-n,1,1,1
1303,2.1,institution-n,3,1,3
1304,2.1,institution-n,4,1,4
1305,2.1,notice-v,,1,2
1306,2.1,donate-v,1,1,1
1307,2.1,donate-v,,1,2
1308,2.1,battle-n,1,1,1
1309,2.1,battle-n,2,1,2
1310,2.1,battle-n,3,1,3
1311,2.1,suggest-v,5,1,3
1312,2.1,camouflage-n,2,1,1
1313,2.1,camouflage-n,1,1,2
1314,2.1,wait-v,4,1,2
1315,2.1,seem-v,4,1,2
1316,2.1,mount-v,2,1,2
1317,2.1,mount-v,5,1,4
1318,2.1,mount-v,6,1,5
1319,2.1,mount-v,8,1,6
1320,2.1,attach-v,4,1,2
1321,2.1,attach-v,5,1,3
1322,2.1,escape-v,6,1,3
1323,2.1,escape-v,4,1,4
1324,2.1,escape-v,,1,5
1325,2.1,ensure-v,1,1,1
1326,2.1,ensure-v,2,1,2
1327,2.1,extent-n,2,1,1
1328,2.1,extent-n,1,1,2
1329,2.1,syndicate-n,1,1,1
1330,2.1,syndicate-n,2,1,2
1331,2.1,syndicate-n,3,1,3
1332,2.1,bench-n,5,1,2
1333,2.1,bench-n,2,1,4
1334,2.1,bench-n,3,1,6
1335,2.1,portfolio-n,1,1,1
1336,2.1,portfolio-n,2,1,2
1337,2.1,portfolio-n,3,1,3
1338,2.1,portfolio-n,4,1,4
1339,2.1,solve-v,2,1,1
1340,2.1,solve-v,1,1,2
1341,2.1,solve-v,3,1,3
1342,2.1,absorb-v,2,1,2
1343,2.1,absorb-v,3,1,5
1344,2.1,mask-n,1,1,1
1345,2.1,mask-n,2,1,2
1346,2.1,mask-n,3,1,3
1347,2.1,mask-n,4,1,4
1348,2.1,bond-n,2,1,3
1349,2.1,bond-n,3,1,4
1350,2.1,bond-n,4,1,5
1351,2.1,bond-n,7,1,6
1352,2.1,crash-n,1,1,2
1353,2.1,crash-n,5,1,4
1354,2.1,kitty-n,2,1,1
1355,2.1,kitty-n,1,1,2
1356,2.1,convict-v,1,1,1
1357,2.1,convict-v,,1,2
1358,2.1,struggle-v,4,1,1
1359,2.1,scramble-v,5,1,3
1360,2.1,apply-v,3,1,3
1361,2.1,apply-v,4,1,4
1362,2.1,apply-v,10,1,5
1363,2.1,lay-v,3,1,2
1364,2.1,lay-v,4,1,3
1365,2.1,lay-v,5,1,4
1366,2.1,lay-v,,1,5
1367,2.1,farmer-n,1,1,1
1368,2.1,decay-n,2,1,2
1369,2.1,decay-n,3,1,3
1370,2.1,decay-n,5,1,4
1371,2.1,stay-v,,1,5
1372,2.1,list-n,1,1,2
1373,2.1,list-n,2,1,3
1374,2.1,rise-v,12,1,4
1375,2.1,rise-v,7,1,6
1376,2.1,rise-v,17,1,7
1377,2.1,range-v,2,1,2
1378,2.1,soar-v,,1,3
1379,2.1,head-v,6,1,3
1380,2.1,head-v,8,1,4
1381,2.1,head-v,9,1,5
1382,2.1,head-v,,1,6
1383,2.1,confirm-v,3,1,2
1384,2.1,confirm-v,4,1,3
1385,2.1,confirm-v,5,1,4
1386,2.1,dominate-v,4,1,2
1387,2.1,kill-v,,1,6
1388,2.1,estate-n,1,1,1
1389,2.1,estate-n,2,1,3
1390,2.1,estate-n,3,1,4
1391,2.1,direct-v,12,1,3
1392,2.1,work-v,24,1,8
1393,2.1,work-v,,1,9
1394,2.1,curb-v,3,1,2
1395,2.1,curb-v,,1,3
1396,2.1,close-n,1,1,1
1397,2.1,close-n,2,1,2
1398,2.1,close-n,3,1,3
1399,2.1,ridge-n,2,1,2
1400,2.1,ridge-n,5,1,3
1401,2.1,ridge-n,6,1,4
1402,2.1,owe-v,1,1,1
1403,2.1,owe-v,3,1,2
1404,2.1,owe-v,,1,3
1405,2.1,grinder-n,1,1,1
1406,2.1,grinder-n,2,1,2
1407,2.1,grinder-n,3,1,3
1408,2.1,grinder-n,4,1,4
1409,2.1,export-v,1,1,1
1410,2.1,follow-v,3,1,5
1411,2.1,specialize-v,2,1,3
1412,2.1,client-n,1,1,1
1413,2.1,client-n,2,1,2
1414,2.1,client-n,3,1,3
1415,2.1,push-v,,1,6
1416,2.1,window-n,5,1,3
1417,2.1,window-n,8,1,4
1418,2.1,drive-n,1,1,1
1419,2.1,drive-n,2,1,2
1420,2.1,drive-n,3,1,3
1421,2.1,drive-n,4,1,4
1422,2.1,drive-n,7,1,7
1423,2.1,drive-n,8,1,8
1424,2.1,drive-n,10,1,9
1425,2.1,drive-n,11,1,10
1426,2.1,bounty-n,1,1,1
1427,2.1,bounty-n,2,1,2
1428,2.1,bounty-n,3,1,3
1429,2.1,purchase-v,1,1,1
1430,2.1,prove-v,1,1,3
1431,2.1,mean-v,3,1,3
1432,2.1,mean-v,2,1,4
1433,2.1,mean-v,5,1,5
1434,2.1,repository-n,1,1,1
1435,2.1,repository-n,2,1,2
1436,2.1,repository-n,3,1,3
1437,2.1,employ-v,2,1,1
1438,2.1,employ-v,1,1,2
1439,2.1,entrance-n,1,1,1
1440,2.1,pool-n,1,1,1
1441,2.1,pool-n,2,1,2
1442,2.1,pool-n,4,1,4
1443,2.1,pool-n,7,1,6
1444,2.1,pool-n,9,1,7
1445,2.1,deliver-v,2,1,5
1446,2.1,deliver-v,7,1,6
1447,2.1,deliver-v,12,1,7
1448,2.1,need-v,,1,2
1449,2.1,intend-v,1,1,1
1450,2.1,intend-v,2,1,2
1451,2.1,match-v,2,1,2
1452,2.1,match-v,3,1,3
1453,2.1,match-v,7,1,4
1454,2.1,try-v,1,1,1
1455,2.1,try-v,8,1,5
1456,2.1,pay-v,7,1,4
1457,2.1,domination-n,1,1,1
1458,2.1,domination-n,2,1,1
1459,2.1,partnership-n,1,1,1
1460,2.1,partnership-n,3,1,1
1461,2.1,network-n,4,1,3
1462,2.1,network-n,5,1,3
1463,2.1,accuse-v,1,1,1
1464,2.1,accuse-v,2,1,1
1465,2.1,wonder-v,1,1,1
1466,2.1,wonder-v,2,1,1
1467,2.1,relate-v,1,1,1
1468,2.1,relate-v,4,1,1
1469,2.1,resist-v,3,1,2
1470,2.1,resist-v,4,1,2
1471,2.1,resist-v,5,1,2
1472,2.1,resist-v,6,1,2
1473,2.1,translate-v,1,1,1
1474,2.1,translate-v,3,1,1
1475,2.1,translate-v,2,1,2
1476,2.1,translate-v,6,1,2
1477,2.1,translate-v,7,1,2
1478,2.1,translate-v,5,1,5
1479,2.1,translate-v,8,1,5
1480,2.1,transform-v,2,1,1
1481,2.1,transform-v,3,1,1
1482,2.1,transform-v,4,1,1
1483,2.1,deny-v,1,1,1
1484,2.1,deny-v,2,1,1
1485,2.1,deny-v,6,1,1
1486,2.1,deny-v,3,1,2
1487,2.1,deny-v,4,1,2
1488,2.1,deny-v,5,1,2
1489,2.1,reverse-v,3,1,2
1490,2.1,reverse-v,4,1,2
1491,2.1,repeat-v,1,1,1
1492,2.1,repeat-v,2,1,1
1493,2.1,repeat-v,3,1,1
1494,2.1,repeat-v,5,1,1
1495,2.1,repeat-v,6,1,1
1496,2.1,arise-v,1,1,1
1497,2.1,arise-v,2,1,1
1498,2.1,arise-v,4,1,1
1499,2.1,disappear-v,1,1,1
1500,2.1,disappear-v,2,1,1
1501,2.1,disappear-v,3,1,1
1502,2.1,agent-n,1,1,1
1503,2.1,agent-n,2,1,1
1504,2.1,agent-n,3,1,4
1505,2.1,agent-n,4,1,4
1506,2.1,name-v,1,1,1
1507,2.1,name-v,6,1,1
1508,2.1,name-v,2,1,2
1509,2.1,name-v,5,1,2
1510,2.1,name-v,7,1,2
1511,2.1,name-v,8,1,2
1512,2.1,name-v,9,1,2
1513,2.1,name-v,3,1,3
1514,2.1,name-v,4,1,3
1515,2.1,image-n,1,1,1
1516,2.1,image-n,5,1,1
1517,2.1,image-n,2,1,2
1518,2.1,image-n,8,1,2
1519,2.1,image-n,3,1,3
1520,2.1,image-n,7,1,3
1521,2.1,point-v,1,1,1
1522,2.1,point-v,2,1,1
1523,2.1,point-v,5,1,1
1524,2.1,point-v,3,1,2
1525,2.1,point-v,4,1,2
1526,2.1,point-v,6,1,2
1527,2.1,point-v,10,1,2
1528,2.1,point-v,11,1,2
1529,2.1,point-v,7,1,3
1530,2.1,point-v,8,1,3
1531,2.1,point-v,9,1,3
1532,2.1,happen-v,1,1,1
1533,2.1,happen-v,2,1,1
1534,2.1,happen-v,4,1,1
1535,2.1,jump-v,1,1,1
1536,2.1,jump-v,2,1,1
1537,2.1,jump-v,4,1,1
1538,2.1,jump-v,7,1,1
1539,2.1,jump-v,8,1,1
1540,2.1,jump-v,10,1,1
1541,2.1,jump-v,11,1,1
1542,2.1,jump-v,13,1,1
1543,2.1,jump-v,14,1,1
1544,2.1,jump-v,15,1,1
1545,2.1,impose-v,1,1,1
1546,2.1,impose-v,2,1,1
1547,2.1,impose-v,3,1,1
1548,2.1,chamber-n,1,1,1
1549,2.1,chamber-n,5,1,1
1550,2.1,chamber-n,3,1,3
1551,2.1,chamber-n,4,1,3
1552,2.1,injure-v,1,1,1
1553,2.1,injure-v,2,1,1
1554,2.1,injure-v,3,1,1
1555,2.1,obstruction-n,4,1,2
1556,2.1,obstruction-n,5,1,2
1557,2.1,unveil-v,1,1,1
1558,2.1,unveil-v,2,1,1
1559,2.1,unveil-v,3,1,1
1560,2.1,satisfy-v,1,1,1
1561,2.1,satisfy-v,2,1,1
1562,2.1,satisfy-v,3,1,1
1563,2.1,adjust-v,1,1,1
1564,2.1,adjust-v,2,1,1
1565,2.1,adjust-v,3,1,2
1566,2.1,adjust-v,4,1,2
1567,2.1,discuss-v,1,1,1
1568,2.1,discuss-v,2,1,1
1569,2.1,contract-v,1,1,1
1570,2.1,contract-v,2,1,1
1571,2.1,contract-v,3,1,2
1572,2.1,contract-v,4,1,2
1573,2.1,contract-v,6,1,2
1574,2.1,contract-v,7,1,3
1575,2.1,contract-v,8,1,3
1576,2.1,contract-v,9,1,3
1577,2.1,consider-v,1,1,1
1578,2.1,consider-v,6,1,1
1579,2.1,consider-v,2,1,2
1580,2.1,consider-v,3,1,2
1581,2.1,consider-v,4,1,2
1582,2.1,consider-v,5,1,2
1583,2.1,consider-v,8,1,2
1584,2.1,file-v,1,1,1
1585,2.1,file-v,4,1,1
1586,2.1,bound-n,1,1,1
1587,2.1,bound-n,2,1,1
1588,2.1,list-v,1,1,1
1589,2.1,list-v,2,1,1
1590,2.1,list-v,3,1,1
1591,2.1,list-v,4,1,2
1592,2.1,list-v,5,1,2
1593,2.1,note-v,1,1,1
1594,2.1,note-v,2,1,1
1595,2.1,note-v,3,1,1
1596,2.1,listen-v,1,1,1
1597,2.1,listen-v,2,1,1
1598,2.1,listen-v,3,1,1
1599,2.1,urge-v,1,1,1
1600,2.1,urge-v,2,1,1
1601,2.1,representative-n,1,1,1
1602,2.1,representative-n,2,1,1
1603,2.1,age-v,1,1,1
1604,2.1,age-v,2,1,1
1605,2.1,age-v,3,1,1
1606,2.1,switch-v,1,1,1
1607,2.1,switch-v,3,1,1
1608,2.1,switch-v,7,1,1
1609,2.1,exercise-v,1,1,1
1610,2.1,exercise-v,2,1,1
1611,2.1,exercise-v,5,1,1
1612,2.1,exercise-v,3,1,2
1613,2.1,exercise-v,4,1,2
1614,2.1,avoid-v,1,1,1
1615,2.1,avoid-v,2,1,1
1616,2.1,avoid-v,3,1,1
1617,2.1,avoid-v,4,1,1
1618,2.1,read-v,1,1,1
1619,2.1,read-v,11,1,1
1620,2.1,read-v,2,1,2
1621,2.1,read-v,7,1,2
1622,2.1,read-v,5,1,3
1623,2.1,read-v,6,1,3
1624,2.1,elaborate-v,1,1,1
1625,2.1,elaborate-v,3,1,1
1626,2.1,elaborate-v,4,1,1
1627,2.1,drive-v,1,1,1
1628,2.1,drive-v,2,1,1
1629,2.1,drive-v,3,1,1
1630,2.1,drive-v,12,1,1
1631,2.1,drive-v,13,1,1
1632,2.1,drive-v,14,1,1
1633,2.1,drive-v,16,1,1
1634,2.1,drive-v,4,1,2
1635,2.1,drive-v,5,1,2
1636,2.1,drive-v,6,1,2
1637,2.1,drive-v,7,1,2
1638,2.1,drive-v,15,1,2
1639,2.1,drive-v,22,1,2
1640,2.1,drive-v,10,1,3
1641,2.1,drive-v,11,1,3
1642,2.1,drive-v,9,1,4
1643,2.1,drive-v,17,1,4
1644,2.1,drive-v,18,1,4
1645,2.1,drive-v,8,1,5
1646,2.1,drive-v,19,1,5
1647,2.1,restrict-v,1,1,1
1648,2.1,restrict-v,2,1,1
1649,2.1,restrict-v,3,1,1
1650,2.1,restrict-v,4,1,1
1651,2.1,examine-v,3,1,3
1652,2.1,examine-v,4,1,3
1653,2.1,examine-v,5,1,3
1654,2.1,issue-v,1,1,1
1655,2.1,issue-v,2,1,1
1656,2.1,issue-v,3,1,1
1657,2.1,issue-v,5,1,1
1658,2.1,subordinate-v,1,1,1
1659,2.1,subordinate-v,2,1,1
1660,2.1,undertake-v,1,1,1
1661,2.1,undertake-v,2,1,1
1662,2.1,undertake-v,5,1,1
1663,2.1,undertake-v,3,1,2
1664,2.1,undertake-v,4,1,2
1665,2.1,hope-v,1,1,1
1666,2.1,hope-v,2,1,1
1667,2.1,hope-v,3,1,1
1668,2.1,recover-v,1,1,1
1669,2.1,recover-v,4,1,1
1670,2.1,recover-v,2,1,2
1671,2.1,recover-v,3,1,2
1672,2.1,need-n,1,1,1
1673,2.1,need-n,2,1,1
1674,2.1,number-n,2,1,2
1675,2.1,number-n,6,1,2
1676,2.1,number-n,4,1,3
1677,2.1,number-n,6,1,3
1678,2.1,station-n,3,1,3
1679,2.1,station-n,4,1,3
1680,2.1,deposit-n,6,1,3
1681,2.1,deposit-n,7,1,3
1682,2.1,member-n,1,1,1
1683,2.1,member-n,2,1,1
1684,2.1,lead-v,2,1,1
1685,2.1,lead-v,3,1,1
1686,2.1,lead-v,5,1,1
1687,2.1,lead-v,9,1,1
1688,2.1,lead-v,4,1,2
1689,2.1,lead-v,8,1,2
1690,2.1,lead-v,13,1,2
1691,2.1,lead-v,6,1,3
1692,2.1,lead-v,12,1,3
1693,2.1,lead-v,7,1,4
1694,2.1,lead-v,10,1,4
1695,2.1,lead-v,15,1,4
1696,2.1,stretch-v,2,1,2
1697,2.1,stretch-v,3,1,2
1698,2.1,stretch-v,4,1,2
1699,2.1,stretch-v,5,1,2
1700,2.1,stretch-v,7,1,2
1701,2.1,stretch-v,8,1,2
1702,2.1,stretch-v,9,1,2
1703,2.1,stretch-v,10,1,2
1704,2.1,stretch-v,11,1,2
1705,2.1,tell-v,1,1,1
1706,2.1,tell-v,2,1,1
1707,2.1,tell-v,3,1,1
1708,2.1,tell-v,4,1,1
1709,2.1,tell-v,6,1,1
1710,2.1,tell-v,5,1,2
1711,2.1,tell-v,8,1,2
1712,2.1,type-n,1,1,1
1713,2.1,type-n,6,1,1
1714,2.1,represent-v,1,1,1
1715,2.1,represent-v,2,1,1
1716,2.1,represent-v,5,1,1
1717,2.1,represent-v,7,1,1
1718,2.1,represent-v,3,1,2
1719,2.1,represent-v,6,1,2
1720,2.1,represent-v,4,1,3
1721,2.1,represent-v,8,1,3
1722,2.1,represent-v,9,1,4
1723,2.1,represent-v,12,1,4
1724,2.1,represent-v,15,1,4
1725,2.1,represent-v,10,1,5
1726,2.1,represent-v,11,1,5
1727,2.1,represent-v,13,1,6
1728,2.1,represent-v,14,1,6
1729,2.1,penalty-n,1,1,1
1730,2.1,penalty-n,3,1,1
1731,2.1,travel-v,1,1,1
1732,2.1,travel-v,2,1,1
1733,2.1,travel-v,3,1,1
1734,2.1,travel-v,5,1,1
1735,2.1,travel-v,6,1,1
1736,2.1,stabilize-v,1,1,1
1737,2.1,stabilize-v,2,1,1
1738,2.1,request-v,1,1,1
1739,2.1,request-v,2,1,1
1740,2.1,request-v,3,1,1
1741,2.1,save-v,1,1,1
1742,2.1,save-v,3,1,1
1743,2.1,save-v,7,1,1
1744,2.1,save-v,8,1,1
1745,2.1,save-v,2,1,2
1746,2.1,save-v,5,1,2
1747,2.1,save-v,10,1,2
1748,2.1,save-v,4,1,3
1749,2.1,save-v,6,1,3
1750,2.1,save-v,9,1,3
1751,2.1,draw-v,1,1,1
1752,2.1,draw-v,2,1,1
1753,2.1,draw-v,11,1,1
1754,2.1,draw-v,20,1,1
1755,2.1,draw-v,27,1,1
1756,2.1,draw-v,28,1,1
1757,2.1,draw-v,10,1,2
1758,2.1,draw-v,15,1,2
1759,2.1,draw-v,16,1,2
1760,2.1,draw-v,21,1,2
1761,2.1,draw-v,24,1,2
1762,2.1,draw-v,26,1,2
1763,2.1,draw-v,31,1,2
1764,2.1,draw-v,36,1,2
1765,2.1,draw-v,5,1,3
1766,2.1,draw-v,7,1,3
1767,2.1,draw-v,9,1,3
1768,2.1,draw-v,13,1,3
1769,2.1,draw-v,14,1,3
1770,2.1,draw-v,17,1,3
1771,2.1,draw-v,25,1,3
1772,2.1,draw-v,33,1,3
1773,2.1,draw-v,29,1,5
1774,2.1,draw-v,32,1,5
1775,2.1,draw-v,35,1,5
1776,2.1,draw-v,3,1,6
1777,2.1,draw-v,6,1,6
1778,2.1,draw-v,8,1,6
1779,2.1,draw-v,18,1,6
1780,2.1,draw-v,19,1,6
1781,2.1,draw-v,23,1,9
1782,2.1,draw-v,34,1,9
1783,2.1,approach-v,1,1,1
1784,2.1,approach-v,2,1,1
1785,2.1,approach-v,4,1,1
1786,2.1,reveal-v,1,1,1
1787,2.1,reveal-v,3,1,1
1788,2.1,worry-v,1,1,1
1789,2.1,worry-v,2,1,1
1790,2.1,worry-v,4,1,1
1791,2.1,worry-v,5,1,2
1792,2.1,worry-v,6,1,2
1793,2.1,duct-n,1,1,2
1794,2.1,duct-n,2,1,2
1795,2.1,rally-v,1,1,1
1796,2.1,rally-v,2,1,1
1797,2.1,rally-v,3,1,1
1798,2.1,use-v,1,1,1
1799,2.1,use-v,3,1,1
1800,2.1,use-v,5,1,1
1801,2.1,pick-n,1,1,1
1802,2.1,pick-n,3,1,1
1803,2.1,want-v,1,1,1
1804,2.1,want-v,3,1,1
1805,2.1,want-v,4,1,1
1806,2.1,want-v,2,1,2
1807,2.1,want-v,5,1,2
1808,2.1,advance-v,1,1,1
1809,2.1,advance-v,5,1,1
1810,2.1,advance-v,6,1,1
1811,2.1,advance-v,11,1,1
1812,2.1,advance-v,3,1,2
1813,2.1,advance-v,12,1,2
1814,2.1,advance-v,2,1,3
1815,2.1,advance-v,4,1,3
1816,2.1,advance-v,7,1,3
1817,2.1,advance-v,8,1,3
1818,2.1,policy-n,1,1,1
1819,2.1,policy-n,2,1,1
1820,2.1,calculate-v,1,1,1
1821,2.1,calculate-v,3,1,1
1822,2.1,calculate-v,2,1,2
1823,2.1,calculate-v,4,1,2
1824,2.1,profit-n,1,1,1
1825,2.1,profit-n,-,1,1
1826,2.1,grant-v,1,1,1
1827,2.1,grant-v,2,1,1
1828,2.1,grant-v,4,1,1
1829,2.1,grant-v,5,1,1
1830,2.1,grant-v,7,1,1
1831,2.1,price-n,1,1,1
1832,2.1,price-n,2,1,1
1833,2.1,price-n,4,1,1
1834,2.1,price-n,5,1,1
1835,2.1,price-n,6,1,1
1836,2.1,define-v,1,1,1
1837,2.1,define-v,3,1,1
1838,2.1,prevail-v,1,1,2
1839,2.1,prevail-v,2,1,2
1840,2.1,prevail-v,3,1,2
1841,2.1,let-v,1,1,1
1842,2.1,let-v,3,1,1
1843,2.1,let-v,5,1,1
1844,2.1,let-v,2,1,2
1845,2.1,let-v,4,1,2
1846,2.1,believe-v,1,1,1
1847,2.1,believe-v,2,1,1
1848,2.1,believe-v,3,1,1
1849,2.1,believe-v,5,1,1
1850,2.1,halt-v,1,1,1
1851,2.1,halt-v,2,1,1
1852,2.1,halt-v,3,1,1
1853,2.1,halt-v,4,1,1
1854,2.1,target-n,1,1,1
1855,2.1,target-n,4,1,1
1856,2.1,target-n,2,1,2
1857,2.1,target-n,3,1,2
1858,2.1,disaster-n,2,1,1
1859,2.1,disaster-n,3,1,1
1860,2.1,shrinkage-n,1,1,1
1861,2.1,shrinkage-n,2,1,1
1862,2.1,accompany-v,2,1,1
1863,2.1,accompany-v,4,1,1
1864,2.1,discourage-v,1,1,2
1865,2.1,discourage-v,3,1,2
1866,2.1,bounce-n,2,1,2
1867,2.1,bounce-n,3,1,2
1868,2.1,form-v,4,1,1
1869,2.1,form-v,5,1,1
1870,2.1,form-v,1,1,2
1871,2.1,form-v,7,1,2
1872,2.1,retain-v,3,1,2
1873,2.1,retain-v,4,1,2
1874,2.1,become-v,1,1,1
1875,2.1,become-v,2,1,1
1876,2.1,gather-v,1,1,1
1877,2.1,gather-v,5,1,1
1878,2.1,gather-v,7,1,1
1879,2.1,gather-v,2,1,2
1880,2.1,gather-v,6,1,2
1881,2.1,interview-v,1,1,1
1882,2.1,interview-v,2,1,1
1883,2.1,award-v,1,1,1
1884,2.1,award-v,2,1,1
1885,2.1,compile-v,1,1,1
1886,2.1,compile-v,2,1,1
1887,2.1,disrupt-v,1,1,1
1888,2.1,disrupt-v,2,1,1
1889,2.1,disrupt-v,3,1,1
1890,2.1,guideline-n,2,1,2
1891,2.1,guideline-n,3,1,2
1892,2.1,inconvenience-n,1,1,1
1893,2.1,inconvenience-n,2,1,1
1894,2.1,promise-v,1,1,1
1895,2.1,promise-v,2,1,1
1896,2.1,promise-v,3,1,2
1897,2.1,promise-v,4,1,2
1898,2.1,faction-n,1,1,1
1899,2.1,faction-n,2,1,1
1900,2.1,reduce-v,1,1,1
1901,2.1,reduce-v,7,1,1
1902,2.1,reduce-v,9,1,1
1903,2.1,reduce-v,11,1,1
1904,2.1,reduce-v,15,1,1
1905,2.1,reduce-v,18,1,1
1906,2.1,reduce-v,19,1,1
1907,2.1,reduce-v,2,1,2
1908,2.1,reduce-v,4,1,2
1909,2.1,reduce-v,6,1,2
1910,2.1,reduce-v,10,1,2
1911,2.1,reduce-v,3,1,3
1912,2.1,reduce-v,5,1,3
1913,2.1,reduce-v,8,1,3
1914,2.1,reduce-v,12,1,3
1915,2.1,reduce-v,16,1,4
1916,2.1,reduce-v,17,1,4
1917,2.1,entrust-v,1,1,1
1918,2.1,entrust-v,2,1,1
1919,2.1,express-v,1,1,1
1920,2.1,express-v,2,1,1
1921,2.1,express-v,3,1,1
1922,2.1,express-v,4,1,1
1923,2.1,film-n,2,1,2
1924,2.1,film-n,5,1,2
1925,2.1,concede-v,1,1,1
1926,2.1,concede-v,2,1,1
1927,2.1,concede-v,3,1,2
1928,2.1,concede-v,4,1,2
1929,2.1,framework-n,2,1,2
1930,2.1,framework-n,3,1,2
1931,2.1,diversify-v,1,1,1
1932,2.1,diversify-v,2,1,1
1933,2.1,diversify-v,3,1,1
1934,2.1,output-n,2,1,1
1935,2.1,output-n,4,1,1
1936,2.1,output-n,1,1,2
1937,2.1,output-n,5,1,2
1938,2.1,invest-v,2,1,2
1939,2.1,invest-v,4,1,2
1940,2.1,parcel-n,1,1,1
1941,2.1,parcel-n,4,1,1
1942,2.1,car-n,3,1,1
1943,2.1,car-n,4,1,1
1944,2.1,car-n,5,1,1
1945,2.1,profession-n,3,1,3
1946,2.1,profession-n,4,1,3
1947,2.1,allow-v,1,1,1
1948,2.1,allow-v,2,1,1
1949,2.1,allow-v,3,1,1
1950,2.1,allow-v,7,1,1
1951,2.1,allow-v,8,1,1
1952,2.1,allow-v,10,1,1
1953,2.1,allow-v,4,1,2
1954,2.1,allow-v,5,1,2
1955,2.1,allow-v,6,1,2
1956,2.1,allow-v,9,1,2
1957,2.1,count-v,7,1,4
1958,2.1,count-v,8,1,4
1959,2.1,limit-n,2,1,1
1960,2.1,limit-n,3,1,1
1961,2.1,limit-n,1,1,2
1962,2.1,limit-n,4,1,2
1963,2.1,limit-n,6,1,2
1964,2.1,boost-v,1,1,1
1965,2.1,boost-v,2,1,1
1966,2.1,boost-v,3,1,1
1967,2.1,boost-v,4,1,1
1968,2.1,share-v,2,1,2
1969,2.1,share-v,3,1,2
1970,2.1,share-v,4,1,3
1971,2.1,share-v,5,1,3
1972,2.1,accelerate-v,1,1,1
1973,2.1,accelerate-v,2,1,1
1974,2.1,visit-v,1,1,1
1975,2.1,visit-v,2,1,1
1976,2.1,visit-v,3,1,1
1977,2.1,visit-v,4,1,1
1978,2.1,build-v,1,1,1
1979,2.1,build-v,5,1,1
1980,2.1,build-v,7,1,1
1981,2.1,build-v,2,1,2
1982,2.1,build-v,9,1,2
1983,2.1,build-v,10,1,2
1984,2.1,build-v,3,1,3
1985,2.1,build-v,6,1,3
1986,2.1,build-v,8,1,3
1987,2.1,cause-n,1,1,1
1988,2.1,cause-n,4,1,1
1989,2.1,rocket-n,1,1,1
1990,2.1,rocket-n,4,1,1
1991,2.1,rocket-n,5,1,1
1992,2.1,display-v,1,1,1
1993,2.1,display-v,2,1,1
1994,2.1,display-v,3,1,1
1995,2.1,appear-v,1,1,1
1996,2.1,appear-v,4,1,1
1997,2.1,appear-v,2,1,2
1998,2.1,appear-v,3,1,2
1999,2.1,appear-v,5,1,2
2000,2.1,mature-v,1,1,1
2001,2.1,mature-v,4,1,1
2002,2.1,mature-v,5,1,1
2003,2.1,mature-v,6,1,1
2004,2.1,accent-n,1,1,1
2005,2.1,accent-n,3,1,1
2006,2.1,launch-v,1,1,2
2007,2.1,launch-v,3,1,2
2008,2.1,launch-v,5,1,2
2009,2.1,compare-v,2,1,2
2010,2.1,compare-v,3,1,2
2011,2.1,suspend-v,1,1,1
2012,2.1,suspend-v,2,1,1
2013,2.1,suspend-v,4,1,3
2014,2.1,suspend-v,5,1,3
2015,2.1,suspend-v,6,1,3
2016,2.1,deal-v,2,1,1
2017,2.1,deal-v,4,1,1
2018,2.1,deal-v,7,1,1
2019,2.1,deal-v,10,1,1
2020,2.1,deal-v,1,1,3
2021,2.1,deal-v,3,1,3
2022,2.1,deal-v,5,1,4
2023,2.1,deal-v,11,1,4
2024,2.1,deal-v,9,1,5
2025,2.1,deal-v,12,1,5
2026,2.1,deal-v,6,1,6
2027,2.1,deal-v,13,1,6
2028,2.1,sustain-v,1,1,1
2029,2.1,sustain-v,3,1,1
2030,2.1,sustain-v,4,1,1
2031,2.1,sustain-v,5,1,1
2032,2.1,sustain-v,6,1,3
2033,2.1,sustain-v,7,1,3
2034,2.1,strengthen-v,1,1,1
2035,2.1,strengthen-v,3,1,1
2036,2.1,assess-v,1,1,1
2037,2.1,assess-v,2,1,1
2038,2.1,assess-v,3,1,1
2039,2.1,assess-v,4,1,1
2040,2.1,merge-v,1,1,1
2041,2.1,merge-v,3,1,1
2042,2.1,narrow-v,1,1,1
2043,2.1,narrow-v,2,1,1
2044,2.1,narrow-v,3,1,1
2045,2.1,change-v,1,1,1
2046,2.1,change-v,2,1,1
2047,2.1,change-v,3,1,1
2048,2.1,change-v,9,1,1
2049,2.1,change-v,4,1,2
2050,2.1,change-v,5,1,2
2051,2.1,change-v,6,1,2
2052,2.1,change-v,10,1,2
2053,2.1,preserve-v,1,1,1
2054,2.1,preserve-v,2,1,1
2055,2.1,preserve-v,3,1,1
2056,2.1,preserve-v,4,1,1
2057,2.1,preserve-v,6,1,1
2058,2.1,board-n,2,1,1
2059,2.1,board-n,3,1,1
2060,2.1,board-n,6,1,2
2061,2.1,board-n,9,1,2
2062,2.1,deficit-n,1,1,1
2063,2.1,deficit-n,3,1,1
2064,2.1,deficit-n,4,1,1
2065,2.1,fire-v,1,1,1
2066,2.1,fire-v,2,1,1
2067,2.1,fire-v,5,1,1
2068,2.1,fire-v,6,1,3
2069,2.1,fire-v,7,1,3
2070,2.1,reinforce-v,1,1,1
2071,2.1,reinforce-v,2,1,1
2072,2.1,govern-v,1,1,1
2073,2.1,govern-v,3,1,1
2074,2.1,govern-v,2,1,2
2075,2.1,govern-v,4,1,2
2076,2.1,barrel-n,4,1,4
2077,2.1,barrel-n,5,1,4
2078,2.1,influence-v,1,1,1
2079,2.1,influence-v,2,1,1
2080,2.1,influence-v,3,1,1
2081,2.1,underwriter-n,2,1,2
2082,2.1,underwriter-n,3,1,2
2083,2.1,rush-v,1,1,1
2084,2.1,rush-v,4,1,1
2085,2.1,rush-v,2,1,2
2086,2.1,rush-v,3,1,2
2087,2.1,rush-v,6,1,2
2088,2.1,rush-v,7,1,2
2089,2.1,collection-n,1,1,1
2090,2.1,collection-n,2,1,1
2091,2.1,replace-v,1,1,1
2092,2.1,replace-v,2,1,1
2093,2.1,replace-v,3,1,1
2094,2.1,expect-v,1,1,1
2095,2.1,expect-v,3,1,1
2096,2.1,expect-v,4,1,1
2097,2.1,expect-v,5,1,3
2098,2.1,expect-v,6,1,3
2099,2.1,combine-v,1,1,1
2100,2.1,combine-v,2,1,1
2101,2.1,combine-v,3,1,1
2102,2.1,combine-v,4,1,1
2103,2.1,combine-v,6,1,1
2104,2.1,combine-v,5,1,2
2105,2.1,combine-v,7,1,2
2106,2.1,answer-v,1,1,1
2107,2.1,answer-v,2,1,1
2108,2.1,answer-v,4,1,1
2109,2.1,answer-v,3,1,2
2110,2.1,answer-v,10,1,2
2111,2.1,answer-v,7,1,4
2112,2.1,answer-v,8,1,4
2113,2.1,answer-v,9,1,4
2114,2.1,dawn-n,1,1,1
2115,2.1,dawn-n,2,1,1
2116,2.1,ease-v,2,1,1
2117,2.1,ease-v,3,1,1
2118,2.1,ease-v,4,1,1
2119,2.1,hurt-v,1,1,1
2120,2.1,hurt-v,2,1,1
2121,2.1,hurt-v,6,1,1
2122,2.1,hurt-v,7,1,1
2123,2.1,hurt-v,3,1,3
2124,2.1,hurt-v,5,1,3
2125,2.1,cancel-v,3,1,2
2126,2.1,cancel-v,4,1,2
2127,2.1,cancel-v,5,1,2
2128,2.1,widen-v,1,1,1
2129,2.1,widen-v,2,1,1
2130,2.1,widen-v,3,1,1
2131,2.1,widen-v,4,1,1
2132,2.1,tank-n,2,1,2
2133,2.1,tank-n,4,1,2
2134,2.1,industry-n,1,1,1
2135,2.1,industry-n,2,1,1
2136,2.1,eliminate-v,1,1,1
2137,2.1,eliminate-v,2,1,1
2138,2.1,eliminate-v,3,1,1
2139,2.1,gain-v,1,1,1
2140,2.1,gain-v,2,1,1
2141,2.1,gain-v,3,1,1
2142,2.1,gain-v,8,1,1
2143,2.1,gain-v,5,1,2
2144,2.1,gain-v,6,1,2
2145,2.1,adopt-v,1,1,1
2146,2.1,adopt-v,2,1,1
2147,2.1,adopt-v,3,1,1
2148,2.1,adopt-v,7,1,1
2149,2.1,analyze-v,1,1,1
2150,2.1,analyze-v,2,1,1
2151,2.1,analyze-v,3,1,1
2152,2.1,pillar-n,4,1,1
2153,2.1,pillar-n,5,1,1
2154,2.1,respond-v,1,1,1
2155,2.1,respond-v,3,1,1
2156,2.1,understand-v,1,1,1
2157,2.1,understand-v,2,1,1
2158,2.1,understand-v,5,1,1
2159,2.1,advise-v,1,1,1
2160,2.1,advise-v,3,1,1
2161,2.1,appeal-v,1,1,1
2162,2.1,appeal-v,5,1,1
2163,2.1,cool-v,1,1,1
2164,2.1,cool-v,2,1,1
2165,2.1,fail-v,2,1,1
2166,2.1,fail-v,3,1,1
2167,2.1,fail-v,5,1,1
2168,2.1,fail-v,6,1,1
2169,2.1,fail-v,7,1,1
2170,2.1,fail-v,8,1,1
2171,2.1,fail-v,4,1,2
2172,2.1,fail-v,9,1,2
2173,2.1,fail-v,10,1,2
2174,2.1,fail-v,11,1,2
2175,2.1,realize-v,1,1,1
2176,2.1,realize-v,2,1,1
2177,2.1,realize-v,4,1,3
2178,2.1,realize-v,5,1,3
2179,2.1,bolster-v,2,1,2
2180,2.1,bolster-v,3,1,2
2181,2.1,race-n,1,1,1
2182,2.1,race-n,3,1,1
2183,2.1,race-n,2,1,2
2184,2.1,race-n,5,1,2
2185,2.1,found-v,1,1,1
2186,2.1,found-v,2,1,1
2187,2.1,care-n,1,1,1
2188,2.1,care-n,5,1,1
2189,2.1,care-n,6,1,1
2190,2.1,emphasis-n,2,1,3
2191,2.1,emphasis-n,3,1,3
2192,2.1,suspect-v,1,1,1
2193,2.1,suspect-v,2,1,1
2194,2.1,stop-v,1,1,1
2195,2.1,stop-v,2,1,1
2196,2.1,stop-v,5,1,1
2197,2.1,stop-v,6,1,1
2198,2.1,stop-v,11,1,1
2199,2.1,stop-v,3,1,2
2200,2.1,stop-v,7,1,2
2201,2.1,stop-v,8,1,2
2202,2.1,branch-n,1,1,1
2203,2.1,branch-n,4,1,1
2204,2.1,branch-n,3,1,3
2205,2.1,branch-n,5,1,3
2206,2.1,branch-n,6,1,3
2207,2.1,insure-v,3,1,1
2208,2.1,insure-v,4,1,1
2209,2.1,insure-v,1,1,2
2210,2.1,insure-v,2,1,2
2211,2.1,bus-n,2,1,2
2212,2.1,bus-n,3,1,2
2213,2.1,execute-v,1,1,1
2214,2.1,execute-v,2,1,1
2215,2.1,execute-v,3,1,2
2216,2.1,execute-v,4,1,2
2217,2.1,execute-v,5,1,2
2218,2.1,execute-v,6,1,2
2219,2.1,market-v,1,1,1
2220,2.1,market-v,3,1,1
2221,2.1,market-v,4,1,1
2222,2.1,predict-v,1,1,1
2223,2.1,predict-v,2,1,1
2224,2.1,event-n,3,1,3
2225,2.1,event-n,4,1,3
2226,2.1,consolation-n,1,1,1
2227,2.1,consolation-n,2,1,1
2228,2.1,consist-v,1,1,1
2229,2.1,consist-v,2,1,1
2230,2.1,regulate-v,1,1,1
2231,2.1,regulate-v,4,1,1
2232,2.1,regulate-v,2,1,2
2233,2.1,regulate-v,3,1,2
2234,2.1,edge-n,1,1,1
2235,2.1,edge-n,3,1,1
2236,2.1,belong-v,2,1,2
2237,2.1,belong-v,3,1,2
2238,2.1,belong-v,4,1,2
2239,2.1,belong-v,5,1,2
2240,2.1,hear-v,2,1,1
2241,2.1,hear-v,4,1,1
2242,2.1,hear-v,5,1,1
2243,2.1,strip-v,1,1,1
2244,2.1,strip-v,3,1,1
2245,2.1,strip-v,5,1,1
2246,2.1,strip-v,6,1,1
2247,2.1,strip-v,7,1,1
2248,2.1,strip-v,8,1,1
2249,2.1,strip-v,2,1,3
2250,2.1,strip-v,13,1,3
2251,2.1,strip-v,4,1,4
2252,2.1,strip-v,10,1,4
2253,2.1,trouble-v,1,1,1
2254,2.1,trouble-v,3,1,1
2255,2.1,trouble-v,2,1,2
2256,2.1,trouble-v,4,1,2
2257,2.1,trouble-v,5,1,2
2258,2.1,recall-v,1,1,1
2259,2.1,recall-v,2,1,1
2260,2.1,recall-v,3,1,1
2261,2.1,recall-v,6,1,2
2262,2.1,recall-v,7,1,2
2263,2.1,speed-v,1,1,1
2264,2.1,speed-v,4,1,1
2265,2.1,speed-v,2,1,2
2266,2.1,speed-v,5,1,2
2267,2.1,specify-v,1,1,1
2268,2.1,specify-v,3,1,1
2269,2.1,specify-v,4,1,1
2270,2.1,specify-v,5,1,1
2271,2.1,specify-v,7,1,1
2272,2.1,specify-v,2,1,2
2273,2.1,specify-v,6,1,2
2274,2.1,judgment-n,1,1,1
2275,2.1,judgment-n,4,1,1
2276,2.1,judgment-n,6,1,5
2277,2.1,judgment-n,7,1,5
2278,2.1,responsibility-n,1,1,1
2279,2.1,responsibility-n,2,1,1
2280,2.1,cell-n,6,1,5
2281,2.1,cell-n,7,1,5
2282,2.1,account-v,2,1,1
2283,2.1,account-v,3,1,1
2284,2.1,account-v,4,1,1
2285,2.1,promote-v,1,1,1
2286,2.1,promote-v,3,1,1
2287,2.1,focus-v,2,1,1
2288,2.1,focus-v,3,1,1
2289,2.1,focus-v,4,1,1
2290,2.1,focus-v,5,1,1
2291,2.1,fund-v,1,1,1
2292,2.1,fund-v,3,1,1
2293,2.1,fund-v,4,1,1
2294,2.1,fund-v,6,1,1
2295,2.1,fund-v,2,1,2
2296,2.1,fund-v,5,1,2
2297,2.1,decrease-v,1,1,1
2298,2.1,decrease-v,2,1,1
2299,2.1,fuel-v,1,1,1
2300,2.1,fuel-v,2,1,1
2301,2.1,fuel-v,3,1,1
2302,2.1,regain-v,1,1,1
2303,2.1,regain-v,2,1,1
2304,2.1,expectation-n,1,1,1
2305,2.1,expectation-n,2,1,1
2306,2.1,expectation-n,3,1,1
2307,2.1,miss-v,1,1,2
2308,2.1,miss-v,3,1,2
2309,2.1,miss-v,4,1,2
2310,2.1,miss-v,5,1,2
2311,2.1,miss-v,9,1,2
2312,2.1,miss-v,6,1,3
2313,2.1,miss-v,8,1,3
2314,2.1,offer-n,1,1,1
2315,2.1,offer-n,2,1,1
2316,2.1,claim-v,2,1,2
2317,2.1,claim-v,3,1,2
2318,2.1,claim-v,4,1,2
2319,2.1,wear-v,1,1,1
2320,2.1,wear-v,2,1,1
2321,2.1,wear-v,3,1,1
2322,2.1,wear-v,5,1,1
2323,2.1,wear-v,9,1,1
2324,2.1,wear-v,4,1,2
2325,2.1,wear-v,7,1,2
2326,2.1,wear-v,8,1,2
2327,2.1,collect-v,1,1,1
2328,2.1,collect-v,3,1,1
2329,2.1,collect-v,4,1,1
2330,2.1,erosion-n,1,1,1
2331,2.1,erosion-n,4,1,1
2332,2.1,location-n,1,1,1
2333,2.1,location-n,4,1,1
2334,2.1,surround-v,1,1,1
2335,2.1,surround-v,2,1,1
2336,2.1,surround-v,3,1,1
2337,2.1,surround-v,4,1,2
2338,2.1,surround-v,5,1,2
2339,2.1,raise-v,1,1,1
2340,2.1,raise-v,13,1,1
2341,2.1,raise-v,15,1,1
2342,2.1,raise-v,16,1,1
2343,2.1,raise-v,17,1,1
2344,2.1,raise-v,23,1,1
2345,2.1,raise-v,25,1,1
2346,2.1,raise-v,2,1,2
2347,2.1,raise-v,8,1,2
2348,2.1,raise-v,20,1,2
2349,2.1,raise-v,24,1,2
2350,2.1,raise-v,3,1,3
2351,2.1,raise-v,11,1,3
2352,2.1,raise-v,21,1,3
2353,2.1,raise-v,4,1,4
2354,2.1,raise-v,18,1,4
2355,2.1,raise-v,5,1,5
2356,2.1,raise-v,6,1,5
2357,2.1,raise-v,7,1,6
2358,2.1,raise-v,10,1,6
2359,2.1,raise-v,19,1,6
2360,2.1,raise-v,22,1,6
2361,2.1,raise-v,27,1,6
2362,2.1,raise-v,12,1,7
2363,2.1,raise-v,14,1,7
2364,2.1,illustrate-v,2,1,1
2365,2.1,illustrate-v,3,1,1
2366,2.1,lose-v,1,1,1
2367,2.1,lose-v,4,1,1
2368,2.1,lose-v,5,1,1
2369,2.1,lose-v,6,1,1
2370,2.1,lose-v,2,1,2
2371,2.1,lose-v,7,1,2
2372,2.1,lose-v,8,1,2
2373,2.1,lose-v,10,1,3
2374,2.1,lose-v,11,1,3
2375,2.1,value-v,1,1,1
2376,2.1,value-v,4,1,1
2377,2.1,value-v,5,1,1
2378,2.1,value-v,2,1,2
2379,2.1,value-v,3,1,2
2380,2.1,plan-v,1,1,1
2381,2.1,plan-v,2,1,1
2382,2.1,plan-v,3,1,2
2383,2.1,plan-v,4,1,2
2384,2.1,fortune-n,3,1,3
2385,2.1,fortune-n,4,1,3
2386,2.1,generate-v,1,1,1
2387,2.1,generate-v,2,1,1
2388,2.1,generate-v,3,1,1
2389,2.1,generate-v,4,1,1
2390,2.1,demonstrate-v,2,1,1
2391,2.1,demonstrate-v,3,1,1
2392,2.1,enjoy-v,1,1,1
2393,2.1,enjoy-v,3,1,1
2394,2.1,enjoy-v,5,1,1
2395,2.1,enjoy-v,2,1,2
2396,2.1,enjoy-v,4,1,2
2397,2.1,total-v,1,1,1
2398,2.1,total-v,2,1,1
2399,2.1,chair-n,1,1,1
2400,2.1,chair-n,4,1,1
2401,2.1,chair-n,2,1,2
2402,2.1,chair-n,3,1,2
2403,2.1,persuade-v,1,1,1
2404,2.1,persuade-v,2,1,1
2405,2.1,speculate-v,1,1,1
2406,2.1,speculate-v,2,1,1
2407,2.1,estimate-v,1,1,1
2408,2.1,estimate-v,2,1,1
2409,2.1,prevent-v,1,1,1
2410,2.1,prevent-v,2,1,1
2411,2.1,watch-v,1,1,1
2412,2.1,watch-v,3,1,1
2413,2.1,watch-v,4,1,1
2414,2.1,watch-v,6,1,1
2415,2.1,watch-v,7,1,1
2416,2.1,free-v,1,1,1
2417,2.1,free-v,3,1,1
2418,2.1,free-v,4,1,1
2419,2.1,free-v,6,1,1
2420,2.1,free-v,8,1,1
2421,2.1,free-v,2,1,2
2422,2.1,free-v,7,1,2
2423,2.1,free-v,5,1,3
2424,2.1,free-v,9,1,3
2425,2.1,free-v,10,1,3
2426,2.1,tumble-v,1,1,1
2427,2.1,tumble-v,2,1,1
2428,2.1,tumble-v,5,1,1
2429,2.1,tumble-v,8,1,1
2430,2.1,tumble-v,10,1,1
2431,2.1,tumble-v,3,1,2
2432,2.1,tumble-v,4,1,2
2433,2.1,tumble-v,9,1,2
2434,2.1,fit-v,1,1,1
2435,2.1,fit-v,3,1,1
2436,2.1,fit-v,6,1,1
2437,2.1,fit-v,9,1,1
2438,2.1,fit-v,2,1,2
2439,2.1,fit-v,4,1,2
2440,2.1,fit-v,5,1,2
2441,2.1,fit-v,7,1,2
2442,2.1,defiance-n,2,1,2
2443,2.1,defiance-n,3,1,2
2444,2.1,terminate-v,1,1,1
2445,2.1,terminate-v,2,1,1
2446,2.1,terminate-v,3,1,1
2447,2.1,situation-n,1,1,1
2448,2.1,situation-n,2,1,1
2449,2.1,situation-n,3,1,1
2450,2.1,rod-n,1,1,2
2451,2.1,rod-n,4,1,2
2452,2.1,underscore-v,1,1,1
2453,2.1,underscore-v,2,1,1
2454,2.1,engage-v,1,1,1
2455,2.1,engage-v,2,1,1
2456,2.1,engage-v,7,1,1
2457,2.1,engage-v,3,1,2
2458,2.1,engage-v,4,1,2
2459,2.1,engage-v,8,1,2
2460,2.1,engage-v,9,1,2
2461,2.1,engage-v,6,1,4
2462,2.1,engage-v,10,1,4
2463,2.1,depress-v,2,1,2
2464,2.1,depress-v,3,1,2
2465,2.1,depress-v,5,1,2
2466,2.1,weaken-v,1,1,1
2467,2.1,weaken-v,2,1,1
2468,2.1,weaken-v,3,1,1
2469,2.1,weaken-v,4,1,1
2470,2.1,weaken-v,5,1,1
2471,2.1,arrest-v,1,1,1
2472,2.1,arrest-v,3,1,1
2473,2.1,arrest-v,2,1,2
2474,2.1,arrest-v,4,1,2
2475,2.1,find-v,1,1,1
2476,2.1,find-v,2,1,1
2477,2.1,find-v,3,1,1
2478,2.1,find-v,6,1,1
2479,2.1,find-v,7,1,1
2480,2.1,find-v,8,1,1
2481,2.1,find-v,9,1,1
2482,2.1,find-v,12,1,1
2483,2.1,find-v,13,1,1
2484,2.1,find-v,14,1,1
2485,2.1,find-v,15,1,1
2486,2.1,find-v,16,1,1
2487,2.1,amend-v,1,1,1
2488,2.1,amend-v,2,1,1
2489,2.1,justify-v,1,1,1
2490,2.1,justify-v,3,1,1
2491,2.1,shrink-v,1,1,1
2492,2.1,shrink-v,3,1,1
2493,2.1,shrink-v,4,1,1
2494,2.1,shrink-v,2,1,2
2495,2.1,shrink-v,5,1,2
2496,2.1,contain-v,1,1,1
2497,2.1,contain-v,2,1,1
2498,2.1,contain-v,5,1,1
2499,2.1,contain-v,3,1,2
2500,2.1,contain-v,6,1,2
2501,2.1,plead-v,2,1,3
2502,2.1,plead-v,3,1,3
2503,2.1,plead-v,4,1,3
2504,2.1,consequence-n,1,1,1
2505,2.1,consequence-n,2,1,1
2506,2.1,manage-v,1,1,1
2507,2.1,manage-v,5,1,1
2508,2.1,manage-v,2,1,2
2509,2.1,manage-v,4,1,2
2510,2.1,manage-v,3,1,3
2511,2.1,manage-v,6,1,3
2512,2.1,appoint-v,1,1,1
2513,2.1,appoint-v,2,1,1
2514,2.1,remain-v,1,1,1
2515,2.1,remain-v,2,1,1
2516,2.1,remain-v,4,1,1
2517,2.1,exchange-v,1,1,1
2518,2.1,exchange-v,4,1,1
2519,2.1,exchange-v,2,1,2
2520,2.1,exchange-v,5,1,2
2521,2.1,sign-v,2,1,1
2522,2.1,sign-v,3,1,1
2523,2.1,sign-v,4,1,1
2524,2.1,sign-v,5,1,2
2525,2.1,sign-v,7,1,2
2526,2.1,create-v,1,1,1
2527,2.1,create-v,2,1,1
2528,2.1,create-v,5,1,1
2529,2.1,create-v,6,1,1
2530,2.1,attract-v,1,1,1
2531,2.1,attract-v,3,1,1
2532,2.1,affect-v,1,1,1
2533,2.1,affect-v,2,1,1
2534,2.1,affect-v,3,1,1
2535,2.1,teach-v,1,1,1
2536,2.1,teach-v,2,1,1
2537,2.1,encourage-v,2,1,2
2538,2.1,encourage-v,3,1,2
2539,2.1,mark-n,2,1,2
2540,2.1,mark-n,4,1,2
2541,2.1,mark-n,5,1,2
2542,2.1,mark-n,6,1,2
2543,2.1,mark-n,11,1,2
2544,2.1,mark-n,14,1,2
2545,2.1,mark-n,3,1,3
2546,2.1,mark-n,9,1,3
2547,2.1,mark-n,15,1,3
2548,2.1,emphasize-v,1,1,1
2549,2.1,emphasize-v,2,1,1
2550,2.1,cost-v,1,1,1
2551,2.1,cost-v,2,1,1
2552,2.1,float-v,1,1,1
2553,2.1,float-v,2,1,1
2554,2.1,float-v,3,1,1
2555,2.1,float-v,6,1,1
2556,2.1,acquire-v,5,1,1
2557,2.1,acquire-v,6,1,1
2558,2.1,acquire-v,7,1,1
2559,2.1,acquire-v,2,1,2
2560,2.1,acquire-v,3,1,2
2561,2.1,receive-v,1,1,1
2562,2.1,receive-v,2,1,1
2563,2.1,receive-v,3,1,1
2564,2.1,receive-v,4,1,1
2565,2.1,receive-v,8,1,1
2566,2.1,receive-v,9,1,1
2567,2.1,receive-v,11,1,1
2568,2.1,receive-v,12,1,1
2569,2.1,receive-v,5,1,2
2570,2.1,receive-v,6,1,2
2571,2.1,receive-v,7,1,2
2572,2.1,receive-v,10,1,2
2573,2.1,receive-v,13,1,2
2574,2.1,handle-v,1,1,2
2575,2.1,handle-v,2,1,2
2576,2.1,handle-v,3,1,2
2577,2.1,transfer-v,1,1,1
2578,2.1,transfer-v,3,1,1
2579,2.1,transfer-v,4,1,1
2580,2.1,transfer-v,5,1,1
2581,2.1,transfer-v,7,1,1
2582,2.1,transfer-v,9,1,1
2583,2.1,transfer-v,2,1,2
2584,2.1,transfer-v,8,1,2
2585,2.1,overcome-v,1,1,1
2586,2.1,overcome-v,2,1,1
2587,2.1,overcome-v,3,1,2
2588,2.1,overcome-v,4,1,2
2589,2.1,describe-v,1,1,1
2590,2.1,describe-v,2,1,1
2591,2.1,describe-v,3,1,1
2592,2.1,resolve-v,1,1,1
2593,2.1,resolve-v,2,1,1
2594,2.1,resolve-v,4,1,2
2595,2.1,resolve-v,6,1,2
2596,2.1,repay-v,1,1,1
2597,2.1,repay-v,2,1,1
2598,2.1,repay-v,4,1,1
2599,2.1,provide-v,1,1,1
2600,2.1,provide-v,2,1,1
2601,2.1,provide-v,4,1,1
2602,2.1,provide-v,5,1,1
2603,2.1,provide-v,6,1,2
2604,2.1,provide-v,7,1,2
2605,2.1,space-n,6,1,4
2606,2.1,space-n,7,1,4
2607,2.1,protocol-n,2,1,2
2608,2.1,protocol-n,3,1,2
2609,2.1,explore-v,1,1,1
2610,2.1,explore-v,3,1,1
2611,2.1,fight-v,1,1,1
2612,2.1,fight-v,2,1,1
2613,2.1,aid-v,1,1,1
2614,2.1,aid-v,2,1,1
2615,2.1,power-n,1,1,1
2616,2.1,power-n,3,1,1
2617,2.1,power-n,5,1,1
2618,2.1,power-n,7,1,1
2619,2.1,power-n,4,1,2
2620,2.1,power-n,6,1,2
2621,2.1,power-n,9,1,2
2622,2.1,draft-v,1,1,1
2623,2.1,draft-v,3,1,1
2624,2.1,fare-n,1,1,3
2625,2.1,fare-n,4,1,3
2626,2.1,trade-v,1,1,1
2627,2.1,trade-v,3,1,1
2628,2.1,trade-v,2,1,3
2629,2.1,trade-v,4,1,3
2630,2.1,hall-n,4,1,3
2631,2.1,hall-n,12,1,3
2632,2.1,hall-n,3,1,6
2633,2.1,hall-n,5,1,6
2634,2.1,determine-v,1,1,1
2635,2.1,determine-v,8,1,1
2636,2.1,determine-v,3,1,2
2637,2.1,determine-v,4,1,2
2638,2.1,determine-v,5,1,2
2639,2.1,determine-v,7,1,2
2640,2.1,determine-v,2,1,3
2641,2.1,determine-v,6,1,3
2642,2.1,forecast-v,1,1,1
2643,2.1,forecast-v,2,1,1
2644,2.1,print-v,1,1,1
2645,2.1,print-v,4,1,1
2646,2.1,consult-v,1,1,1
2647,2.1,consult-v,2,1,1
2648,2.1,investigate-v,1,1,1
2649,2.1,investigate-v,2,1,1
2650,2.1,judge-v,1,1,1
2651,2.1,judge-v,5,1,1
2652,2.1,judge-v,2,1,2
2653,2.1,judge-v,3,1,2
2654,2.1,judge-v,4,1,2
2655,2.1,conclude-v,2,1,1
2656,2.1,conclude-v,4,1,1
2657,2.1,conclude-v,3,1,2
2658,2.1,conclude-v,5,1,2
2659,2.1,mention-v,1,1,1
2660,2.1,mention-v,2,1,1
2661,2.1,mention-v,3,1,1
2662,2.1,batch-n,1,1,1
2663,2.1,batch-n,3,1,1
2664,2.1,analyst-n,1,1,1
2665,2.1,analyst-n,2,1,1
2666,2.1,transport-v,1,1,1
2667,2.1,transport-v,2,1,1
2668,2.1,transport-v,4,1,1
2669,2.1,transport-v,5,1,1
2670,2.1,surge-v,1,1,1
2671,2.1,surge-v,3,1,1
2672,2.1,surge-v,5,1,1
2673,2.1,accept-v,2,1,1
2674,2.1,accept-v,3,1,1
2675,2.1,accept-v,6,1,1
2676,2.1,accept-v,9,1,1
2677,2.1,accept-v,10,1,1
2678,2.1,accept-v,11,1,1
2679,2.1,accept-v,4,1,2
2680,2.1,accept-v,7,1,2
2681,2.1,hostility-n,1,1,1
2682,2.1,hostility-n,2,1,1
2683,2.1,hostility-n,3,1,1
2684,2.1,assure-v,2,1,1
2685,2.1,assure-v,3,1,1
2686,2.1,assure-v,5,1,1
2687,2.1,assure-v,6,1,1
2688,2.1,do-v,1,1,1
2689,2.1,do-v,2,1,1
2690,2.1,do-v,3,1,1
2691,2.1,do-v,5,1,1
2692,2.1,do-v,6,1,1
2693,2.1,do-v,8,1,1
2694,2.1,do-v,9,1,1
2695,2.1,do-v,12,1,1
2696,2.1,remember-v,1,1,1
2697,2.1,remember-v,2,1,1
2698,2.1,remember-v,3,1,1
2699,2.1,remember-v,4,1,4
2700,2.1,remember-v,5,1,4
2701,2.1,amount-v,1,1,2
2702,2.1,amount-v,3,1,2
2703,2.1,interpret-v,1,1,1
2704,2.1,interpret-v,2,1,1
2705,2.1,interpret-v,6,1,1
2706,2.1,interpret-v,3,1,2
2707,2.1,interpret-v,4,1,2
2708,2.1,wish-v,5,1,3
2709,2.1,wish-v,7,1,3
2710,2.1,date-v,2,1,2
2711,2.1,date-v,5,1,2
2712,2.1,director-n,1,1,1
2713,2.1,director-n,2,1,1
2714,2.1,director-n,3,1,1
2715,2.1,blame-v,1,1,1
2716,2.1,blame-v,3,1,1
2717,2.1,require-v,1,1,1
2718,2.1,require-v,4,1,1
2719,2.1,require-v,2,1,2
2720,2.1,require-v,3,1,2
2721,2.1,cover-v,11,1,4
2722,2.1,cover-v,15,1,4
2723,2.1,view-v,1,1,1
2724,2.1,view-v,2,1,1
2725,2.1,lobby-n,2,1,2
2726,2.1,lobby-n,3,1,2
2727,2.1,declare-v,1,1,1
2728,2.1,declare-v,2,1,1
2729,2.1,declare-v,3,1,1
2730,2.1,declare-v,4,1,1
2731,2.1,declare-v,5,1,1
2732,2.1,declare-v,6,1,1
2733,2.1,declare-v,7,1,1
2734,2.1,declare-v,8,1,1
2735,2.1,repair-v,1,1,1
2736,2.1,repair-v,2,1,1
2737,2.1,repair-v,4,1,1
2738,2.1,repair-v,5,1,1
2739,2.1,floor-n,1,1,1
2740,2.1,floor-n,4,1,1
2741,2.1,floor-n,5,1,1
2742,2.1,yield-v,1,1,1
2743,2.1,yield-v,3,1,1
2744,2.1,yield-v,10,1,1
2745,2.1,yield-v,2,1,2
2746,2.1,yield-v,4,1,2
2747,2.1,yield-v,5,1,2
2748,2.1,yield-v,9,1,2
2749,2.1,yield-v,8,1,2
2750,2.1,yield-v,11,1,2
2751,2.1,yield-v,12,1,2
2752,2.1,yield-v,13,1,2
2753,2.1,undermine-v,1,1,1
2754,2.1,undermine-v,2,1,1
2755,2.1,marketing-n,1,1,1
2756,2.1,marketing-n,2,1,1
2757,2.1,fix-v,2,1,2
2758,2.1,fix-v,8,1,2
2759,2.1,fix-v,10,1,2
2760,2.1,fix-v,3,1,3
2761,2.1,fix-v,6,1,3
2762,2.1,fix-v,4,1,4
2763,2.1,fix-v,7,1,4
2764,2.1,fix-v,11,1,4
2765,2.1,imply-v,2,1,1
2766,2.1,imply-v,3,1,1
2767,2.1,imply-v,5,1,1
2768,2.1,imply-v,1,1,2
2769,2.1,imply-v,4,1,2
2770,2.1,underlie-v,1,1,1
2771,2.1,underlie-v,2,1,1
2772,2.1,experience-v,1,1,1
2773,2.1,experience-v,2,1,1
2774,2.1,experience-v,3,1,1
2775,2.1,experience-v,4,1,1
2776,2.1,experience-v,5,1,1
2777,2.1,move-v,1,1,1
2778,2.1,move-v,2,1,1
2779,2.1,move-v,3,1,1
2780,2.1,move-v,5,1,1
2781,2.1,move-v,7,1,1
2782,2.1,move-v,13,1,1
2783,2.1,move-v,6,1,2
2784,2.1,move-v,8,1,2
2785,2.1,move-v,15,1,2
2786,2.1,move-v,16,1,2
2787,2.1,move-v,9,1,3
2788,2.1,move-v,10,1,3
2789,2.1,move-v,11,1,3
2790,2.1,train-v,1,1,1
2791,2.1,train-v,2,1,1
2792,2.1,train-v,4,1,1
2793,2.1,train-v,5,1,1
2794,2.1,train-v,7,1,1
2795,2.1,train-v,8,1,1
2796,2.1,train-v,3,1,2
2797,2.1,train-v,9,1,2
2798,2.1,love-v,1,1,1
2799,2.1,love-v,2,1,1
2800,2.1,love-v,3,1,1
2801,2.1,authority-n,3,1,4
2802,2.1,authority-n,7,1,4
2803,2.1,body-n,4,1,5
2804,2.1,body-n,7,1,5
2805,2.1,sign-n,2,1,1
2806,2.1,sign-n,4,1,1
2807,2.1,sign-n,1,1,2
2808,2.1,sign-n,6,1,2
2809,2.1,sign-n,8,1,2
2810,2.1,sign-n,3,1,3
2811,2.1,sign-n,9,1,3
2812,2.1,sponsor-v,1,1,1
2813,2.1,sponsor-v,2,1,1
2814,2.1,sponsor-v,3,1,1
2815,2.1,benefit-v,1,1,1
2816,2.1,benefit-v,2,1,1
2817,2.1,embrace-v,1,1,1
2818,2.1,embrace-v,3,1,1
2819,2.1,vigor-n,1,1,2
2820,2.1,vigor-n,3,1,2
2821,2.1,deteriorate-v,1,1,1
2822,2.1,deteriorate-v,2,1,1
2823,2.1,diminution-n,1,1,1
2824,2.1,diminution-n,3,1,1
2825,2.1,spread-v,1,1,2
2826,2.1,spread-v,2,1,2
2827,2.1,spread-v,3,1,2
2828,2.1,spread-v,5,1,2
2829,2.1,spread-v,6,1,2
2830,2.1,spread-v,7,1,2
2831,2.1,spread-v,8,1,2
2832,2.1,spread-v,10,1,2
2833,2.1,play-v,5,1,1
2834,2.1,play-v,11,1,1
2835,2.1,play-v,12,1,1
2836,2.1,play-v,1,1,2
2837,2.1,play-v,15,1,2
2838,2.1,play-v,31,1,2
2839,2.1,play-v,32,1,2
2840,2.1,play-v,33,1,2
2841,2.1,play-v,34,1,2
2842,2.1,play-v,2,1,3
2843,2.1,play-v,17,1,3
2844,2.1,play-v,27,1,3
2845,2.1,play-v,3,1,4
2846,2.1,play-v,6,1,4
2847,2.1,play-v,7,1,4
2848,2.1,play-v,13,1,4
2849,2.1,play-v,18,1,4
2850,2.1,play-v,4,1,5
2851,2.1,play-v,8,1,5
2852,2.1,play-v,14,1,5
2853,2.1,play-v,25,1,5
2854,2.1,play-v,26,1,5
2855,2.1,play-v,10,1,6
2856,2.1,play-v,29,1,6
2857,2.1,play-v,30,1,6
2858,2.1,play-v,16,1,7
2859,2.1,play-v,19,1,7
2860,2.1,play-v,20,1,7
2861,2.1,play-v,21,1,7
2862,2.1,play-v,23,1,7
2863,2.1,play-v,9,1,9
2864,2.1,play-v,24,1,9
2865,2.1,scale-n,2,1,2
2866,2.1,scale-n,3,1,2
2867,2.1,scale-n,4,1,4
2868,2.1,scale-n,8,1,4
2869,2.1,scale-n,5,1,5
2870,2.1,scale-n,6,1,5
2871,2.1,scale-n,9,1,5
2872,2.1,scale-n,10,1,5
2873,2.1,resume-v,2,1,2
2874,2.1,resume-v,3,1,2
2875,2.1,announce-v,1,1,1
2876,2.1,announce-v,2,1,1
2877,2.1,contact-n,2,1,1
2878,2.1,contact-n,3,1,1
2879,2.1,contact-n,4,1,1
2880,2.1,contact-n,1,1,3
2881,2.1,contact-n,6,1,3
2882,2.1,contact-n,8,1,3
2883,2.1,navigator-n,1,1,1
2884,2.1,navigator-n,2,1,1
2885,2.1,generation-n,5,1,1
2886,2.1,generation-n,6,1,1
2887,2.1,generation-n,7,1,1
2888,2.1,generation-n,1,1,4
2889,2.1,generation-n,2,1,4
2890,2.1,orient-v,1,1,1
2891,2.1,orient-v,3,1,1
2892,2.1,survey-v,1,1,1
2893,2.1,survey-v,2,1,1
2894,2.1,survey-v,3,1,1
2895,2.1,face-v,1,1,1
2896,2.1,face-v,6,1,1
2897,2.1,face-v,3,1,2
2898,2.1,face-v,4,1,2
2899,2.1,face-v,5,1,2
2900,2.1,face-v,7,1,2
2901,2.1,face-v,8,1,3
2902,2.1,face-v,9,1,3
2903,2.1,heat-n,1,1,1
2904,2.1,heat-n,2,1,1
2905,2.1,reflect-v,5,1,2
2906,2.1,reflect-v,6,1,2
2907,2.1,reflect-v,2,1,4
2908,2.1,reflect-v,4,1,4
2909,2.1,pursue-v,1,1,1
2910,2.1,pursue-v,3,1,1
2911,2.1,pursue-v,4,1,1
2912,2.1,defend-v,2,1,1
2913,2.1,defend-v,3,1,1
2914,2.1,defend-v,4,1,1
2915,2.1,defend-v,1,1,2
2916,2.1,defend-v,5,1,2
2917,2.1,defend-v,6,1,2
2918,2.1,defend-v,7,1,2
2919,2.1,feel-v,1,1,1
2920,2.1,feel-v,3,1,1
2921,2.1,feel-v,4,1,1
2922,2.1,feel-v,5,1,1
2923,2.1,feel-v,6,1,1
2924,2.1,feel-v,7,1,1
2925,2.1,feel-v,12,1,1
2926,2.1,feel-v,8,1,2
2927,2.1,feel-v,9,1,2
2928,2.1,feel-v,10,1,2
2929,2.1,feel-v,11,1,2
2930,2.1,feel-v,13,1,2
2931,2.1,climb-v,1,1,1
2932,2.1,climb-v,3,1,1
2933,2.1,climb-v,5,1,1
2934,2.1,climb-v,6,1,1
2935,2.1,please-v,1,1,1
2936,2.1,please-v,3,1,1
2937,2.1,star-n,1,1,1
2938,2.1,star-n,3,1,1
2939,2.1,star-n,5,1,4
2940,2.1,star-n,6,1,4
2941,2.1,control-v,1,1,1
2942,2.1,control-v,2,1,1
2943,2.1,control-v,3,1,1
2944,2.1,control-v,4,1,1
2945,2.1,control-v,8,1,1
2946,2.1,control-v,5,1,2
2947,2.1,control-v,6,1,2
2948,2.1,control-v,7,1,2
2949,2.1,bet-v,1,1,2
2950,2.1,bet-v,3,1,2
2951,2.1,obtain-v,1,1,1
2952,2.1,obtain-v,2,1,1
2953,2.1,review-v,1,1,1
2954,2.1,review-v,3,1,1
2955,2.1,review-v,4,1,1
2956,2.1,guarantee-v,1,1,1
2957,2.1,guarantee-v,3,1,1
2958,2.1,guarantee-v,4,1,1
2959,2.1,participate-v,1,1,1
2960,2.1,participate-v,2,1,1
2961,2.1,trend-n,3,1,1
2962,2.1,trend-n,4,1,1
2963,2.1,capture-v,3,1,3
2964,2.1,capture-v,5,1,3
2965,2.1,capture-v,6,1,3
2966,2.1,tap-v,2,1,1
2967,2.1,tap-v,4,1,1
2968,2.1,tap-v,5,1,1
2969,2.1,tap-v,6,1,1
2970,2.1,tap-v,10,1,1
2971,2.1,tap-v,11,1,1
2972,2.1,tap-v,12,1,1
2973,2.1,tap-v,3,1,2
2974,2.1,tap-v,7,1,2
2975,2.1,tap-v,8,1,3
2976,2.1,tap-v,9,1,3
2977,2.1,rim-n,1,1,1
2978,2.1,rim-n,2,1,1
2979,2.1,rim-n,5,1,1
2980,2.1,violate-v,1,1,1
2981,2.1,violate-v,2,1,1
2982,2.1,violate-v,3,1,2
2983,2.1,violate-v,4,1,2
2984,2.1,violate-v,6,1,2
2985,2.1,continue-v,1,1,1
2986,2.1,continue-v,6,1,1
2987,2.1,continue-v,7,1,1
2988,2.1,continue-v,3,1,2
2989,2.1,continue-v,5,1,2
2990,2.1,continue-v,8,1,3
2991,2.1,continue-v,9,1,3
2992,2.1,continue-v,10,1,3
2993,2.1,device-n,4,1,4
2994,2.1,device-n,5,1,4
2995,2.1,border-n,1,1,1
2996,2.1,border-n,2,1,1
2997,2.1,border-n,3,1,1
2998,2.1,border-n,4,1,2
2999,2.1,border-n,5,1,2
3000,2.1,forget-v,2,1,1
3001,2.1,forget-v,3,1,1
3002,2.1,forget-v,4,1,1
3003,2.1,say-v,1,1,1
3004,2.1,say-v,2,1,1
3005,2.1,say-v,5,1,1
3006,2.1,say-v,6,1,1
3007,2.1,say-v,7,1,1
3008,2.1,say-v,9,1,1
3009,2.1,say-v,10,1,2
3010,2.1,say-v,11,1,2
3011,2.1,decide-v,1,1,1
3012,2.1,decide-v,3,1,1
3013,2.1,restore-v,1,1,1
3014,2.1,restore-v,2,1,1
3015,2.1,restore-v,4,1,1
3016,2.1,restore-v,5,1,1
3017,2.1,observe-v,3,1,1
3018,2.1,observe-v,4,1,1
3019,2.1,observe-v,7,1,1
3020,2.1,observe-v,8,1,1
3021,2.1,observe-v,5,1,2
3022,2.1,observe-v,6,1,2
3023,2.1,observe-v,9,1,2
3024,2.1,recommend-v,1,1,1
3025,2.1,recommend-v,2,1,1
3026,2.1,spin-v,1,1,1
3027,2.1,spin-v,3,1,1
3028,2.1,shake-v,1,1,1
3029,2.1,shake-v,2,1,1
3030,2.1,shake-v,3,1,1
3031,2.1,shake-v,4,1,1
3032,2.1,shake-v,8,1,1
3033,2.1,shake-v,5,1,2
3034,2.1,shake-v,6,1,2
3035,2.1,feature-v,1,1,1
3036,2.1,feature-v,2,1,1
3037,2.1,net-n,4,1,4
3038,2.1,net-n,5,1,4
3039,2.1,brand-n,1,1,1
3040,2.1,brand-n,2,1,1
3041,2.1,brand-n,3,1,2
3042,2.1,brand-n,5,1,2
3043,2.1,install-v,2,1,2
3044,2.1,install-v,3,1,2
3045,2.1,assert-v,1,1,1
3046,2.1,assert-v,2,1,1
3047,2.1,assert-v,4,1,1
3048,2.1,discover-v,1,1,1
3049,2.1,discover-v,2,1,1
3050,2.1,discover-v,3,1,1
3051,2.1,discover-v,4,1,1
3052,2.1,discover-v,5,1,1
3053,2.1,discover-v,7,1,1
3054,2.1,discover-v,8,1,1
3055,2.1,conduct-v,2,1,1
3056,2.1,conduct-v,6,1,1
3057,2.1,turf-n,2,1,2
3058,2.1,turf-n,3,1,2
3059,2.1,process-v,2,1,1
3060,2.1,process-v,5,1,1
3061,2.1,process-v,1,1,3
3062,2.1,process-v,4,1,3
3063,2.1,process-v,6,1,3
3064,2.1,arrive-v,1,1,1
3065,2.1,arrive-v,2,1,1
3066,2.1,care-v,1,1,1
3067,2.1,care-v,5,1,1
3068,2.1,care-v,2,1,2
3069,2.1,care-v,4,1,2
3070,2.1,company-n,2,1,2
3071,2.1,company-n,4,1,2
3072,2.1,company-n,5,1,2
3073,2.1,company-n,8,1,2
3074,2.1,company-n,9,1,2
3075,2.1,company-n,3,1,3
3076,2.1,company-n,6,1,3
3077,2.1,company-n,7,1,3
3078,2.1,bill-n,4,1,1
3079,2.1,bill-n,5,1,1
3080,2.1,bill-n,6,1,2
3081,2.1,bill-n,8,1,2
3082,2.1,address-v,1,1,1
3083,2.1,address-v,2,1,1
3084,2.1,address-v,9,1,1
3085,2.1,address-v,3,1,6
3086,2.1,address-v,7,1,6
3087,2.1,expose-v,1,1,1
3088,2.1,expose-v,7,1,1
3089,2.1,expose-v,9,1,1
3090,2.1,expose-v,2,1,2
3091,2.1,expose-v,3,1,2
3092,2.1,expose-v,5,1,2
3093,2.1,expose-v,6,1,2
3094,2.1,expose-v,8,1,2
3095,2.1,history-n,1,1,1
3096,2.1,history-n,2,1,1
3097,2.1,history-n,5,1,1
3098,2.1,locate-v,1,1,1
3099,2.1,locate-v,2,1,1
3100,2.1,locate-v,3,1,2
3101,2.1,locate-v,4,1,2
3102,2.1,player-n,2,1,2
3103,2.1,player-n,3,1,2
3104,2.1,task-n,1,1,1
3105,2.1,task-n,2,1,1
3106,2.1,learn-v,1,1,1
3107,2.1,learn-v,3,1,1
3108,2.1,learn-v,4,1,1
3109,2.1,learn-v,2,1,2
3110,2.1,learn-v,6,1,2
3111,2.1,choose-v,1,1,1
3112,2.1,choose-v,2,1,1
3113,2.1,return-v,1,1,1
3114,2.1,return-v,3,1,1
3115,2.1,return-v,4,1,1
3116,2.1,return-v,5,1,1
3117,2.1,return-v,9,1,1
3118,2.1,return-v,12,1,1
3119,2.1,return-v,14,1,1
3120,2.1,return-v,2,1,2
3121,2.1,return-v,10,1,2
3122,2.1,return-v,13,1,2
3123,2.1,return-v,15,1,2
3124,2.1,return-v,6,1,3
3125,2.1,return-v,7,1,3
3126,2.1,return-v,8,1,3
3127,2.1,emerge-v,1,1,1
3128,2.1,emerge-v,2,1,1
3129,2.1,emerge-v,3,1,1
3130,2.1,emerge-v,4,1,2
3131,2.1,emerge-v,5,1,2
3132,2.1,welcome-v,2,1,2
3133,2.1,welcome-v,3,1,2
3134,2.1,remove-v,1,1,1
3135,2.1,remove-v,2,1,1
3136,2.1,remove-v,3,1,1
3137,2.1,remove-v,4,1,1
3138,2.1,remove-v,5,1,1
3139,2.1,remove-v,6,1,1
3140,2.1,remove-v,8,1,1
3141,2.1,hide-v,1,1,1
3142,2.1,hide-v,2,1,1
3143,2.1,hide-v,3,1,1
3144,2.1,hide-v,4,1,1
3145,2.1,spur-v,1,1,1
3146,2.1,spur-v,2,1,1
3147,2.1,spur-v,3,1,2
3148,2.1,spur-v,4,1,2
3149,2.1,spur-v,5,1,2
3150,2.1,admit-v,2,1,2
3151,2.1,admit-v,3,1,2
3152,2.1,admit-v,4,1,2
3153,2.1,admit-v,7,1,2
3154,2.1,admit-v,8,1,2
3155,2.1,admit-v,5,1,3
3156,2.1,admit-v,6,1,3
3157,2.1,focus-n,1,1,1
3158,2.1,focus-n,5,1,1
3159,2.1,focus-n,2,1,2
3160,2.1,focus-n,3,1,2
3161,2.1,integrate-v,1,1,1
3162,2.1,integrate-v,3,1,1
3163,2.1,metal-n,1,1,1
3164,2.1,metal-n,2,1,1
3165,2.1,threaten-v,1,1,2
3166,2.1,threaten-v,3,1,2
3167,2.1,approach-n,2,1,1
3168,2.1,approach-n,5,1,1
3169,2.1,approach-n,7,1,1
3170,2.1,approach-n,3,1,4
3171,2.1,approach-n,4,1,4
3172,2.1,suffer-v,1,1,1
3173,2.1,suffer-v,2,1,1
3174,2.1,suffer-v,3,1,1
3175,2.1,suffer-v,4,1,1
3176,2.1,suffer-v,6,1,1
3177,2.1,suffer-v,7,1,1
3178,2.1,suffer-v,8,1,1
3179,2.1,suffer-v,9,1,1
3180,2.1,suffer-v,5,1,2
3181,2.1,suffer-v,11,1,2
3182,2.1,meet-v,1,1,1
3183,2.1,meet-v,7,1,1
3184,2.1,meet-v,2,1,2
3185,2.1,meet-v,8,1,2
3186,2.1,meet-v,9,1,2
3187,2.1,meet-v,3,1,3
3188,2.1,meet-v,13,1,3
3189,2.1,meet-v,4,1,4
3190,2.1,meet-v,5,1,4
3191,2.1,meet-v,6,1,4
3192,2.1,meet-v,11,1,5
3193,2.1,meet-v,12,1,5
3194,2.1,rally-n,2,1,2
3195,2.1,rally-n,3,1,2
3196,2.1,seek-v,1,1,1
3197,2.1,seek-v,2,1,1
3198,2.1,seek-v,3,1,1
3199,2.1,seek-v,5,1,1
3200,2.1,maintain-v,1,1,1
3201,2.1,maintain-v,2,1,1
3202,2.1,maintain-v,5,1,1
3203,2.1,maintain-v,6,1,1
3204,2.1,maintain-v,9,1,1
3205,2.1,maintain-v,4,1,2
3206,2.1,maintain-v,8,1,2
3207,2.1,maintain-v,7,1,3
3208,2.1,maintain-v,10,1,3
3209,2.1,indicate-v,1,1,1
3210,2.1,indicate-v,4,1,1
3211,2.1,arrange-v,1,1,1
3212,2.1,arrange-v,4,1,1
3213,2.1,arrange-v,5,1,1
3214,2.1,arrange-v,7,1,1
3215,2.1,arrange-v,2,1,2
3216,2.1,arrange-v,3,1,2
3217,2.1,dismiss-v,1,1,1
3218,2.1,dismiss-v,3,1,1
3219,2.1,dismiss-v,4,1,2
3220,2.1,dismiss-v,5,1,2
3221,2.1,dismiss-v,6,1,2
3222,2.1,underwrite-v,1,1,1
3223,2.1,underwrite-v,2,1,1
3224,2.1,want-n,2,1,2
3225,2.1,want-n,3,1,2
3226,2.1,profit-v,1,1,1
3227,2.1,profit-v,2,1,1
3228,2.1,split-v,1,1,1
3229,2.1,split-v,2,1,1
3230,2.1,split-v,4,1,1
3231,2.1,stock-n,1,1,1
3232,2.1,stock-n,11,1,1
3233,2.1,stock-n,3,1,2
3234,2.1,stock-n,4,1,2
3235,2.1,stock-n,10,1,2
3236,2.1,stock-n,5,1,3
3237,2.1,stock-n,9,1,3
3238,2.1,stock-n,7,1,4
3239,2.1,stock-n,15,1,4
3240,2.1,stock-n,12,1,5
3241,2.1,stock-n,14,1,5
3242,2.1,stock-n,13,1,6
3243,2.1,stock-n,16,1,6
3244,2.1,dump-v,4,1,1
3245,2.1,dump-v,5,1,1
3246,2.1,dump-v,6,1,1
3247,2.1,dump-v,1,1,2
3248,2.1,dump-v,3,1,2
3249,2.1,chance-n,4,1,4
3250,2.1,chance-n,5,1,4
3251,2.1,consideration-n,1,1,1
3252,2.1,consideration-n,3,1,1
3253,2.1,consideration-n,4,1,4
3254,2.1,consideration-n,6,1,4
3255,2.1,discourse-n,2,1,3
3256,2.1,discourse-n,3,1,3
3257,2.1,study-v,1,1,1
3258,2.1,study-v,3,1,1
3259,2.1,study-v,6,1,1
3260,2.1,study-v,2,1,2
3261,2.1,study-v,4,1,2
3262,2.1,study-v,5,1,2
3263,2.1,trigger-v,1,1,1
3264,2.1,trigger-v,2,1,1
3265,2.1,equal-v,1,1,1
3266,2.1,equal-v,2,1,1
3267,2.1,pass-v,1,1,1
3268,2.1,pass-v,2,1,1
3269,2.1,pass-v,7,1,1
3270,2.1,pass-v,3,1,2
3271,2.1,pass-v,9,1,2
3272,2.1,pass-v,14,1,2
3273,2.1,pass-v,16,1,2
3274,2.1,pass-v,24,1,2
3275,2.1,pass-v,4,1,3
3276,2.1,pass-v,8,1,3
3277,2.1,pass-v,10,1,3
3278,2.1,pass-v,17,1,3
3279,2.1,pass-v,5,1,4
3280,2.1,pass-v,18,1,4
3281,2.1,pass-v,21,1,4
3282,2.1,pass-v,22,1,4
3283,2.1,pass-v,23,1,4
3284,2.1,pass-v,19,1,5
3285,2.1,pass-v,25,1,5
3286,2.1,introduce-v,2,1,2
3287,2.1,introduce-v,4,1,2
3288,2.1,introduce-v,5,1,2
3289,2.1,introduce-v,7,1,2
3290,2.1,introduce-v,8,1,2
3291,2.1,introduce-v,3,1,3
3292,2.1,introduce-v,6,1,3
3293,2.1,introduce-v,9,1,4
3294,2.1,introduce-v,10,1,4
3295,2.1,invite-v,2,1,2
3296,2.1,invite-v,5,1,2
3297,2.1,invite-v,6,1,2
3298,2.1,invite-v,7,1,2
3299,2.1,invite-v,3,1,3
3300,2.1,invite-v,4,1,3
3301,2.1,finish-v,1,1,1
3302,2.1,finish-v,5,1,1
3303,2.1,finish-v,6,1,1
3304,2.1,finish-v,2,1,2
3305,2.1,finish-v,3,1,2
3306,2.1,increase-v,1,1,1
3307,2.1,increase-v,2,1,1
3308,2.1,improve-v,1,1,1
3309,2.1,improve-v,2,1,1
3310,2.1,rank-v,1,1,1
3311,2.1,rank-v,2,1,1
3312,2.1,rank-v,3,1,1
3313,2.1,refer-v,2,1,2
3314,2.1,refer-v,3,1,2
3315,2.1,refer-v,6,1,2
3316,2.1,cite-v,3,1,2
3317,2.1,cite-v,4,1,2
3318,2.1,cite-v,5,1,2
3319,2.1,cite-v,6,1,2
3320,2.1,shift-v,1,1,1
3321,2.1,shift-v,3,1,1
3322,2.1,shift-v,5,1,1
3323,2.1,shift-v,7,1,1
3324,2.1,shift-v,13,1,1
3325,2.1,shift-v,2,1,2
3326,2.1,shift-v,4,1,2
3327,2.1,shift-v,6,1,2
3328,2.1,shift-v,8,1,2
3329,2.1,shift-v,9,1,2
3330,2.1,alter-v,1,1,1
3331,2.1,alter-v,2,1,1
3332,2.1,alter-v,4,1,1
3333,2.1,tend-v,2,1,2
3334,2.1,tend-v,3,1,2
3335,2.1,worker-n,1,1,1
3336,2.1,worker-n,4,1,1
3337,2.1,attention-n,1,1,1
3338,2.1,attention-n,5,1,1
3339,2.1,operate-v,2,1,1
3340,2.1,operate-v,4,1,1
3341,2.1,operate-v,5,1,1
3342,2.1,operate-v,1,1,2
3343,2.1,operate-v,3,1,2
3344,2.1,operate-v,6,1,2
3345,2.1,survive-v,1,1,1
3346,2.1,survive-v,2,1,1
3347,2.1,survive-v,3,1,1
3348,2.1,link-v,2,1,2
3349,2.1,link-v,3,1,2
3350,2.1,link-v,4,1,2
3351,2.1,exceed-v,1,1,1
3352,2.1,exceed-v,2,1,1
3353,2.1,exceed-v,3,1,1
3354,2.1,divide-v,1,1,1
3355,2.1,divide-v,4,1,1
3356,2.1,divide-v,5,1,1
3357,2.1,complete-v,1,1,1
3358,2.1,complete-v,5,1,1
3359,2.1,complete-v,3,1,2
3360,2.1,complete-v,4,1,2
3361,2.1,include-v,1,1,1
3362,2.1,include-v,3,1,1
3363,2.1,include-v,2,1,2
3364,2.1,include-v,4,1,2
3365,2.1,chapter-n,2,1,2
3366,2.1,chapter-n,5,1,2
3367,2.1,block-v,1,1,1
3368,2.1,block-v,4,1,1
3369,2.1,block-v,6,1,1
3370,2.1,block-v,7,1,1
3371,2.1,block-v,9,1,1
3372,2.1,block-v,10,1,1
3373,2.1,block-v,12,1,1
3374,2.1,block-v,2,1,2
3375,2.1,block-v,3,1,2
3376,2.1,block-v,13,1,2
3377,2.1,block-v,16,1,2
3378,2.1,area-n,4,1,3
3379,2.1,area-n,5,1,3
3380,2.1,air-v,1,1,1
3381,2.1,air-v,5,1,1
3382,2.1,air-v,6,1,1
3383,2.1,air-v,2,1,2
3384,2.1,air-v,3,1,2
3385,2.1,involve-v,1,1,1
3386,2.1,involve-v,2,1,1
3387,2.1,involve-v,7,1,1
3388,2.1,involve-v,3,1,2
3389,2.1,involve-v,4,1,2
3390,2.1,involve-v,5,1,2
3391,2.1,wealth-n,3,1,3
3392,2.1,wealth-n,4,1,3
3393,2.1,people-n,2,1,2
3394,2.1,people-n,3,1,2
3395,2.1,result-v,1,1,1
3396,2.1,result-v,2,1,1
3397,2.1,component-n,1,1,1
3398,2.1,component-n,2,1,1
3399,2.1,component-n,3,1,1
3400,2.1,assist-v,1,1,1
3401,2.1,assist-v,2,1,1
3402,2.1,assist-v,3,1,1
3403,2.1,surprise-v,2,1,2
3404,2.1,surprise-v,3,1,2
3405,2.1,product-n,1,1,1
3406,2.1,product-n,2,1,1
3407,2.1,core-n,1,1,1
3408,2.1,core-n,3,1,1
3409,2.1,core-n,4,1,3
3410,2.1,core-n,7,1,3
3411,2.1,help-v,1,1,1
3412,2.1,help-v,2,1,1
3413,2.1,help-v,3,1,1
3414,2.1,help-v,5,1,1
3415,2.1,help-v,6,1,1
3416,2.1,help-v,7,1,2
3417,2.1,help-v,8,1,2
3418,2.1,impact-n,1,1,1
3419,2.1,impact-n,4,1,1
3420,2.1,impact-n,2,1,2
3421,2.1,impact-n,3,1,2
3422,2.1,share-n,2,1,1
3423,2.1,share-n,3,1,1
3424,2.1,share-n,4,1,1
3425,2.1,cause-v,1,1,1
3426,2.1,cause-v,2,1,1
3427,2.1,register-v,1,1,1
3428,2.1,register-v,2,1,1
3429,2.1,register-v,3,1,1
3430,2.1,register-v,6,1,1
3431,2.1,register-v,9,1,1
3432,2.1,register-v,4,1,2
3433,2.1,register-v,10,1,2
3434,2.1,experiment-n,2,1,2
3435,2.1,experiment-n,3,1,2
3436,2.1,produce-v,1,1,1
3437,2.1,produce-v,2,1,1
3438,2.1,produce-v,3,1,1
3439,2.1,produce-v,6,1,1
3440,2.1,produce-v,4,1,2
3441,2.1,produce-v,5,1,2
3442,2.1,organize-v,1,1,1
3443,2.1,organize-v,6,1,1
3444,2.1,organize-v,3,1,2
3445,2.1,organize-v,5,1,2
3446,2.1,organize-v,2,1,3
3447,2.1,organize-v,4,1,3
3448,2.1,establish-v,1,1,1
3449,2.1,establish-v,2,1,1
3450,2.1,establish-v,4,1,1
3451,2.1,establish-v,3,1,2
3452,2.1,establish-v,7,1,2
3453,2.1,establish-v,8,1,2
3454,2.1,mix-v,1,1,1
3455,2.1,mix-v,3,1,1
3456,2.1,mix-v,4,1,1
3457,2.1,mix-v,5,1,1
3458,2.1,contribute-v,1,1,1
3459,2.1,contribute-v,2,1,1
3460,2.1,contribute-v,4,1,1
3461,2.1,commit-v,2,1,2
3462,2.1,commit-v,5,1,2
3463,2.1,commit-v,3,1,3
3464,2.1,commit-v,4,1,3
3465,2.1,carrier-n,7,1,1
3466,2.1,carrier-n,8,1,1
3467,2.1,implement-v,1,1,1
3468,2.1,implement-v,2,1,1
3469,2.1,implement-v,3,1,1
3470,2.1,institution-n,2,1,2
3471,2.1,institution-n,5,1,2
3472,2.1,notice-v,1,1,1
3473,2.1,notice-v,2,1,1
3474,2.1,notice-v,4,1,1
3475,2.1,scheme-n,1,1,1
3476,2.1,scheme-n,2,1,1
3477,2.1,scheme-n,5,1,1
3478,2.1,scheme-n,3,1,2
3479,2.1,scheme-n,4,1,2
3480,2.1,add-v,1,1,1
3481,2.1,add-v,2,1,1
3482,2.1,add-v,3,1,1
3483,2.1,add-v,6,1,1
3484,2.1,add-v,4,1,2
3485,2.1,add-v,5,1,2
3486,2.1,suggest-v,1,1,1
3487,2.1,suggest-v,4,1,1
3488,2.1,suggest-v,2,1,2
3489,2.1,suggest-v,3,1,2
3490,2.1,camouflage-n,3,1,3
3491,2.1,camouflage-n,4,1,3
3492,2.1,seem-v,1,1,1
3493,2.1,seem-v,2,1,1
3494,2.1,seem-v,3,1,1
3495,2.1,mount-v,1,1,1
3496,2.1,mount-v,3,1,1
3497,2.1,mount-v,4,1,3
3498,2.1,mount-v,7,1,3
3499,2.1,attach-v,1,1,1
3500,2.1,attach-v,2,1,1
3501,2.1,attach-v,3,1,1
3502,2.1,escape-v,1,1,1
3503,2.1,escape-v,5,1,1
3504,2.1,escape-v,2,1,2
3505,2.1,escape-v,3,1,2
3506,2.1,escape-v,7,1,2
3507,2.1,state-v,1,1,1
3508,2.1,state-v,2,1,1
3509,2.1,state-v,3,1,1
3510,2.1,bench-n,1,1,1
3511,2.1,bench-n,7,1,1
3512,2.1,bench-n,4,1,3
3513,2.1,bench-n,6,1,3
3514,2.1,absorb-v,1,1,1
3515,2.1,absorb-v,4,1,1
3516,2.1,absorb-v,6,1,1
3517,2.1,absorb-v,5,1,3
3518,2.1,absorb-v,8,1,3
3519,2.1,absorb-v,7,1,4
3520,2.1,absorb-v,9,1,4
3521,2.1,bond-n,1,1,1
3522,2.1,bond-n,10,1,1
3523,2.1,bond-n,5,1,2
3524,2.1,bond-n,6,1,2
3525,2.1,crash-n,2,1,1
3526,2.1,crash-n,4,1,1
3527,2.1,kitty-n,3,1,3
3528,2.1,kitty-n,4,1,3
3529,2.1,pose-v,1,1,1
3530,2.1,pose-v,6,1,1
3531,2.1,pose-v,2,1,2
3532,2.1,pose-v,5,1,2
3533,2.1,pose-v,3,1,3
3534,2.1,pose-v,4,1,3
3535,2.1,struggle-v,1,1,2
3536,2.1,struggle-v,2,1,2
3537,2.1,struggle-v,3,1,2
3538,2.1,scramble-v,1,1,1
3539,2.1,scramble-v,2,1,1
3540,2.1,scramble-v,3,1,2
3541,2.1,scramble-v,4,1,2
3542,2.1,apply-v,1,1,1
3543,2.1,apply-v,5,1,1
3544,2.1,apply-v,6,1,1
3545,2.1,apply-v,7,1,1
3546,2.1,apply-v,9,1,1
3547,2.1,apply-v,2,1,2
3548,2.1,apply-v,8,1,2
3549,2.1,lay-v,1,1,1
3550,2.1,lay-v,2,1,1
3551,2.1,aim-v,1,1,1
3552,2.1,aim-v,4,1,1
3553,2.1,aim-v,5,1,1
3554,2.1,aim-v,2,1,2
3555,2.1,aim-v,3,1,2
3556,2.1,aim-v,6,1,2
3557,2.1,aim-v,7,1,2
3558,2.1,hamper-v,1,1,1
3559,2.1,hamper-v,2,1,1
3560,2.1,decay-n,1,1,1
3561,2.1,decay-n,4,1,1
3562,2.1,diminish-v,1,1,1
3563,2.1,diminish-v,2,1,1
3564,2.1,rise-v,1,1,1
3565,2.1,rise-v,4,1,1
3566,2.1,rise-v,5,1,1
3567,2.1,rise-v,16,1,1
3568,2.1,rise-v,2,1,2
3569,2.1,rise-v,6,1,2
3570,2.1,rise-v,8,1,2
3571,2.1,rise-v,9,1,2
3572,2.1,rise-v,11,1,2
3573,2.1,rise-v,13,1,2
3574,2.1,rise-v,3,1,3
3575,2.1,rise-v,10,1,3
3576,2.1,rise-v,14,1,5
3577,2.1,rise-v,15,1,5
3578,2.1,range-v,1,1,1
3579,2.1,range-v,3,1,1
3580,2.1,range-v,4,1,1
3581,2.1,range-v,6,1,3
3582,2.1,range-v,7,1,3
3583,2.1,range-v,5,1,4
3584,2.1,range-v,8,1,4
3585,2.1,soar-v,2,1,1
3586,2.1,soar-v,3,1,1
3587,2.1,soar-v,5,1,1
3588,2.1,soar-v,1,1,2
3589,2.1,soar-v,4,1,2
3590,2.1,head-v,1,1,1
3591,2.1,head-v,5,1,1
3592,2.1,head-v,2,1,2
3593,2.1,head-v,3,1,2
3594,2.1,head-v,4,1,2
3595,2.1,head-v,7,1,2
3596,2.1,enhance-v,1,1,1
3597,2.1,enhance-v,2,1,1
3598,2.1,confirm-v,1,1,1
3599,2.1,confirm-v,2,1,1
3600,2.1,dominate-v,1,1,1
3601,2.1,dominate-v,2,1,1
3602,2.1,dominate-v,3,1,1
3603,2.1,kill-v,1,1,1
3604,2.1,kill-v,3,1,1
3605,2.1,kill-v,5,1,1
3606,2.1,kill-v,10,1,1
3607,2.1,direct-v,1,1,1
3608,2.1,direct-v,3,1,1
3609,2.1,direct-v,4,1,1
3610,2.1,direct-v,8,1,1
3611,2.1,direct-v,13,1,1
3612,2.1,direct-v,2,1,2
3613,2.1,direct-v,5,1,2
3614,2.1,direct-v,6,1,2
3615,2.1,direct-v,7,1,2
3616,2.1,direct-v,9,1,2
3617,2.1,direct-v,10,1,2
3618,2.1,direct-v,11,1,2
3619,2.1,work-v,1,1,1
3620,2.1,work-v,2,1,1
3621,2.1,work-v,6,1,1
3622,2.1,work-v,8,1,1
3623,2.1,work-v,10,1,1
3624,2.1,work-v,12,1,1
3625,2.1,work-v,3,1,2
3626,2.1,work-v,4,1,2
3627,2.1,work-v,11,1,2
3628,2.1,work-v,5,1,3
3629,2.1,work-v,13,1,3
3630,2.1,work-v,14,1,3
3631,2.1,work-v,20,1,3
3632,2.1,work-v,22,1,3
3633,2.1,work-v,7,1,4
3634,2.1,work-v,9,1,4
3635,2.1,work-v,21,1,4
3636,2.1,work-v,27,1,4
3637,2.1,work-v,15,1,5
3638,2.1,work-v,18,1,5
3639,2.1,work-v,19,1,5
3640,2.1,work-v,23,1,5
3641,2.1,work-v,16,1,6
3642,2.1,work-v,17,1,6
3643,2.1,work-v,25,1,7
3644,2.1,work-v,26,1,7
3645,2.1,curb-v,1,1,1
3646,2.1,curb-v,2,1,1
3647,2.1,curb-v,4,1,1
3648,2.1,ridge-n,1,1,1
3649,2.1,ridge-n,3,1,1
3650,2.1,ridge-n,4,1,1
3651,2.1,question-v,2,1,1
3652,2.1,question-v,3,1,1
3653,2.1,question-v,4,1,1
3654,2.1,question-v,1,1,2
3655,2.1,question-v,5,1,2
3656,2.1,follow-v,1,1,1
3657,2.1,follow-v,4,1,1
3658,2.1,follow-v,15,1,1
3659,2.1,follow-v,22,1,1
3660,2.1,follow-v,23,1,1
3661,2.1,follow-v,2,1,2
3662,2.1,follow-v,6,1,2
3663,2.1,follow-v,8,1,2
3664,2.1,follow-v,10,1,2
3665,2.1,follow-v,14,1,2
3666,2.1,follow-v,17,1,2
3667,2.1,follow-v,5,1,3
3668,2.1,follow-v,7,1,3
3669,2.1,follow-v,9,1,3
3670,2.1,follow-v,11,1,3
3671,2.1,follow-v,18,1,3
3672,2.1,follow-v,19,1,3
3673,2.1,follow-v,20,1,3
3674,2.1,follow-v,24,1,3
3675,2.1,follow-v,12,1,4
3676,2.1,follow-v,13,1,4
3677,2.1,follow-v,16,1,4
3678,2.1,follow-v,21,1,4
3679,2.1,specialize-v,1,1,1
3680,2.1,specialize-v,4,1,1
3681,2.1,specialize-v,3,1,2
3682,2.1,specialize-v,5,1,2
3683,2.1,publish-v,1,1,1
3684,2.1,publish-v,2,1,1
3685,2.1,publish-v,3,1,1
3686,2.1,revive-v,1,1,1
3687,2.1,revive-v,2,1,1
3688,2.1,revive-v,3,1,1
3689,2.1,revive-v,4,1,1
3690,2.1,revive-v,5,1,1
3691,2.1,window-n,2,1,1
3692,2.1,window-n,3,1,1
3693,2.1,window-n,6,1,1
3694,2.1,window-n,1,1,2
3695,2.1,window-n,4,1,2
3696,2.1,window-n,7,1,2
3697,2.1,drive-n,5,1,5
3698,2.1,drive-n,9,1,5
3699,2.1,drive-n,6,1,6
3700,2.1,drive-n,12,1,6
3701,2.1,prove-v,6,1,5
3702,2.1,prove-v,7,1,5
3703,2.1,mean-v,1,1,1
3704,2.1,mean-v,6,1,1
3705,2.1,mean-v,4,1,2
3706,2.1,mean-v,7,1,2
3707,2.1,identify-v,1,1,1
3708,2.1,identify-v,2,1,1
3709,2.1,identify-v,5,1,1
3710,2.1,identify-v,6,1,1
3711,2.1,identify-v,3,1,2
3712,2.1,identify-v,4,1,2
3713,2.1,entrance-n,2,1,3
3714,2.1,entrance-n,3,1,3
3715,2.1,pool-n,3,1,3
3716,2.1,pool-n,5,1,3
3717,2.1,pool-n,6,1,5
3718,2.1,pool-n,8,1,5
3719,2.1,deliver-v,1,1,1
3720,2.1,deliver-v,6,1,1
3721,2.1,deliver-v,3,1,2
3722,2.1,deliver-v,5,1,2
3723,2.1,deliver-v,10,1,2
3724,2.1,deliver-v,4,1,3
3725,2.1,deliver-v,8,1,3
3726,2.1,deliver-v,9,1,4
3727,2.1,deliver-v,11,1,4
3728,2.1,need-v,1,1,1
3729,2.1,need-v,2,1,1
3730,2.1,need-v,3,1,1
3731,2.1,chief-n,1,1,1
3732,2.1,chief-n,2,1,1
3733,2.1,convert-v,1,1,1
3734,2.1,convert-v,4,1,1
3735,2.1,convert-v,10,1,1
3736,2.1,convert-v,11,1,1
3737,2.1,convert-v,2,1,2
3738,2.1,convert-v,3,1,2
3739,2.1,convert-v,5,1,2
3740,2.1,convert-v,9,1,2
3741,2.1,convert-v,6,1,3
3742,2.1,convert-v,7,1,3
3743,2.1,convert-v,8,1,3
3744,2.1,intend-v,3,1,3
3745,2.1,intend-v,4,1,3
3746,2.1,match-v,1,1,1
3747,2.1,match-v,4,1,1
3748,2.1,match-v,5,1,1
3749,2.1,match-v,6,1,1
3750,2.1,match-v,8,1,1
3751,2.1,match-v,9,1,1
3752,2.1,match-v,10,1,1
3753,2.1,try-v,2,1,2
3754,2.1,try-v,4,1,2
3755,2.1,try-v,9,1,2
3756,2.1,try-v,3,1,3
3757,2.1,try-v,5,1,3
3758,2.1,try-v,6,1,4
3759,2.1,try-v,7,1,4
3760,2.1,pay-v,1,1,1
3761,2.1,pay-v,3,1,1
3762,2.1,pay-v,4,1,1
3763,2.1,pay-v,5,1,1
3764,2.1,pay-v,10,1,1
3765,2.1,pay-v,11,1,1
3766,2.1,pay-v,2,1,2
3767,2.1,pay-v,9,1,2
3768,2.1,pay-v,6,1,3
3769,2.1,pay-v,8,1,3
