,Pos,Sense1,Sense2,Merge
0,v,roll#v#12,wander#v#03,merged
1,v,observe#v#06,observe#v#09,merged
2,v,observe#v#06,observe#v#08,not-merged
3,v,observe#v#09,observe#v#08,not-merged
4,v,wash_up#v#03,wash_up#v#01,merged
5,v,wash_up#v#03,wash_up#v#04,not-merged
6,v,wash_up#v#03,wash_up#v#02,not-merged
7,v,wash_up#v#01,wash_up#v#04,not-merged
8,v,wash_up#v#01,wash_up#v#02,not-merged
9,v,wash_up#v#04,wash_up#v#02,merged
12,v,draw#v#20,draw#v#04,not-merged
13,v,draw#v#20,draw#v#06,not-merged
15,v,draw#v#20,draw#v#07,not-merged
16,v,draw#v#20,draw#v#05,not-merged
17,v,draw#v#20,draw#v#09,not-merged
25,v,draw#v#20,draw#v#12,not-merged
28,v,draw#v#20,draw#v#22,not-merged
31,v,draw#v#16,draw#v#10,not-merged
32,v,draw#v#16,draw#v#04,not-merged
33,v,draw#v#16,draw#v#06,not-merged
35,v,draw#v#16,draw#v#07,not-merged
36,v,draw#v#16,draw#v#05,not-merged
37,v,draw#v#16,draw#v#09,not-merged
45,v,draw#v#16,draw#v#12,not-merged
46,v,draw#v#16,draw#v#15,not-merged
48,v,draw#v#16,draw#v#22,not-merged
51,v,draw#v#10,draw#v#04,not-merged
52,v,draw#v#10,draw#v#06,not-merged
54,v,draw#v#10,draw#v#07,not-merged
55,v,draw#v#10,draw#v#05,not-merged
56,v,draw#v#10,draw#v#09,not-merged
64,v,draw#v#10,draw#v#12,not-merged
67,v,draw#v#10,draw#v#22,not-merged
70,v,draw#v#04,draw#v#06,merged
71,v,draw#v#04,draw#v#19,merged
72,v,draw#v#04,draw#v#07,not-merged
73,v,draw#v#04,draw#v#05,not-merged
74,v,draw#v#04,draw#v#09,not-merged
75,v,draw#v#04,draw#v#14,not-merged
76,v,draw#v#04,draw#v#17,not-merged
77,v,draw#v#04,draw#v#21,not-merged
78,v,draw#v#04,draw#v#36,not-merged
79,v,draw#v#04,draw#v#33,not-merged
80,v,draw#v#04,draw#v#32,not-merged
81,v,draw#v#04,draw#v#35,not-merged
82,v,draw#v#04,draw#v#12,not-merged
83,v,draw#v#04,draw#v#15,not-merged
84,v,draw#v#04,draw#v#18,not-merged
85,v,draw#v#04,draw#v#22,not-merged
86,v,draw#v#04,draw#v#23,not-merged
87,v,draw#v#04,draw#v#31,not-merged
88,v,draw#v#06,draw#v#19,merged
89,v,draw#v#06,draw#v#07,not-merged
90,v,draw#v#06,draw#v#05,not-merged
91,v,draw#v#06,draw#v#09,not-merged
92,v,draw#v#06,draw#v#14,not-merged
93,v,draw#v#06,draw#v#17,not-merged
94,v,draw#v#06,draw#v#21,not-merged
95,v,draw#v#06,draw#v#36,not-merged
96,v,draw#v#06,draw#v#33,not-merged
97,v,draw#v#06,draw#v#32,not-merged
98,v,draw#v#06,draw#v#35,not-merged
99,v,draw#v#06,draw#v#12,not-merged
100,v,draw#v#06,draw#v#15,not-merged
101,v,draw#v#06,draw#v#18,not-merged
102,v,draw#v#06,draw#v#22,not-merged
103,v,draw#v#06,draw#v#23,not-merged
104,v,draw#v#06,draw#v#31,not-merged
105,v,draw#v#19,draw#v#07,not-merged
106,v,draw#v#19,draw#v#05,not-merged
107,v,draw#v#19,draw#v#09,not-merged
108,v,draw#v#19,draw#v#14,not-merged
109,v,draw#v#19,draw#v#17,not-merged
110,v,draw#v#19,draw#v#21,not-merged
111,v,draw#v#19,draw#v#36,not-merged
112,v,draw#v#19,draw#v#33,not-merged
113,v,draw#v#19,draw#v#32,not-merged
114,v,draw#v#19,draw#v#35,not-merged
115,v,draw#v#19,draw#v#12,not-merged
116,v,draw#v#19,draw#v#15,not-merged
117,v,draw#v#19,draw#v#18,not-merged
118,v,draw#v#19,draw#v#22,not-merged
120,v,draw#v#19,draw#v#31,not-merged
121,v,draw#v#07,draw#v#05,merged
122,v,draw#v#07,draw#v#09,merged
123,v,draw#v#07,draw#v#14,merged
124,v,draw#v#07,draw#v#17,merged
125,v,draw#v#07,draw#v#21,merged
126,v,draw#v#07,draw#v#36,merged
127,v,draw#v#07,draw#v#33,not-merged
128,v,draw#v#07,draw#v#32,not-merged
129,v,draw#v#07,draw#v#35,not-merged
130,v,draw#v#07,draw#v#12,not-merged
131,v,draw#v#07,draw#v#15,not-merged
132,v,draw#v#07,draw#v#18,not-merged
133,v,draw#v#07,draw#v#22,not-merged
134,v,draw#v#07,draw#v#23,not-merged
135,v,draw#v#07,draw#v#31,not-merged
136,v,draw#v#05,draw#v#09,merged
137,v,draw#v#05,draw#v#14,merged
138,v,draw#v#05,draw#v#17,merged
139,v,draw#v#05,draw#v#21,merged
140,v,draw#v#05,draw#v#36,merged
141,v,draw#v#05,draw#v#33,not-merged
142,v,draw#v#05,draw#v#32,not-merged
143,v,draw#v#05,draw#v#35,not-merged
144,v,draw#v#05,draw#v#12,not-merged
145,v,draw#v#05,draw#v#15,not-merged
146,v,draw#v#05,draw#v#18,not-merged
147,v,draw#v#05,draw#v#22,not-merged
148,v,draw#v#05,draw#v#23,not-merged
149,v,draw#v#05,draw#v#31,not-merged
150,v,draw#v#09,draw#v#14,merged
151,v,draw#v#09,draw#v#17,merged
152,v,draw#v#09,draw#v#21,merged
153,v,draw#v#09,draw#v#36,merged
154,v,draw#v#09,draw#v#33,not-merged
155,v,draw#v#09,draw#v#32,not-merged
156,v,draw#v#09,draw#v#35,not-merged
157,v,draw#v#09,draw#v#12,not-merged
158,v,draw#v#09,draw#v#15,not-merged
159,v,draw#v#09,draw#v#18,not-merged
160,v,draw#v#09,draw#v#22,not-merged
161,v,draw#v#09,draw#v#23,not-merged
162,v,draw#v#09,draw#v#31,not-merged
164,v,draw#v#14,draw#v#21,merged
165,v,draw#v#14,draw#v#36,merged
169,v,draw#v#14,draw#v#12,not-merged
170,v,draw#v#14,draw#v#15,not-merged
172,v,draw#v#14,draw#v#22,not-merged
174,v,draw#v#14,draw#v#31,not-merged
175,v,draw#v#17,draw#v#21,merged
176,v,draw#v#17,draw#v#36,merged
180,v,draw#v#17,draw#v#12,not-merged
181,v,draw#v#17,draw#v#15,not-merged
183,v,draw#v#17,draw#v#22,not-merged
185,v,draw#v#17,draw#v#31,not-merged
190,v,draw#v#21,draw#v#12,not-merged
191,v,draw#v#21,draw#v#15,not-merged
193,v,draw#v#21,draw#v#22,not-merged
199,v,draw#v#36,draw#v#12,not-merged
200,v,draw#v#36,draw#v#15,not-merged
202,v,draw#v#36,draw#v#22,not-merged
204,v,draw#v#36,draw#v#31,not-merged
207,v,draw#v#33,draw#v#12,not-merged
208,v,draw#v#33,draw#v#15,not-merged
210,v,draw#v#33,draw#v#22,not-merged
212,v,draw#v#33,draw#v#31,not-merged
214,v,draw#v#32,draw#v#12,not-merged
215,v,draw#v#32,draw#v#15,not-merged
217,v,draw#v#32,draw#v#22,not-merged
219,v,draw#v#32,draw#v#31,not-merged
220,v,draw#v#35,draw#v#12,not-merged
221,v,draw#v#35,draw#v#15,not-merged
223,v,draw#v#35,draw#v#22,not-merged
225,v,draw#v#35,draw#v#31,not-merged
232,v,draw#v#15,draw#v#22,not-merged
235,v,draw#v#18,draw#v#22,not-merged
237,v,draw#v#18,draw#v#31,not-merged
240,v,draw#v#23,draw#v#31,not-merged
241,n,stone#n#05,stone#n#03,not-merged
242,n,stone#n#05,stone#n#09,not-merged
243,n,stone#n#05,stone#n#08,not-merged
244,n,stone#n#05,stone#n#10,not-merged
245,n,stone#n#05,stone#n#11,not-merged
246,n,stone#n#05,stone#n#12,not-merged
247,n,stone#n#05,stone#n#06,not-merged
248,n,stone#n#05,stone#n#13,not-merged
249,n,stone#n#03,stone#n#09,not-merged
250,n,stone#n#03,stone#n#08,not-merged
251,n,stone#n#03,stone#n#10,not-merged
252,n,stone#n#03,stone#n#11,not-merged
253,n,stone#n#03,stone#n#12,not-merged
254,n,stone#n#03,stone#n#06,not-merged
255,n,stone#n#03,stone#n#13,not-merged
256,n,stone#n#09,stone#n#08,merged
257,n,stone#n#09,stone#n#10,merged
258,n,stone#n#09,stone#n#11,merged
259,n,stone#n#09,stone#n#12,merged
260,n,stone#n#09,stone#n#06,not-merged
261,n,stone#n#09,stone#n#13,not-merged
262,n,stone#n#08,stone#n#10,merged
263,n,stone#n#08,stone#n#11,merged
264,n,stone#n#08,stone#n#12,merged
265,n,stone#n#08,stone#n#06,not-merged
266,n,stone#n#08,stone#n#13,not-merged
267,n,stone#n#10,stone#n#11,merged
268,n,stone#n#10,stone#n#12,merged
269,n,stone#n#10,stone#n#06,not-merged
270,n,stone#n#10,stone#n#13,not-merged
271,n,stone#n#11,stone#n#12,merged
272,n,stone#n#11,stone#n#06,not-merged
273,n,stone#n#11,stone#n#13,not-merged
274,n,stone#n#12,stone#n#06,not-merged
275,n,stone#n#12,stone#n#13,not-merged
276,n,stone#n#06,stone#n#13,not-merged
277,v,confront#v#01,confront#v#02,merged
278,v,confront#v#01,confront#v#03,merged
279,v,confront#v#02,confront#v#03,merged
280,n,sense#n#03,sense#n#01,merged
281,n,sense#n#03,sense#n#02,not-merged
282,n,sense#n#03,sense#n#05,not-merged
283,n,sense#n#01,sense#n#02,not-merged
284,n,sense#n#01,sense#n#05,not-merged
285,n,sense#n#02,sense#n#05,not-merged
286,n,lady#n#01,lady#n#03,merged
287,n,distress#n#02,distress#n#01,merged
288,n,distress#n#02,distress#n#03,merged
289,n,distress#n#02,distress#n#04,not-merged
290,n,distress#n#01,distress#n#03,merged
291,n,distress#n#01,distress#n#04,not-merged
292,n,distress#n#03,distress#n#04,not-merged
293,v,play#v#01,play#v#17,not-merged
294,v,play#v#01,play#v#02,not-merged
295,v,play#v#01,play#v#06,not-merged
296,v,play#v#01,play#v#03,not-merged
297,v,play#v#01,play#v#07,not-merged
298,v,play#v#01,play#v#14,not-merged
299,v,play#v#01,play#v#26,not-merged
300,v,play#v#01,play#v#11,not-merged
301,v,play#v#01,play#v#05,not-merged
302,v,play#v#01,play#v#12,not-merged
303,v,play#v#01,play#v#29,not-merged
304,v,play#v#01,play#v#10,not-merged
305,v,play#v#01,play#v#18,not-merged
306,v,play#v#01,play#v#13,not-merged
307,v,play#v#01,play#v#31,not-merged
308,v,play#v#01,play#v#15,not-merged
309,v,play#v#01,play#v#32,not-merged
310,v,play#v#01,play#v#33,not-merged
311,v,play#v#01,play#v#20,not-merged
312,v,play#v#01,play#v#16,not-merged
313,v,play#v#01,play#v#09,not-merged
314,v,play#v#01,play#v#22,not-merged
315,v,play#v#01,play#v#24,not-merged
316,v,play#v#01,play#v#28,not-merged
317,v,play#v#01,play#v#35,not-merged
318,v,play#v#17,play#v#02,merged
319,v,play#v#17,play#v#06,not-merged
320,v,play#v#17,play#v#03,not-merged
321,v,play#v#17,play#v#07,not-merged
324,v,play#v#17,play#v#11,not-merged
325,v,play#v#17,play#v#05,not-merged
326,v,play#v#17,play#v#12,not-merged
331,v,play#v#17,play#v#31,not-merged
332,v,play#v#17,play#v#15,not-merged
333,v,play#v#17,play#v#32,not-merged
334,v,play#v#17,play#v#33,not-merged
337,v,play#v#17,play#v#09,not-merged
338,v,play#v#17,play#v#22,not-merged
340,v,play#v#17,play#v#28,not-merged
341,v,play#v#17,play#v#35,not-merged
342,v,play#v#02,play#v#06,not-merged
343,v,play#v#02,play#v#03,not-merged
344,v,play#v#02,play#v#07,not-merged
345,v,play#v#02,play#v#14,not-merged
346,v,play#v#02,play#v#26,not-merged
347,v,play#v#02,play#v#11,not-merged
348,v,play#v#02,play#v#05,not-merged
349,v,play#v#02,play#v#12,not-merged
350,v,play#v#02,play#v#29,not-merged
351,v,play#v#02,play#v#10,not-merged
352,v,play#v#02,play#v#18,not-merged
353,v,play#v#02,play#v#13,not-merged
354,v,play#v#02,play#v#31,not-merged
355,v,play#v#02,play#v#15,not-merged
356,v,play#v#02,play#v#32,not-merged
357,v,play#v#02,play#v#33,not-merged
358,v,play#v#02,play#v#20,not-merged
359,v,play#v#02,play#v#16,not-merged
360,v,play#v#02,play#v#09,not-merged
361,v,play#v#02,play#v#22,not-merged
362,v,play#v#02,play#v#24,not-merged
363,v,play#v#02,play#v#28,not-merged
364,v,play#v#02,play#v#35,not-merged
365,v,play#v#06,play#v#03,merged
366,v,play#v#06,play#v#07,merged
367,v,play#v#06,play#v#14,not-merged
368,v,play#v#06,play#v#26,not-merged
369,v,play#v#06,play#v#11,not-merged
370,v,play#v#06,play#v#05,not-merged
371,v,play#v#06,play#v#12,not-merged
372,v,play#v#06,play#v#29,not-merged
373,v,play#v#06,play#v#10,not-merged
374,v,play#v#06,play#v#18,not-merged
375,v,play#v#06,play#v#13,not-merged
376,v,play#v#06,play#v#31,not-merged
377,v,play#v#06,play#v#15,not-merged
378,v,play#v#06,play#v#32,not-merged
379,v,play#v#06,play#v#33,not-merged
380,v,play#v#06,play#v#20,not-merged
381,v,play#v#06,play#v#16,not-merged
382,v,play#v#06,play#v#09,not-merged
383,v,play#v#06,play#v#22,not-merged
384,v,play#v#06,play#v#24,not-merged
385,v,play#v#06,play#v#28,not-merged
386,v,play#v#06,play#v#35,not-merged
387,v,play#v#03,play#v#07,merged
388,v,play#v#03,play#v#14,not-merged
389,v,play#v#03,play#v#26,not-merged
390,v,play#v#03,play#v#11,not-merged
391,v,play#v#03,play#v#05,not-merged
392,v,play#v#03,play#v#12,not-merged
393,v,play#v#03,play#v#29,not-merged
394,v,play#v#03,play#v#10,not-merged
395,v,play#v#03,play#v#18,not-merged
396,v,play#v#03,play#v#13,not-merged
397,v,play#v#03,play#v#31,not-merged
398,v,play#v#03,play#v#15,not-merged
399,v,play#v#03,play#v#32,not-merged
400,v,play#v#03,play#v#33,not-merged
401,v,play#v#03,play#v#20,not-merged
402,v,play#v#03,play#v#16,not-merged
403,v,play#v#03,play#v#09,not-merged
404,v,play#v#03,play#v#22,not-merged
405,v,play#v#03,play#v#24,not-merged
406,v,play#v#03,play#v#28,not-merged
407,v,play#v#03,play#v#35,not-merged
408,v,play#v#07,play#v#14,not-merged
409,v,play#v#07,play#v#26,not-merged
410,v,play#v#07,play#v#11,not-merged
411,v,play#v#07,play#v#05,not-merged
412,v,play#v#07,play#v#12,not-merged
413,v,play#v#07,play#v#29,not-merged
414,v,play#v#07,play#v#10,not-merged
415,v,play#v#07,play#v#18,not-merged
416,v,play#v#07,play#v#13,not-merged
417,v,play#v#07,play#v#31,not-merged
418,v,play#v#07,play#v#15,not-merged
419,v,play#v#07,play#v#32,not-merged
420,v,play#v#07,play#v#33,not-merged
421,v,play#v#07,play#v#20,not-merged
422,v,play#v#07,play#v#16,not-merged
423,v,play#v#07,play#v#09,not-merged
424,v,play#v#07,play#v#22,not-merged
425,v,play#v#07,play#v#24,not-merged
426,v,play#v#07,play#v#28,not-merged
427,v,play#v#07,play#v#35,not-merged
429,v,play#v#14,play#v#11,not-merged
430,v,play#v#14,play#v#05,not-merged
431,v,play#v#14,play#v#12,not-merged
434,v,play#v#14,play#v#18,not-merged
435,v,play#v#14,play#v#13,not-merged
436,v,play#v#14,play#v#31,not-merged
437,v,play#v#14,play#v#15,not-merged
438,v,play#v#14,play#v#32,not-merged
439,v,play#v#14,play#v#33,not-merged
442,v,play#v#14,play#v#09,not-merged
443,v,play#v#14,play#v#22,not-merged
445,v,play#v#14,play#v#28,not-merged
446,v,play#v#14,play#v#35,not-merged
447,v,play#v#26,play#v#11,not-merged
448,v,play#v#26,play#v#05,not-merged
449,v,play#v#26,play#v#12,not-merged
452,v,play#v#26,play#v#18,not-merged
453,v,play#v#26,play#v#13,not-merged
454,v,play#v#26,play#v#31,not-merged
455,v,play#v#26,play#v#15,not-merged
456,v,play#v#26,play#v#32,not-merged
457,v,play#v#26,play#v#33,not-merged
460,v,play#v#26,play#v#09,not-merged
461,v,play#v#26,play#v#22,not-merged
463,v,play#v#26,play#v#28,not-merged
464,v,play#v#26,play#v#35,not-merged
465,v,play#v#11,play#v#05,merged
477,v,play#v#11,play#v#09,not-merged
478,v,play#v#11,play#v#22,not-merged
480,v,play#v#11,play#v#28,not-merged
481,v,play#v#11,play#v#35,not-merged
482,v,play#v#05,play#v#12,merged
483,v,play#v#05,play#v#29,not-merged
484,v,play#v#05,play#v#10,not-merged
485,v,play#v#05,play#v#18,not-merged
486,v,play#v#05,play#v#13,not-merged
487,v,play#v#05,play#v#31,not-merged
488,v,play#v#05,play#v#15,not-merged
489,v,play#v#05,play#v#32,not-merged
490,v,play#v#05,play#v#33,not-merged
491,v,play#v#05,play#v#20,not-merged
492,v,play#v#05,play#v#16,not-merged
493,v,play#v#05,play#v#09,not-merged
494,v,play#v#05,play#v#22,not-merged
495,v,play#v#05,play#v#24,not-merged
496,v,play#v#05,play#v#28,not-merged
497,v,play#v#05,play#v#35,not-merged
508,v,play#v#12,play#v#09,not-merged
509,v,play#v#12,play#v#22,not-merged
511,v,play#v#12,play#v#28,not-merged
512,v,play#v#12,play#v#35,not-merged
513,v,play#v#29,play#v#10,merged
514,v,play#v#29,play#v#18,not-merged
515,v,play#v#29,play#v#13,not-merged
516,v,play#v#29,play#v#31,not-merged
517,v,play#v#29,play#v#15,not-merged
518,v,play#v#29,play#v#32,not-merged
519,v,play#v#29,play#v#33,not-merged
522,v,play#v#29,play#v#09,not-merged
523,v,play#v#29,play#v#22,not-merged
525,v,play#v#29,play#v#28,not-merged
526,v,play#v#29,play#v#35,not-merged
527,v,play#v#10,play#v#18,not-merged
528,v,play#v#10,play#v#13,not-merged
529,v,play#v#10,play#v#31,not-merged
530,v,play#v#10,play#v#15,not-merged
531,v,play#v#10,play#v#32,not-merged
532,v,play#v#10,play#v#33,not-merged
535,v,play#v#10,play#v#09,not-merged
536,v,play#v#10,play#v#22,not-merged
538,v,play#v#10,play#v#28,not-merged
539,v,play#v#10,play#v#35,not-merged
540,v,play#v#18,play#v#13,merged
541,v,play#v#18,play#v#31,not-merged
542,v,play#v#18,play#v#15,not-merged
543,v,play#v#18,play#v#32,not-merged
544,v,play#v#18,play#v#33,not-merged
547,v,play#v#18,play#v#09,not-merged
548,v,play#v#18,play#v#22,not-merged
550,v,play#v#18,play#v#28,not-merged
551,v,play#v#18,play#v#35,not-merged
552,v,play#v#13,play#v#31,not-merged
553,v,play#v#13,play#v#15,not-merged
554,v,play#v#13,play#v#32,not-merged
555,v,play#v#13,play#v#33,not-merged
558,v,play#v#13,play#v#09,not-merged
559,v,play#v#13,play#v#22,not-merged
561,v,play#v#13,play#v#28,not-merged
562,v,play#v#13,play#v#35,not-merged
563,v,play#v#31,play#v#15,merged
568,v,play#v#31,play#v#09,not-merged
569,v,play#v#31,play#v#22,not-merged
571,v,play#v#31,play#v#28,not-merged
572,v,play#v#31,play#v#35,not-merged
577,v,play#v#15,play#v#09,not-merged
578,v,play#v#15,play#v#22,not-merged
580,v,play#v#15,play#v#28,not-merged
581,v,play#v#15,play#v#35,not-merged
585,v,play#v#32,play#v#09,not-merged
586,v,play#v#32,play#v#22,not-merged
588,v,play#v#32,play#v#28,not-merged
589,v,play#v#32,play#v#35,not-merged
592,v,play#v#33,play#v#09,not-merged
593,v,play#v#33,play#v#22,not-merged
595,v,play#v#33,play#v#28,not-merged
596,v,play#v#33,play#v#35,not-merged
597,v,play#v#20,play#v#16,merged
598,v,play#v#20,play#v#09,not-merged
599,v,play#v#20,play#v#22,not-merged
601,v,play#v#20,play#v#28,not-merged
602,v,play#v#20,play#v#35,not-merged
603,v,play#v#16,play#v#09,not-merged
604,v,play#v#16,play#v#22,not-merged
606,v,play#v#16,play#v#28,not-merged
607,v,play#v#16,play#v#35,not-merged
608,v,play#v#09,play#v#22,not-merged
609,v,play#v#09,play#v#24,not-merged
610,v,play#v#09,play#v#28,not-merged
611,v,play#v#09,play#v#35,not-merged
615,v,play#v#24,play#v#28,not-merged
616,v,play#v#24,play#v#35,not-merged
618,v,pull#v#01,pull#v#04,merged
619,v,pull#v#01,pull#v#09,merged
620,v,pull#v#01,pull#v#10,merged
621,v,pull#v#01,pull#v#07,not-merged
622,v,pull#v#01,pull#v#03,not-merged
623,v,pull#v#01,pull#v#17,not-merged
624,v,pull#v#01,pull#v#08,not-merged
625,v,pull#v#01,pull#v#11,not-merged
626,v,pull#v#01,pull#v#13,not-merged
627,v,pull#v#04,pull#v#09,merged
628,v,pull#v#04,pull#v#10,merged
629,v,pull#v#04,pull#v#07,not-merged
630,v,pull#v#04,pull#v#03,not-merged
631,v,pull#v#04,pull#v#17,not-merged
632,v,pull#v#04,pull#v#08,not-merged
633,v,pull#v#04,pull#v#11,not-merged
634,v,pull#v#04,pull#v#13,not-merged
635,v,pull#v#09,pull#v#10,merged
636,v,pull#v#09,pull#v#07,not-merged
637,v,pull#v#09,pull#v#03,not-merged
638,v,pull#v#09,pull#v#17,not-merged
639,v,pull#v#09,pull#v#08,not-merged
640,v,pull#v#09,pull#v#11,not-merged
641,v,pull#v#09,pull#v#13,not-merged
642,v,pull#v#10,pull#v#07,not-merged
643,v,pull#v#10,pull#v#03,not-merged
644,v,pull#v#10,pull#v#17,not-merged
645,v,pull#v#10,pull#v#08,not-merged
646,v,pull#v#10,pull#v#11,not-merged
647,v,pull#v#10,pull#v#13,not-merged
648,v,pull#v#07,pull#v#03,merged
649,v,pull#v#07,pull#v#17,not-merged
650,v,pull#v#07,pull#v#08,not-merged
651,v,pull#v#07,pull#v#11,not-merged
652,v,pull#v#07,pull#v#13,not-merged
653,v,pull#v#03,pull#v#17,not-merged
654,v,pull#v#03,pull#v#08,not-merged
655,v,pull#v#03,pull#v#11,not-merged
656,v,pull#v#03,pull#v#13,not-merged
657,v,pull#v#17,pull#v#08,not-merged
658,v,pull#v#17,pull#v#11,not-merged
659,v,pull#v#17,pull#v#13,not-merged
660,v,pull#v#08,pull#v#11,not-merged
661,v,pull#v#08,pull#v#13,not-merged
662,v,pull#v#11,pull#v#13,not-merged
663,v,serve#v#03,serve#v#01,merged
664,v,serve#v#03,serve#v#13,not-merged
665,v,serve#v#03,serve#v#02,not-merged
666,v,serve#v#03,serve#v#08,not-merged
667,v,serve#v#03,serve#v#14,not-merged
668,v,serve#v#03,serve#v#06,not-merged
669,v,serve#v#03,serve#v#05,not-merged
670,v,serve#v#03,serve#v#11,not-merged
671,v,serve#v#03,serve#v#10,not-merged
672,v,serve#v#03,serve#v#07,not-merged
673,v,serve#v#03,serve#v#09,not-merged
674,v,serve#v#03,serve#v#15,not-merged
675,v,serve#v#01,serve#v#13,not-merged
676,v,serve#v#01,serve#v#02,not-merged
677,v,serve#v#01,serve#v#08,not-merged
678,v,serve#v#01,serve#v#14,not-merged
679,v,serve#v#01,serve#v#06,not-merged
680,v,serve#v#01,serve#v#05,not-merged
681,v,serve#v#01,serve#v#11,not-merged
682,v,serve#v#01,serve#v#10,not-merged
683,v,serve#v#01,serve#v#07,not-merged
684,v,serve#v#01,serve#v#09,not-merged
685,v,serve#v#01,serve#v#15,not-merged
686,v,serve#v#13,serve#v#02,merged
687,v,serve#v#13,serve#v#08,not-merged
688,v,serve#v#13,serve#v#14,not-merged
689,v,serve#v#13,serve#v#06,not-merged
690,v,serve#v#13,serve#v#05,not-merged
691,v,serve#v#13,serve#v#11,not-merged
692,v,serve#v#13,serve#v#10,not-merged
693,v,serve#v#13,serve#v#07,not-merged
694,v,serve#v#13,serve#v#09,not-merged
695,v,serve#v#13,serve#v#15,not-merged
696,v,serve#v#02,serve#v#08,not-merged
697,v,serve#v#02,serve#v#14,not-merged
698,v,serve#v#02,serve#v#06,not-merged
699,v,serve#v#02,serve#v#05,not-merged
700,v,serve#v#02,serve#v#11,not-merged
701,v,serve#v#02,serve#v#10,not-merged
702,v,serve#v#02,serve#v#07,not-merged
703,v,serve#v#02,serve#v#09,not-merged
704,v,serve#v#02,serve#v#15,not-merged
705,v,serve#v#08,serve#v#14,merged
706,v,serve#v#08,serve#v#06,not-merged
707,v,serve#v#08,serve#v#05,not-merged
708,v,serve#v#08,serve#v#11,not-merged
709,v,serve#v#08,serve#v#10,not-merged
710,v,serve#v#08,serve#v#07,not-merged
711,v,serve#v#08,serve#v#09,not-merged
712,v,serve#v#08,serve#v#15,not-merged
713,v,serve#v#14,serve#v#06,not-merged
714,v,serve#v#14,serve#v#05,not-merged
715,v,serve#v#14,serve#v#11,not-merged
716,v,serve#v#14,serve#v#10,not-merged
717,v,serve#v#14,serve#v#07,not-merged
718,v,serve#v#14,serve#v#09,not-merged
719,v,serve#v#14,serve#v#15,not-merged
720,v,serve#v#06,serve#v#05,merged
721,v,serve#v#06,serve#v#11,merged
722,v,serve#v#06,serve#v#10,not-merged
723,v,serve#v#06,serve#v#07,not-merged
724,v,serve#v#06,serve#v#09,not-merged
725,v,serve#v#06,serve#v#15,not-merged
726,v,serve#v#05,serve#v#11,merged
727,v,serve#v#05,serve#v#10,not-merged
728,v,serve#v#05,serve#v#07,not-merged
729,v,serve#v#05,serve#v#09,not-merged
730,v,serve#v#05,serve#v#15,not-merged
731,v,serve#v#11,serve#v#10,not-merged
732,v,serve#v#11,serve#v#07,not-merged
733,v,serve#v#11,serve#v#09,not-merged
734,v,serve#v#11,serve#v#15,not-merged
735,v,serve#v#10,serve#v#07,merged
736,v,serve#v#10,serve#v#09,not-merged
737,v,serve#v#10,serve#v#15,not-merged
738,v,serve#v#07,serve#v#09,not-merged
739,v,serve#v#07,serve#v#15,not-merged
740,v,serve#v#09,serve#v#15,not-merged
741,n,nature#n#04,nature#n#01,merged
742,n,nature#n#04,nature#n#03,not-merged
743,n,nature#n#04,nature#n#02,not-merged
744,n,nature#n#04,nature#n#05,not-merged
745,n,nature#n#01,nature#n#03,not-merged
746,n,nature#n#01,nature#n#02,not-merged
747,n,nature#n#01,nature#n#05,not-merged
748,n,nature#n#03,nature#n#02,merged
749,n,nature#n#03,nature#n#05,not-merged
750,n,nature#n#02,nature#n#05,not-merged
751,n,art#n#01,art#n#03,not-merged
752,n,art#n#01,art#n#02,not-merged
753,n,art#n#03,art#n#02,merged
754,v,use#v#03,use#v#01,merged
755,v,use#v#03,use#v#04,not-merged
756,v,use#v#03,use#v#02,not-merged
757,v,use#v#03,use#v#06,not-merged
758,v,use#v#01,use#v#04,not-merged
759,v,use#v#01,use#v#02,not-merged
760,v,use#v#01,use#v#06,not-merged
761,v,use#v#04,use#v#02,merged
762,v,use#v#04,use#v#06,not-merged
763,v,use#v#02,use#v#06,not-merged
764,v,live#v#07,live#v#02,merged
765,v,dress_up#v#01,dress_up#v#02,not-merged
766,v,equal#v#02,equal#v#03,not-merged
767,n,yew#n#02,yew#n#01,merged
768,n,rock#n#02,rock#n#01,merged
769,v,reject#v#06,reject#v#04,merged
770,n,stress#n#04,stress#n#01,merged
771,n,stress#n#04,stress#n#05,not-merged
772,n,stress#n#04,stress#n#03,not-merged
773,n,stress#n#01,stress#n#05,not-merged
774,n,stress#n#01,stress#n#03,not-merged
775,n,stress#n#05,stress#n#03,not-merged
776,v,strike#v#02,strike#v#20,merged
777,v,strike#v#02,strike#v#04,not-merged
778,v,strike#v#02,strike#v#13,not-merged
779,v,strike#v#02,strike#v#11,not-merged
780,v,strike#v#02,strike#v#21,not-merged
781,v,strike#v#02,strike#v#05,not-merged
782,v,strike#v#02,strike#v#07,not-merged
783,v,strike#v#02,strike#v#10,not-merged
784,v,strike#v#02,strike#v#14,not-merged
785,v,strike#v#20,strike#v#04,not-merged
786,v,strike#v#20,strike#v#13,not-merged
787,v,strike#v#20,strike#v#11,not-merged
788,v,strike#v#20,strike#v#21,not-merged
789,v,strike#v#20,strike#v#05,not-merged
790,v,strike#v#20,strike#v#07,not-merged
791,v,strike#v#20,strike#v#10,not-merged
792,v,strike#v#20,strike#v#14,not-merged
793,v,strike#v#04,strike#v#13,not-merged
794,v,strike#v#04,strike#v#11,not-merged
795,v,strike#v#04,strike#v#21,not-merged
796,v,strike#v#04,strike#v#05,not-merged
797,v,strike#v#04,strike#v#07,not-merged
798,v,strike#v#04,strike#v#10,not-merged
799,v,strike#v#04,strike#v#14,not-merged
800,v,strike#v#13,strike#v#11,merged
801,v,strike#v#13,strike#v#21,not-merged
802,v,strike#v#13,strike#v#05,not-merged
803,v,strike#v#13,strike#v#07,not-merged
804,v,strike#v#13,strike#v#10,not-merged
805,v,strike#v#13,strike#v#14,not-merged
806,v,strike#v#11,strike#v#21,not-merged
807,v,strike#v#11,strike#v#05,not-merged
808,v,strike#v#11,strike#v#07,not-merged
809,v,strike#v#11,strike#v#10,not-merged
810,v,strike#v#11,strike#v#14,not-merged
811,v,strike#v#21,strike#v#05,not-merged
812,v,strike#v#21,strike#v#07,not-merged
813,v,strike#v#21,strike#v#10,not-merged
814,v,strike#v#21,strike#v#14,not-merged
815,v,strike#v#05,strike#v#07,not-merged
816,v,strike#v#05,strike#v#10,not-merged
817,v,strike#v#05,strike#v#14,not-merged
818,v,strike#v#07,strike#v#10,not-merged
819,v,strike#v#07,strike#v#14,not-merged
820,v,strike#v#10,strike#v#14,not-merged
821,s,material#s#04,material#s#01,merged
822,v,wash_out#v#02,wash_out#v#06,not-merged
823,v,wash_out#v#02,wash_out#v#05,not-merged
824,v,wash_out#v#02,wash_out#v#07,not-merged
825,v,wash_out#v#02,wash_out#v#03,not-merged
826,v,wash_out#v#06,wash_out#v#05,merged
827,v,wash_out#v#06,wash_out#v#07,merged
828,v,wash_out#v#06,wash_out#v#03,not-merged
829,v,wash_out#v#05,wash_out#v#07,merged
830,v,wash_out#v#05,wash_out#v#03,not-merged
831,v,wash_out#v#07,wash_out#v#03,not-merged
832,v,act#v#03,act#v#10,merged
833,v,act#v#03,act#v#05,not-merged
834,v,act#v#10,act#v#05,not-merged
835,v,dally#v#04,dally#v#01,merged
836,n,extent#n#02,extent#n#01,merged
837,v,drive#v#02,drive#v#01,merged
838,v,drive#v#02,drive#v#03,merged
839,v,drive#v#02,drive#v#12,merged
840,v,drive#v#02,drive#v#13,merged
841,v,drive#v#02,drive#v#14,merged
842,v,drive#v#02,drive#v#16,merged
843,v,drive#v#02,drive#v#05,not-merged
844,v,drive#v#02,drive#v#07,not-merged
845,v,drive#v#02,drive#v#09,not-merged
846,v,drive#v#02,drive#v#17,not-merged
847,v,drive#v#02,drive#v#18,not-merged
848,v,drive#v#02,drive#v#21,not-merged
849,v,drive#v#02,drive#v#08,not-merged
850,v,drive#v#02,drive#v#22,not-merged
851,v,drive#v#02,drive#v#11,not-merged
852,v,drive#v#02,drive#v#19,not-merged
853,v,drive#v#02,drive#v#20,not-merged
854,v,drive#v#01,drive#v#03,merged
855,v,drive#v#01,drive#v#12,merged
856,v,drive#v#01,drive#v#13,merged
857,v,drive#v#01,drive#v#14,merged
858,v,drive#v#01,drive#v#16,merged
859,v,drive#v#01,drive#v#05,not-merged
860,v,drive#v#01,drive#v#07,not-merged
861,v,drive#v#01,drive#v#09,not-merged
862,v,drive#v#01,drive#v#17,not-merged
863,v,drive#v#01,drive#v#18,not-merged
864,v,drive#v#01,drive#v#21,not-merged
865,v,drive#v#01,drive#v#08,not-merged
866,v,drive#v#01,drive#v#22,not-merged
867,v,drive#v#01,drive#v#11,not-merged
868,v,drive#v#01,drive#v#19,not-merged
869,v,drive#v#01,drive#v#20,not-merged
870,v,drive#v#03,drive#v#12,merged
871,v,drive#v#03,drive#v#13,merged
872,v,drive#v#03,drive#v#14,merged
873,v,drive#v#03,drive#v#16,merged
874,v,drive#v#03,drive#v#05,not-merged
875,v,drive#v#03,drive#v#07,not-merged
876,v,drive#v#03,drive#v#09,not-merged
877,v,drive#v#03,drive#v#17,not-merged
878,v,drive#v#03,drive#v#18,not-merged
879,v,drive#v#03,drive#v#21,not-merged
880,v,drive#v#03,drive#v#08,not-merged
881,v,drive#v#03,drive#v#22,not-merged
882,v,drive#v#03,drive#v#11,not-merged
883,v,drive#v#03,drive#v#19,not-merged
884,v,drive#v#03,drive#v#20,not-merged
888,v,drive#v#12,drive#v#05,not-merged
889,v,drive#v#12,drive#v#07,not-merged
890,v,drive#v#12,drive#v#09,not-merged
893,v,drive#v#12,drive#v#21,not-merged
894,v,drive#v#12,drive#v#08,not-merged
898,v,drive#v#12,drive#v#20,not-merged
901,v,drive#v#13,drive#v#05,not-merged
902,v,drive#v#13,drive#v#07,not-merged
903,v,drive#v#13,drive#v#09,not-merged
906,v,drive#v#13,drive#v#21,not-merged
907,v,drive#v#13,drive#v#08,not-merged
911,v,drive#v#13,drive#v#20,not-merged
913,v,drive#v#14,drive#v#05,not-merged
914,v,drive#v#14,drive#v#07,not-merged
915,v,drive#v#14,drive#v#09,not-merged
918,v,drive#v#14,drive#v#21,not-merged
919,v,drive#v#14,drive#v#08,not-merged
923,v,drive#v#14,drive#v#20,not-merged
924,v,drive#v#16,drive#v#05,not-merged
925,v,drive#v#16,drive#v#07,not-merged
926,v,drive#v#16,drive#v#09,not-merged
929,v,drive#v#16,drive#v#21,not-merged
930,v,drive#v#16,drive#v#08,not-merged
934,v,drive#v#16,drive#v#20,not-merged
935,v,drive#v#05,drive#v#07,merged
936,v,drive#v#05,drive#v#09,not-merged
937,v,drive#v#05,drive#v#17,not-merged
938,v,drive#v#05,drive#v#18,not-merged
939,v,drive#v#05,drive#v#21,not-merged
940,v,drive#v#05,drive#v#08,not-merged
941,v,drive#v#05,drive#v#22,not-merged
942,v,drive#v#05,drive#v#11,not-merged
943,v,drive#v#05,drive#v#19,not-merged
944,v,drive#v#05,drive#v#20,not-merged
945,v,drive#v#07,drive#v#09,not-merged
946,v,drive#v#07,drive#v#17,not-merged
947,v,drive#v#07,drive#v#18,not-merged
948,v,drive#v#07,drive#v#21,not-merged
949,v,drive#v#07,drive#v#08,not-merged
950,v,drive#v#07,drive#v#22,not-merged
951,v,drive#v#07,drive#v#11,not-merged
952,v,drive#v#07,drive#v#19,not-merged
953,v,drive#v#07,drive#v#20,not-merged
954,v,drive#v#09,drive#v#17,merged
955,v,drive#v#09,drive#v#18,merged
956,v,drive#v#09,drive#v#21,not-merged
957,v,drive#v#09,drive#v#08,not-merged
958,v,drive#v#09,drive#v#22,not-merged
959,v,drive#v#09,drive#v#11,not-merged
960,v,drive#v#09,drive#v#19,not-merged
961,v,drive#v#09,drive#v#20,not-merged
963,v,drive#v#17,drive#v#21,not-merged
964,v,drive#v#17,drive#v#08,not-merged
965,v,drive#v#17,drive#v#22,not-merged
966,v,drive#v#17,drive#v#11,not-merged
968,v,drive#v#17,drive#v#20,not-merged
969,v,drive#v#18,drive#v#21,not-merged
970,v,drive#v#18,drive#v#08,not-merged
971,v,drive#v#18,drive#v#22,not-merged
972,v,drive#v#18,drive#v#11,not-merged
974,v,drive#v#18,drive#v#20,not-merged
975,v,drive#v#21,drive#v#08,merged
979,v,drive#v#21,drive#v#20,not-merged
980,v,drive#v#08,drive#v#22,merged
981,v,drive#v#08,drive#v#11,not-merged
982,v,drive#v#08,drive#v#19,not-merged
983,v,drive#v#08,drive#v#20,not-merged
986,v,drive#v#22,drive#v#20,not-merged
988,v,drive#v#11,drive#v#20,not-merged
989,v,drive#v#19,drive#v#20,not-merged
990,n,shock#n#04,shock#n#06,merged
991,n,shock#n#04,shock#n#02,not-merged
992,n,shock#n#04,shock#n#05,not-merged
993,n,shock#n#04,shock#n#07,not-merged
994,n,shock#n#04,shock#n#08,not-merged
995,n,shock#n#06,shock#n#02,not-merged
996,n,shock#n#06,shock#n#05,not-merged
997,n,shock#n#06,shock#n#07,not-merged
998,n,shock#n#06,shock#n#08,not-merged
999,n,shock#n#02,shock#n#05,not-merged
1000,n,shock#n#02,shock#n#07,not-merged
1001,n,shock#n#02,shock#n#08,not-merged
1002,n,shock#n#05,shock#n#07,not-merged
1003,n,shock#n#05,shock#n#08,not-merged
1004,n,shock#n#07,shock#n#08,not-merged
1005,n,fish#n#01,fish#n#02,not-merged
1006,n,spade#n#01,spade#n#02,not-merged
1007,n,restraint#n#01,restraint#n#04,merged
1008,n,restraint#n#01,restraint#n#02,not-merged
1009,n,restraint#n#01,restraint#n#06,not-merged
1010,n,restraint#n#04,restraint#n#02,not-merged
1011,n,restraint#n#04,restraint#n#06,not-merged
1012,n,restraint#n#02,restraint#n#06,not-merged
1013,v,prolong#v#01,prolong#v#02,not-merged
1014,n,appeal#n#03,appeal#n#02,not-merged
1015,n,child#n#03,child#n#01,merged
1016,n,child#n#03,child#n#04,not-merged
1017,n,child#n#03,child#n#02,not-merged
1018,n,child#n#01,child#n#04,not-merged
1019,n,child#n#01,child#n#02,not-merged
1020,n,child#n#04,child#n#02,merged
1022,v,preserve#v#04,conserve#v#02,not-merged
1023,v,match#v#01,match#v#02,not-merged
1024,v,match#v#01,match#v#09,not-merged
1025,v,match#v#01,match#v#05,not-merged
1026,v,match#v#01,match#v#03,not-merged
1027,v,match#v#02,match#v#09,not-merged
1028,v,match#v#02,match#v#05,not-merged
1029,v,match#v#02,match#v#03,not-merged
1030,v,match#v#09,match#v#05,merged
1031,v,match#v#09,match#v#03,not-merged
1032,v,match#v#05,match#v#03,not-merged
1033,n,detention#n#01,detention#n#02,not-merged
1034,v,develop#v#01,develop#v#03,not-merged
1035,v,develop#v#01,develop#v#09,not-merged
1036,v,develop#v#01,develop#v#10,not-merged
1037,v,develop#v#01,develop#v#14,not-merged
1038,v,develop#v#01,build_up#v#05,not-merged
1039,v,develop#v#01,develop#v#12,not-merged
1040,v,develop#v#01,develop#v#13,not-merged
1041,v,develop#v#01,develop#v#19,not-merged
1042,v,develop#v#01,develop#v#18,not-merged
1043,v,develop#v#01,develop#v#17,not-merged
1044,v,develop#v#01,develop#v#15,not-merged
1045,v,develop#v#01,develop#v#16,not-merged
1046,v,develop#v#01,develop#v#21,not-merged
1047,v,develop#v#03,develop#v#09,not-merged
1048,v,develop#v#03,develop#v#10,not-merged
1049,v,develop#v#03,develop#v#14,not-merged
1050,v,develop#v#03,build_up#v#05,not-merged
1051,v,develop#v#03,develop#v#12,not-merged
1052,v,develop#v#03,develop#v#13,not-merged
1053,v,develop#v#03,develop#v#19,not-merged
1054,v,develop#v#03,develop#v#18,not-merged
1055,v,develop#v#03,develop#v#17,not-merged
1056,v,develop#v#03,develop#v#15,not-merged
1057,v,develop#v#03,develop#v#16,not-merged
1058,v,develop#v#03,develop#v#21,not-merged
1059,v,develop#v#09,develop#v#10,merged
1060,v,develop#v#09,develop#v#14,merged
1061,v,develop#v#09,build_up#v#05,not-merged
1062,v,develop#v#09,develop#v#12,not-merged
1063,v,develop#v#09,develop#v#13,not-merged
1064,v,develop#v#09,develop#v#19,not-merged
1065,v,develop#v#09,develop#v#18,not-merged
1066,v,develop#v#09,develop#v#17,not-merged
1067,v,develop#v#09,develop#v#15,not-merged
1068,v,develop#v#09,develop#v#16,not-merged
1069,v,develop#v#09,develop#v#21,not-merged
1070,v,develop#v#10,develop#v#14,merged
1071,v,develop#v#10,build_up#v#05,not-merged
1072,v,develop#v#10,develop#v#12,not-merged
1073,v,develop#v#10,develop#v#13,not-merged
1074,v,develop#v#10,develop#v#19,not-merged
1075,v,develop#v#10,develop#v#18,not-merged
1076,v,develop#v#10,develop#v#17,not-merged
1077,v,develop#v#10,develop#v#15,not-merged
1078,v,develop#v#10,develop#v#16,not-merged
1079,v,develop#v#10,develop#v#21,not-merged
1080,v,develop#v#14,build_up#v#05,not-merged
1081,v,develop#v#14,develop#v#12,not-merged
1082,v,develop#v#14,develop#v#13,not-merged
1083,v,develop#v#14,develop#v#19,not-merged
1084,v,develop#v#14,develop#v#18,not-merged
1085,v,develop#v#14,develop#v#17,not-merged
1086,v,develop#v#14,develop#v#15,not-merged
1087,v,develop#v#14,develop#v#16,not-merged
1088,v,develop#v#14,develop#v#21,not-merged
1089,v,build_up#v#05,develop#v#12,merged
1090,v,build_up#v#05,develop#v#13,merged
1091,v,build_up#v#05,develop#v#19,merged
1092,v,build_up#v#05,develop#v#18,not-merged
1093,v,build_up#v#05,develop#v#17,not-merged
1094,v,build_up#v#05,develop#v#15,not-merged
1095,v,build_up#v#05,develop#v#16,not-merged
1096,v,build_up#v#05,develop#v#21,not-merged
1097,v,develop#v#12,develop#v#13,merged
1098,v,develop#v#12,develop#v#19,merged
1099,v,develop#v#12,develop#v#18,not-merged
1100,v,develop#v#12,develop#v#17,not-merged
1101,v,develop#v#12,develop#v#15,not-merged
1102,v,develop#v#12,develop#v#16,not-merged
1103,v,develop#v#12,develop#v#21,not-merged
1104,v,develop#v#13,develop#v#19,merged
1105,v,develop#v#13,develop#v#18,not-merged
1106,v,develop#v#13,develop#v#17,not-merged
1107,v,develop#v#13,develop#v#15,not-merged
1108,v,develop#v#13,develop#v#16,not-merged
1109,v,develop#v#13,develop#v#21,not-merged
1110,v,develop#v#19,develop#v#18,not-merged
1111,v,develop#v#19,develop#v#17,not-merged
1112,v,develop#v#19,develop#v#15,not-merged
1113,v,develop#v#19,develop#v#16,not-merged
1114,v,develop#v#19,develop#v#21,not-merged
1115,v,develop#v#18,develop#v#17,merged
1116,v,develop#v#18,develop#v#15,not-merged
1117,v,develop#v#18,develop#v#16,not-merged
1118,v,develop#v#18,develop#v#21,not-merged
1119,v,develop#v#17,develop#v#15,not-merged
1120,v,develop#v#17,develop#v#16,not-merged
1121,v,develop#v#17,develop#v#21,not-merged
1122,v,develop#v#15,develop#v#16,not-merged
1123,v,develop#v#15,develop#v#21,not-merged
1124,v,develop#v#16,develop#v#21,not-merged
1128,v,strike_out#v#02,strike_out#v#03,not-merged
1129,v,strike_out#v#02,strike_out#v#06,not-merged
1130,v,strike_out#v#03,strike_out#v#06,not-merged
1131,n,grip#n#06,grip#n#04,not-merged
1132,n,grip#n#06,grip#n#05,not-merged
1133,n,grip#n#04,grip#n#05,not-merged
1134,n,royalty#n#01,royalty#n#02,not-merged
1135,n,authority#n#06,authority#n#01,merged
1136,n,authority#n#06,authority#n#02,not-merged
1137,n,authority#n#06,authority#n#07,not-merged
1138,n,authority#n#06,authority#n#03,not-merged
1139,n,authority#n#01,authority#n#02,not-merged
1140,n,authority#n#01,authority#n#07,not-merged
1141,n,authority#n#01,authority#n#03,not-merged
1142,n,authority#n#02,authority#n#07,not-merged
1143,n,authority#n#02,authority#n#03,not-merged
1144,n,authority#n#07,authority#n#03,merged
1145,n,text#n#02,text#n#01,merged
1146,n,text#n#02,text#n#04,merged
1147,n,text#n#01,text#n#04,merged
1148,v,hit#v#02,hit#v#08,not-merged
1149,v,hit#v#02,hit#v#03,not-merged
1150,v,hit#v#08,hit#v#03,not-merged
1151,a,present#a#01,present#a#02,not-merged
1154,v,draw_out#v#03,draw_out#v#01,merged
1155,v,see#v#01,see#v#19,merged
1156,v,see#v#01,see#v#05,not-merged
1157,v,see#v#01,see#v#10,not-merged
1158,v,see#v#01,see#v#15,not-merged
1159,v,see#v#01,see#v#11,not-merged
1160,v,see#v#01,see#v#12,not-merged
1161,v,see#v#01,see#v#22,not-merged
1162,v,see#v#01,see#v#17,not-merged
1163,v,see#v#01,see#v#18,not-merged
1164,v,see#v#01,see#v#23,not-merged
1165,v,see#v#19,see#v#05,not-merged
1166,v,see#v#19,see#v#10,not-merged
1167,v,see#v#19,see#v#15,not-merged
1168,v,see#v#19,see#v#11,not-merged
1169,v,see#v#19,see#v#12,not-merged
1170,v,see#v#19,see#v#22,not-merged
1171,v,see#v#19,see#v#17,not-merged
1172,v,see#v#19,see#v#18,not-merged
1173,v,see#v#19,see#v#23,not-merged
1174,v,see#v#05,see#v#10,not-merged
1175,v,see#v#05,see#v#15,not-merged
1176,v,see#v#05,see#v#11,not-merged
1177,v,see#v#05,see#v#12,not-merged
1178,v,see#v#05,see#v#22,not-merged
1179,v,see#v#05,see#v#17,not-merged
1180,v,see#v#05,see#v#18,not-merged
1181,v,see#v#05,see#v#23,not-merged
1182,v,see#v#10,see#v#15,not-merged
1183,v,see#v#10,see#v#11,not-merged
1184,v,see#v#10,see#v#12,not-merged
1185,v,see#v#10,see#v#22,not-merged
1186,v,see#v#10,see#v#17,not-merged
1187,v,see#v#10,see#v#18,not-merged
1188,v,see#v#10,see#v#23,not-merged
1189,v,see#v#15,see#v#11,merged
1190,v,see#v#15,see#v#12,not-merged
1191,v,see#v#15,see#v#22,not-merged
1192,v,see#v#15,see#v#17,not-merged
1193,v,see#v#15,see#v#18,not-merged
1194,v,see#v#15,see#v#23,not-merged
1195,v,see#v#11,see#v#12,not-merged
1196,v,see#v#11,see#v#22,not-merged
1197,v,see#v#11,see#v#17,not-merged
1198,v,see#v#11,see#v#18,not-merged
1199,v,see#v#11,see#v#23,not-merged
1200,v,see#v#12,see#v#22,merged
1201,v,see#v#12,see#v#17,not-merged
1202,v,see#v#12,see#v#18,not-merged
1203,v,see#v#12,see#v#23,not-merged
1204,v,see#v#22,see#v#17,not-merged
1205,v,see#v#22,see#v#18,not-merged
1206,v,see#v#22,see#v#23,not-merged
1207,v,see#v#17,see#v#18,not-merged
1208,v,see#v#17,see#v#23,not-merged
1209,v,see#v#18,see#v#23,not-merged
1210,n,importance#n#02,importance#n#01,merged
1211,n,feeling#n#06,feeling#n#04,not-merged
1212,n,feeling#n#06,feeling#n#01,not-merged
1213,n,feeling#n#04,feeling#n#01,not-merged
1214,n,mouth#n#02,mouth#n#01,merged
1215,n,mouth#n#02,mouth#n#04,not-merged
1216,n,mouth#n#02,mouth#n#03,not-merged
1217,n,mouth#n#02,mouth#n#08,not-merged
1218,n,mouth#n#02,mouth#n#05,not-merged
1219,n,mouth#n#01,mouth#n#04,not-merged
1220,n,mouth#n#01,mouth#n#03,not-merged
1221,n,mouth#n#01,mouth#n#08,not-merged
1222,n,mouth#n#01,mouth#n#05,not-merged
1223,n,mouth#n#04,mouth#n#03,merged
1224,n,mouth#n#04,mouth#n#08,merged
1225,n,mouth#n#04,mouth#n#05,not-merged
1226,n,mouth#n#03,mouth#n#08,merged
1227,n,mouth#n#03,mouth#n#05,not-merged
1228,n,mouth#n#08,mouth#n#05,not-merged
1229,n,shade#n#05,shade#n#01,merged
1230,n,shade#n#05,shade#n#02,not-merged
1231,n,shade#n#05,shade#n#03,not-merged
1232,n,shade#n#05,shade#n#08,not-merged
1233,n,shade#n#01,shade#n#02,not-merged
1234,n,shade#n#01,shade#n#03,not-merged
1235,n,shade#n#01,shade#n#08,not-merged
1236,n,shade#n#02,shade#n#03,not-merged
1237,n,shade#n#02,shade#n#08,not-merged
1238,n,shade#n#03,shade#n#08,not-merged
1239,n,visit#n#02,visit#n#01,merged
1240,v,have_a_bun_in_the_oven#v#01,bear#v#05,not-merged
1241,v,turn_down#v#04,turn_down#v#05,not-merged
1242,n,basin#n#01,basin#n#03,not-merged
1243,n,basin#n#01,basin#n#02,not-merged
1244,n,basin#n#03,basin#n#02,not-merged
1245,v,carry#v#17,carry#v#32,merged
1246,v,carry#v#17,carry#v#02,not-merged
1247,v,carry#v#17,carry#v#21,not-merged
1248,v,carry#v#17,carry#v#04,not-merged
1249,v,carry#v#17,carry#v#20,not-merged
1250,v,carry#v#17,carry#v#05,not-merged
1251,v,carry#v#17,carry#v#24,not-merged
1252,v,carry#v#17,carry#v#09,not-merged
1253,v,carry#v#17,carry#v#08,not-merged
1254,v,carry#v#17,carry#v#18,not-merged
1255,v,carry#v#17,carry#v#10,not-merged
1256,v,carry#v#17,carry#v#26,not-merged
1257,v,carry#v#17,carry#v#23,not-merged
1258,v,carry#v#17,carry#v#11,not-merged
1259,v,carry#v#17,carry#v#37,not-merged
1260,v,carry#v#17,carry#v#27,not-merged
1261,v,carry#v#17,carry#v#38,not-merged
1262,v,carry#v#17,carry#v#12,not-merged
1263,v,carry#v#17,carry#v#15,not-merged
1264,v,carry#v#17,carry#v#35,not-merged
1265,v,carry#v#17,carry#v#19,not-merged
1266,v,carry#v#17,carry#v#36,not-merged
1267,v,carry#v#17,carry#v#29,not-merged
1268,v,carry#v#17,carry#v#34,not-merged
1269,v,carry#v#17,carry#v#31,not-merged
1270,v,carry#v#17,carry#v#25,not-merged
1271,v,carry#v#17,carry#v#30,not-merged
1272,v,carry#v#17,carry#v#33,not-merged
1273,v,carry#v#17,carry#v#39,not-merged
1274,v,carry#v#32,carry#v#02,not-merged
1275,v,carry#v#32,carry#v#21,not-merged
1276,v,carry#v#32,carry#v#04,not-merged
1277,v,carry#v#32,carry#v#20,not-merged
1278,v,carry#v#32,carry#v#05,not-merged
1279,v,carry#v#32,carry#v#24,not-merged
1280,v,carry#v#32,carry#v#09,not-merged
1281,v,carry#v#32,carry#v#08,not-merged
1282,v,carry#v#32,carry#v#18,not-merged
1283,v,carry#v#32,carry#v#10,not-merged
1284,v,carry#v#32,carry#v#26,not-merged
1285,v,carry#v#32,carry#v#23,not-merged
1286,v,carry#v#32,carry#v#11,not-merged
1287,v,carry#v#32,carry#v#37,not-merged
1288,v,carry#v#32,carry#v#27,not-merged
1289,v,carry#v#32,carry#v#38,not-merged
1290,v,carry#v#32,carry#v#12,not-merged
1291,v,carry#v#32,carry#v#15,not-merged
1292,v,carry#v#32,carry#v#35,not-merged
1293,v,carry#v#32,carry#v#19,not-merged
1294,v,carry#v#32,carry#v#36,not-merged
1295,v,carry#v#32,carry#v#29,not-merged
1296,v,carry#v#32,carry#v#34,not-merged
1297,v,carry#v#32,carry#v#31,not-merged
1298,v,carry#v#32,carry#v#25,not-merged
1299,v,carry#v#32,carry#v#30,not-merged
1300,v,carry#v#32,carry#v#33,not-merged
1301,v,carry#v#32,carry#v#39,not-merged
1302,v,carry#v#02,carry#v#21,merged
1303,v,carry#v#02,carry#v#04,not-merged
1304,v,carry#v#02,carry#v#20,not-merged
1305,v,carry#v#02,carry#v#05,not-merged
1306,v,carry#v#02,carry#v#24,not-merged
1307,v,carry#v#02,carry#v#09,not-merged
1308,v,carry#v#02,carry#v#08,not-merged
1309,v,carry#v#02,carry#v#18,not-merged
1310,v,carry#v#02,carry#v#10,not-merged
1311,v,carry#v#02,carry#v#26,not-merged
1312,v,carry#v#02,carry#v#23,not-merged
1313,v,carry#v#02,carry#v#11,not-merged
1314,v,carry#v#02,carry#v#37,not-merged
1315,v,carry#v#02,carry#v#27,not-merged
1316,v,carry#v#02,carry#v#38,not-merged
1317,v,carry#v#02,carry#v#12,not-merged
1318,v,carry#v#02,carry#v#15,not-merged
1319,v,carry#v#02,carry#v#35,not-merged
1320,v,carry#v#02,carry#v#19,not-merged
1321,v,carry#v#02,carry#v#36,not-merged
1322,v,carry#v#02,carry#v#29,not-merged
1323,v,carry#v#02,carry#v#34,not-merged
1324,v,carry#v#02,carry#v#31,not-merged
1325,v,carry#v#02,carry#v#25,not-merged
1326,v,carry#v#02,carry#v#30,not-merged
1327,v,carry#v#02,carry#v#33,not-merged
1328,v,carry#v#02,carry#v#39,not-merged
1329,v,carry#v#21,carry#v#04,not-merged
1330,v,carry#v#21,carry#v#20,not-merged
1331,v,carry#v#21,carry#v#05,not-merged
1332,v,carry#v#21,carry#v#24,not-merged
1333,v,carry#v#21,carry#v#09,not-merged
1334,v,carry#v#21,carry#v#08,not-merged
1335,v,carry#v#21,carry#v#18,not-merged
1336,v,carry#v#21,carry#v#10,not-merged
1337,v,carry#v#21,carry#v#26,not-merged
1338,v,carry#v#21,carry#v#23,not-merged
1339,v,carry#v#21,carry#v#11,not-merged
1340,v,carry#v#21,carry#v#37,not-merged
1341,v,carry#v#21,carry#v#27,not-merged
1342,v,carry#v#21,carry#v#38,not-merged
1343,v,carry#v#21,carry#v#12,not-merged
1344,v,carry#v#21,carry#v#15,not-merged
1345,v,carry#v#21,carry#v#35,not-merged
1346,v,carry#v#21,carry#v#19,not-merged
1347,v,carry#v#21,carry#v#36,not-merged
1348,v,carry#v#21,carry#v#29,not-merged
1349,v,carry#v#21,carry#v#34,not-merged
1350,v,carry#v#21,carry#v#31,not-merged
1351,v,carry#v#21,carry#v#25,not-merged
1352,v,carry#v#21,carry#v#30,not-merged
1353,v,carry#v#21,carry#v#33,not-merged
1354,v,carry#v#21,carry#v#39,not-merged
1355,v,carry#v#04,carry#v#20,not-merged
1356,v,carry#v#04,carry#v#05,not-merged
1357,v,carry#v#04,carry#v#24,not-merged
1358,v,carry#v#04,carry#v#09,not-merged
1359,v,carry#v#04,carry#v#08,not-merged
1360,v,carry#v#04,carry#v#18,not-merged
1361,v,carry#v#04,carry#v#10,not-merged
1362,v,carry#v#04,carry#v#26,not-merged
1363,v,carry#v#04,carry#v#23,not-merged
1364,v,carry#v#04,carry#v#11,not-merged
1365,v,carry#v#04,carry#v#37,not-merged
1366,v,carry#v#04,carry#v#27,not-merged
1367,v,carry#v#04,carry#v#38,not-merged
1368,v,carry#v#04,carry#v#12,not-merged
1369,v,carry#v#04,carry#v#15,not-merged
1370,v,carry#v#04,carry#v#35,not-merged
1371,v,carry#v#04,carry#v#19,not-merged
1372,v,carry#v#04,carry#v#36,not-merged
1373,v,carry#v#04,carry#v#29,not-merged
1374,v,carry#v#04,carry#v#34,not-merged
1375,v,carry#v#04,carry#v#31,not-merged
1376,v,carry#v#04,carry#v#25,not-merged
1377,v,carry#v#04,carry#v#30,not-merged
1378,v,carry#v#04,carry#v#33,not-merged
1379,v,carry#v#04,carry#v#39,not-merged
1380,v,carry#v#20,carry#v#05,merged
1381,v,carry#v#20,carry#v#24,merged
1382,v,carry#v#20,carry#v#09,not-merged
1383,v,carry#v#20,carry#v#08,not-merged
1384,v,carry#v#20,carry#v#18,not-merged
1385,v,carry#v#20,carry#v#10,not-merged
1386,v,carry#v#20,carry#v#26,not-merged
1387,v,carry#v#20,carry#v#23,not-merged
1388,v,carry#v#20,carry#v#11,not-merged
1389,v,carry#v#20,carry#v#37,not-merged
1390,v,carry#v#20,carry#v#27,not-merged
1391,v,carry#v#20,carry#v#38,not-merged
1392,v,carry#v#20,carry#v#12,not-merged
1393,v,carry#v#20,carry#v#15,not-merged
1394,v,carry#v#20,carry#v#35,not-merged
1395,v,carry#v#20,carry#v#19,not-merged
1396,v,carry#v#20,carry#v#36,not-merged
1397,v,carry#v#20,carry#v#29,not-merged
1398,v,carry#v#20,carry#v#34,not-merged
1399,v,carry#v#20,carry#v#31,not-merged
1400,v,carry#v#20,carry#v#25,not-merged
1401,v,carry#v#20,carry#v#30,not-merged
1402,v,carry#v#20,carry#v#33,not-merged
1403,v,carry#v#20,carry#v#39,not-merged
1404,v,carry#v#05,carry#v#24,merged
1405,v,carry#v#05,carry#v#09,not-merged
1406,v,carry#v#05,carry#v#08,not-merged
1407,v,carry#v#05,carry#v#18,not-merged
1408,v,carry#v#05,carry#v#10,not-merged
1409,v,carry#v#05,carry#v#26,not-merged
1410,v,carry#v#05,carry#v#23,not-merged
1411,v,carry#v#05,carry#v#11,not-merged
1412,v,carry#v#05,carry#v#37,not-merged
1413,v,carry#v#05,carry#v#27,not-merged
1414,v,carry#v#05,carry#v#38,not-merged
1415,v,carry#v#05,carry#v#12,not-merged
1416,v,carry#v#05,carry#v#15,not-merged
1417,v,carry#v#05,carry#v#35,not-merged
1418,v,carry#v#05,carry#v#19,not-merged
1419,v,carry#v#05,carry#v#36,not-merged
1420,v,carry#v#05,carry#v#29,not-merged
1421,v,carry#v#05,carry#v#34,not-merged
1422,v,carry#v#05,carry#v#31,not-merged
1423,v,carry#v#05,carry#v#25,not-merged
1424,v,carry#v#05,carry#v#30,not-merged
1425,v,carry#v#05,carry#v#33,not-merged
1426,v,carry#v#05,carry#v#39,not-merged
1427,v,carry#v#24,carry#v#09,not-merged
1428,v,carry#v#24,carry#v#08,not-merged
1429,v,carry#v#24,carry#v#18,not-merged
1430,v,carry#v#24,carry#v#10,not-merged
1431,v,carry#v#24,carry#v#26,not-merged
1432,v,carry#v#24,carry#v#23,not-merged
1433,v,carry#v#24,carry#v#11,not-merged
1434,v,carry#v#24,carry#v#37,not-merged
1435,v,carry#v#24,carry#v#27,not-merged
1436,v,carry#v#24,carry#v#38,not-merged
1437,v,carry#v#24,carry#v#12,not-merged
1438,v,carry#v#24,carry#v#15,not-merged
1439,v,carry#v#24,carry#v#35,not-merged
1440,v,carry#v#24,carry#v#19,not-merged
1441,v,carry#v#24,carry#v#36,not-merged
1442,v,carry#v#24,carry#v#29,not-merged
1443,v,carry#v#24,carry#v#34,not-merged
1444,v,carry#v#24,carry#v#31,not-merged
1445,v,carry#v#24,carry#v#25,not-merged
1446,v,carry#v#24,carry#v#30,not-merged
1447,v,carry#v#24,carry#v#33,not-merged
1448,v,carry#v#24,carry#v#39,not-merged
1449,v,carry#v#09,carry#v#08,merged
1450,v,carry#v#09,carry#v#18,not-merged
1451,v,carry#v#09,carry#v#10,not-merged
1452,v,carry#v#09,carry#v#26,not-merged
1453,v,carry#v#09,carry#v#23,not-merged
1454,v,carry#v#09,carry#v#11,not-merged
1455,v,carry#v#09,carry#v#37,not-merged
1456,v,carry#v#09,carry#v#27,not-merged
1457,v,carry#v#09,carry#v#38,not-merged
1458,v,carry#v#09,carry#v#12,not-merged
1459,v,carry#v#09,carry#v#15,not-merged
1460,v,carry#v#09,carry#v#35,not-merged
1461,v,carry#v#09,carry#v#19,not-merged
1462,v,carry#v#09,carry#v#36,not-merged
1463,v,carry#v#09,carry#v#29,not-merged
1464,v,carry#v#09,carry#v#34,not-merged
1465,v,carry#v#09,carry#v#31,not-merged
1466,v,carry#v#09,carry#v#25,not-merged
1467,v,carry#v#09,carry#v#30,not-merged
1468,v,carry#v#09,carry#v#33,not-merged
1469,v,carry#v#09,carry#v#39,not-merged
1470,v,carry#v#08,carry#v#18,not-merged
1471,v,carry#v#08,carry#v#10,not-merged
1472,v,carry#v#08,carry#v#26,not-merged
1473,v,carry#v#08,carry#v#23,not-merged
1474,v,carry#v#08,carry#v#11,not-merged
1475,v,carry#v#08,carry#v#37,not-merged
1476,v,carry#v#08,carry#v#27,not-merged
1477,v,carry#v#08,carry#v#38,not-merged
1478,v,carry#v#08,carry#v#12,not-merged
1479,v,carry#v#08,carry#v#15,not-merged
1480,v,carry#v#08,carry#v#35,not-merged
1481,v,carry#v#08,carry#v#19,not-merged
1482,v,carry#v#08,carry#v#36,not-merged
1483,v,carry#v#08,carry#v#29,not-merged
1484,v,carry#v#08,carry#v#34,not-merged
1485,v,carry#v#08,carry#v#31,not-merged
1486,v,carry#v#08,carry#v#25,not-merged
1487,v,carry#v#08,carry#v#30,not-merged
1488,v,carry#v#08,carry#v#33,not-merged
1489,v,carry#v#08,carry#v#39,not-merged
1490,v,carry#v#18,carry#v#10,merged
1491,v,carry#v#18,carry#v#26,merged
1492,v,carry#v#18,carry#v#23,not-merged
1493,v,carry#v#18,carry#v#11,not-merged
1494,v,carry#v#18,carry#v#37,not-merged
1495,v,carry#v#18,carry#v#27,not-merged
1496,v,carry#v#18,carry#v#38,not-merged
1497,v,carry#v#18,carry#v#12,not-merged
1498,v,carry#v#18,carry#v#15,not-merged
1499,v,carry#v#18,carry#v#35,not-merged
1500,v,carry#v#18,carry#v#19,not-merged
1501,v,carry#v#18,carry#v#36,not-merged
1502,v,carry#v#18,carry#v#29,not-merged
1503,v,carry#v#18,carry#v#34,not-merged
1504,v,carry#v#18,carry#v#31,not-merged
1505,v,carry#v#18,carry#v#25,not-merged
1506,v,carry#v#18,carry#v#30,not-merged
1507,v,carry#v#18,carry#v#33,not-merged
1508,v,carry#v#18,carry#v#39,not-merged
1509,v,carry#v#10,carry#v#26,merged
1510,v,carry#v#10,carry#v#23,not-merged
1511,v,carry#v#10,carry#v#11,not-merged
1512,v,carry#v#10,carry#v#37,not-merged
1513,v,carry#v#10,carry#v#27,not-merged
1514,v,carry#v#10,carry#v#38,not-merged
1515,v,carry#v#10,carry#v#12,not-merged
1516,v,carry#v#10,carry#v#15,not-merged
1517,v,carry#v#10,carry#v#35,not-merged
1518,v,carry#v#10,carry#v#19,not-merged
1519,v,carry#v#10,carry#v#36,not-merged
1520,v,carry#v#10,carry#v#29,not-merged
1521,v,carry#v#10,carry#v#34,not-merged
1522,v,carry#v#10,carry#v#31,not-merged
1523,v,carry#v#10,carry#v#25,not-merged
1524,v,carry#v#10,carry#v#30,not-merged
1525,v,carry#v#10,carry#v#33,not-merged
1526,v,carry#v#10,carry#v#39,not-merged
1527,v,carry#v#26,carry#v#23,not-merged
1528,v,carry#v#26,carry#v#11,not-merged
1529,v,carry#v#26,carry#v#37,not-merged
1530,v,carry#v#26,carry#v#27,not-merged
1531,v,carry#v#26,carry#v#38,not-merged
1532,v,carry#v#26,carry#v#12,not-merged
1533,v,carry#v#26,carry#v#15,not-merged
1534,v,carry#v#26,carry#v#35,not-merged
1535,v,carry#v#26,carry#v#19,not-merged
1536,v,carry#v#26,carry#v#36,not-merged
1537,v,carry#v#26,carry#v#29,not-merged
1538,v,carry#v#26,carry#v#34,not-merged
1539,v,carry#v#26,carry#v#31,not-merged
1540,v,carry#v#26,carry#v#25,not-merged
1541,v,carry#v#26,carry#v#30,not-merged
1542,v,carry#v#26,carry#v#33,not-merged
1543,v,carry#v#26,carry#v#39,not-merged
1544,v,carry#v#23,carry#v#11,merged
1545,v,carry#v#23,carry#v#37,merged
1546,v,carry#v#23,carry#v#27,merged
1547,v,carry#v#23,carry#v#38,merged
1548,v,carry#v#23,carry#v#12,not-merged
1549,v,carry#v#23,carry#v#15,not-merged
1550,v,carry#v#23,carry#v#35,not-merged
1551,v,carry#v#23,carry#v#19,not-merged
1552,v,carry#v#23,carry#v#36,not-merged
1553,v,carry#v#23,carry#v#29,not-merged
1554,v,carry#v#23,carry#v#34,not-merged
1555,v,carry#v#23,carry#v#31,not-merged
1556,v,carry#v#23,carry#v#25,not-merged
1557,v,carry#v#23,carry#v#30,not-merged
1558,v,carry#v#23,carry#v#33,not-merged
1559,v,carry#v#23,carry#v#39,not-merged
1560,v,carry#v#11,carry#v#37,merged
1561,v,carry#v#11,carry#v#27,merged
1562,v,carry#v#11,carry#v#38,merged
1563,v,carry#v#11,carry#v#12,not-merged
1564,v,carry#v#11,carry#v#15,not-merged
1565,v,carry#v#11,carry#v#35,not-merged
1566,v,carry#v#11,carry#v#19,not-merged
1567,v,carry#v#11,carry#v#36,not-merged
1568,v,carry#v#11,carry#v#29,not-merged
1569,v,carry#v#11,carry#v#34,not-merged
1570,v,carry#v#11,carry#v#31,not-merged
1571,v,carry#v#11,carry#v#25,not-merged
1572,v,carry#v#11,carry#v#30,not-merged
1573,v,carry#v#11,carry#v#33,not-merged
1574,v,carry#v#11,carry#v#39,not-merged
1575,v,carry#v#37,carry#v#27,merged
1576,v,carry#v#37,carry#v#38,merged
1577,v,carry#v#37,carry#v#12,not-merged
1578,v,carry#v#37,carry#v#15,not-merged
1579,v,carry#v#37,carry#v#35,not-merged
1580,v,carry#v#37,carry#v#19,not-merged
1581,v,carry#v#37,carry#v#36,not-merged
1582,v,carry#v#37,carry#v#29,not-merged
1583,v,carry#v#37,carry#v#34,not-merged
1584,v,carry#v#37,carry#v#31,not-merged
1585,v,carry#v#37,carry#v#25,not-merged
1586,v,carry#v#37,carry#v#30,not-merged
1587,v,carry#v#37,carry#v#33,not-merged
1588,v,carry#v#37,carry#v#39,not-merged
1589,v,carry#v#27,carry#v#38,merged
1590,v,carry#v#27,carry#v#12,not-merged
1591,v,carry#v#27,carry#v#15,not-merged
1592,v,carry#v#27,carry#v#35,not-merged
1593,v,carry#v#27,carry#v#19,not-merged
1594,v,carry#v#27,carry#v#36,not-merged
1595,v,carry#v#27,carry#v#29,not-merged
1596,v,carry#v#27,carry#v#34,not-merged
1597,v,carry#v#27,carry#v#31,not-merged
1598,v,carry#v#27,carry#v#25,not-merged
1599,v,carry#v#27,carry#v#30,not-merged
1600,v,carry#v#27,carry#v#33,not-merged
1601,v,carry#v#27,carry#v#39,not-merged
1602,v,carry#v#38,carry#v#12,not-merged
1603,v,carry#v#38,carry#v#15,not-merged
1604,v,carry#v#38,carry#v#35,not-merged
1605,v,carry#v#38,carry#v#19,not-merged
1606,v,carry#v#38,carry#v#36,not-merged
1607,v,carry#v#38,carry#v#29,not-merged
1608,v,carry#v#38,carry#v#34,not-merged
1609,v,carry#v#38,carry#v#31,not-merged
1610,v,carry#v#38,carry#v#25,not-merged
1611,v,carry#v#38,carry#v#30,not-merged
1612,v,carry#v#38,carry#v#33,not-merged
1613,v,carry#v#38,carry#v#39,not-merged
1614,v,carry#v#12,carry#v#15,merged
1615,v,carry#v#12,carry#v#35,not-merged
1616,v,carry#v#12,carry#v#19,not-merged
1617,v,carry#v#12,carry#v#36,not-merged
1618,v,carry#v#12,carry#v#29,not-merged
1619,v,carry#v#12,carry#v#34,not-merged
1620,v,carry#v#12,carry#v#31,not-merged
1621,v,carry#v#12,carry#v#25,not-merged
1622,v,carry#v#12,carry#v#30,not-merged
1623,v,carry#v#12,carry#v#33,not-merged
1624,v,carry#v#12,carry#v#39,not-merged
1625,v,carry#v#15,carry#v#35,not-merged
1626,v,carry#v#15,carry#v#19,not-merged
1627,v,carry#v#15,carry#v#36,not-merged
1628,v,carry#v#15,carry#v#29,not-merged
1629,v,carry#v#15,carry#v#34,not-merged
1630,v,carry#v#15,carry#v#31,not-merged
1631,v,carry#v#15,carry#v#25,not-merged
1632,v,carry#v#15,carry#v#30,not-merged
1633,v,carry#v#15,carry#v#33,not-merged
1634,v,carry#v#15,carry#v#39,not-merged
1635,v,carry#v#35,carry#v#19,merged
1636,v,carry#v#35,carry#v#36,merged
1637,v,carry#v#35,carry#v#29,not-merged
1638,v,carry#v#35,carry#v#34,not-merged
1639,v,carry#v#35,carry#v#31,not-merged
1640,v,carry#v#35,carry#v#25,not-merged
1641,v,carry#v#35,carry#v#30,not-merged
1642,v,carry#v#35,carry#v#33,not-merged
1643,v,carry#v#35,carry#v#39,not-merged
1644,v,carry#v#19,carry#v#36,merged
1645,v,carry#v#19,carry#v#29,not-merged
1646,v,carry#v#19,carry#v#34,not-merged
1647,v,carry#v#19,carry#v#31,not-merged
1648,v,carry#v#19,carry#v#25,not-merged
1649,v,carry#v#19,carry#v#30,not-merged
1650,v,carry#v#19,carry#v#33,not-merged
1651,v,carry#v#19,carry#v#39,not-merged
1652,v,carry#v#36,carry#v#29,not-merged
1653,v,carry#v#36,carry#v#34,not-merged
1654,v,carry#v#36,carry#v#31,not-merged
1655,v,carry#v#36,carry#v#25,not-merged
1656,v,carry#v#36,carry#v#30,not-merged
1657,v,carry#v#36,carry#v#33,not-merged
1658,v,carry#v#36,carry#v#39,not-merged
1659,v,carry#v#29,carry#v#34,not-merged
1660,v,carry#v#29,carry#v#31,not-merged
1661,v,carry#v#29,carry#v#25,not-merged
1662,v,carry#v#29,carry#v#30,not-merged
1663,v,carry#v#29,carry#v#33,not-merged
1664,v,carry#v#29,carry#v#39,not-merged
1665,v,carry#v#34,carry#v#31,merged
1666,v,carry#v#34,carry#v#25,not-merged
1667,v,carry#v#34,carry#v#30,not-merged
1668,v,carry#v#34,carry#v#33,not-merged
1669,v,carry#v#34,carry#v#39,not-merged
1670,v,carry#v#31,carry#v#25,not-merged
1671,v,carry#v#31,carry#v#30,not-merged
1672,v,carry#v#31,carry#v#33,not-merged
1673,v,carry#v#31,carry#v#39,not-merged
1674,v,carry#v#25,carry#v#30,not-merged
1675,v,carry#v#25,carry#v#33,not-merged
1676,v,carry#v#25,carry#v#39,not-merged
1677,v,carry#v#30,carry#v#33,not-merged
1678,v,carry#v#30,carry#v#39,not-merged
1679,v,carry#v#33,carry#v#39,not-merged
1680,n,air#n#03,air#n#01,merged
1681,n,air#n#03,air#n#09,merged
1682,n,air#n#03,air#n#04,not-merged
1683,n,air#n#03,air#n#06,not-merged
1684,n,air#n#01,air#n#09,merged
1685,n,air#n#01,air#n#04,not-merged
1686,n,air#n#01,air#n#06,not-merged
1687,n,air#n#09,air#n#04,not-merged
1688,n,air#n#09,air#n#06,not-merged
1689,n,air#n#04,air#n#06,not-merged
1690,n,slot#n#01,slot#n#04,merged
1691,n,slot#n#01,slot#n#02,not-merged
1692,n,slot#n#01,slot#n#05,not-merged
1693,n,slot#n#01,slot#n#06,not-merged
1694,n,slot#n#01,slot#n#07,not-merged
1695,n,slot#n#04,slot#n#02,not-merged
1696,n,slot#n#04,slot#n#05,not-merged
1697,n,slot#n#04,slot#n#06,not-merged
1698,n,slot#n#04,slot#n#07,not-merged
1699,n,slot#n#02,slot#n#05,not-merged
1700,n,slot#n#02,slot#n#06,not-merged
1701,n,slot#n#02,slot#n#07,not-merged
1702,n,slot#n#05,slot#n#06,not-merged
1703,n,slot#n#05,slot#n#07,not-merged
1704,n,slot#n#06,slot#n#07,not-merged
1705,n,mail#n#02,mail#n#04,merged
1706,v,meet#v#06,meet#v#10,not-merged
1707,v,meet#v#06,meet#v#01,not-merged
1708,v,meet#v#10,meet#v#01,not-merged
1709,n,nation#n#03,nation#n#02,not-merged
1710,n,nation#n#03,nation#n#04,not-merged
1711,n,nation#n#02,nation#n#04,not-merged
1712,n,present#n#01,present#n#02,not-merged
1713,n,present#n#01,present#n#03,not-merged
1714,n,present#n#02,present#n#03,not-merged
1715,v,replace#v#01,replace#v#04,not-merged
1716,n,church#n#01,church#n#02,not-merged
1717,v,visit#v#03,visit#v#01,not-merged
1718,n,channel#n#07,channel#n#01,merged
1719,n,channel#n#07,channel#n#04,not-merged
1720,n,channel#n#07,channel#n#05,not-merged
1721,n,channel#n#01,channel#n#04,not-merged
1722,n,channel#n#01,channel#n#05,not-merged
1723,n,channel#n#04,channel#n#05,not-merged
1724,n,hearth#n#03,hearth#n#02,not-merged
1725,v,keep#v#01,keep#v#03,not-merged
1726,v,keep#v#01,keep#v#21,not-merged
1727,v,keep#v#01,keep#v#15,not-merged
1728,v,keep#v#01,keep#v#07,not-merged
1729,v,keep#v#01,keep#v#16,not-merged
1730,v,keep#v#01,keep#v#09,not-merged
1731,v,keep#v#01,keep#v#12,not-merged
1732,v,keep#v#01,keep#v#19,not-merged
1733,v,keep#v#01,keep#v#18,not-merged
1734,v,keep#v#01,keep#v#20,not-merged
1735,v,keep#v#01,keep#v#08,not-merged
1736,v,keep#v#03,keep#v#21,not-merged
1737,v,keep#v#03,keep#v#15,not-merged
1738,v,keep#v#03,keep#v#07,not-merged
1739,v,keep#v#03,keep#v#16,not-merged
1740,v,keep#v#03,keep#v#09,not-merged
1741,v,keep#v#03,keep#v#12,not-merged
1742,v,keep#v#03,keep#v#19,not-merged
1743,v,keep#v#03,keep#v#18,not-merged
1744,v,keep#v#03,keep#v#20,not-merged
1745,v,keep#v#03,keep#v#08,not-merged
1746,v,keep#v#21,keep#v#15,not-merged
1747,v,keep#v#21,keep#v#07,not-merged
1748,v,keep#v#21,keep#v#16,not-merged
1749,v,keep#v#21,keep#v#09,not-merged
1750,v,keep#v#21,keep#v#12,not-merged
1751,v,keep#v#21,keep#v#19,not-merged
1752,v,keep#v#21,keep#v#18,not-merged
1753,v,keep#v#21,keep#v#20,not-merged
1754,v,keep#v#21,keep#v#08,not-merged
1755,v,keep#v#15,keep#v#07,merged
1756,v,keep#v#15,keep#v#16,merged
1757,v,keep#v#15,keep#v#09,not-merged
1758,v,keep#v#15,keep#v#12,not-merged
1759,v,keep#v#15,keep#v#19,not-merged
1760,v,keep#v#15,keep#v#18,not-merged
1761,v,keep#v#15,keep#v#20,not-merged
1762,v,keep#v#15,keep#v#08,not-merged
1763,v,keep#v#07,keep#v#16,merged
1764,v,keep#v#07,keep#v#09,not-merged
1765,v,keep#v#07,keep#v#12,not-merged
1766,v,keep#v#07,keep#v#19,not-merged
1767,v,keep#v#07,keep#v#18,not-merged
1768,v,keep#v#07,keep#v#20,not-merged
1769,v,keep#v#07,keep#v#08,not-merged
1770,v,keep#v#16,keep#v#09,not-merged
1771,v,keep#v#16,keep#v#12,not-merged
1772,v,keep#v#16,keep#v#19,not-merged
1773,v,keep#v#16,keep#v#18,not-merged
1774,v,keep#v#16,keep#v#20,not-merged
1775,v,keep#v#16,keep#v#08,not-merged
1776,v,keep#v#09,keep#v#12,not-merged
1777,v,keep#v#09,keep#v#19,not-merged
1778,v,keep#v#09,keep#v#18,not-merged
1779,v,keep#v#09,keep#v#20,not-merged
1780,v,keep#v#09,keep#v#08,not-merged
1781,v,keep#v#12,keep#v#19,not-merged
1782,v,keep#v#12,keep#v#18,not-merged
1783,v,keep#v#12,keep#v#20,not-merged
1784,v,keep#v#12,keep#v#08,not-merged
1785,v,keep#v#19,keep#v#18,merged
1786,v,keep#v#19,keep#v#20,merged
1787,v,keep#v#19,keep#v#08,not-merged
1788,v,keep#v#18,keep#v#20,merged
1789,v,keep#v#18,keep#v#08,not-merged
1790,v,keep#v#20,keep#v#08,not-merged
1791,v,wash#v#02,wash#v#01,merged
1792,v,wash#v#02,wash#v#03,merged
1793,v,wash#v#02,wash#v#05,merged
1794,v,wash#v#02,wash#v#13,merged
1795,v,wash#v#02,wash#v#10,not-merged
1796,v,wash#v#02,wash#v#04,not-merged
1797,v,wash#v#02,wash#v#09,not-merged
1798,v,wash#v#02,wash#v#07,not-merged
1799,v,wash#v#02,wash#v#06,not-merged
1800,v,wash#v#02,wash#v#08,not-merged
1801,v,wash#v#01,wash#v#03,merged
1802,v,wash#v#01,wash#v#05,merged
1803,v,wash#v#01,wash#v#13,merged
1804,v,wash#v#01,wash#v#10,not-merged
1805,v,wash#v#01,wash#v#04,not-merged
1806,v,wash#v#01,wash#v#09,not-merged
1807,v,wash#v#01,wash#v#07,not-merged
1808,v,wash#v#01,wash#v#06,not-merged
1809,v,wash#v#01,wash#v#08,not-merged
1810,v,wash#v#03,wash#v#05,merged
1811,v,wash#v#03,wash#v#13,merged
1812,v,wash#v#03,wash#v#10,not-merged
1813,v,wash#v#03,wash#v#04,not-merged
1814,v,wash#v#03,wash#v#09,not-merged
1815,v,wash#v#03,wash#v#07,not-merged
1816,v,wash#v#03,wash#v#06,not-merged
1817,v,wash#v#03,wash#v#08,not-merged
1818,v,wash#v#05,wash#v#13,merged
1819,v,wash#v#05,wash#v#10,not-merged
1820,v,wash#v#05,wash#v#04,not-merged
1821,v,wash#v#05,wash#v#09,not-merged
1822,v,wash#v#05,wash#v#07,not-merged
1823,v,wash#v#05,wash#v#06,not-merged
1824,v,wash#v#05,wash#v#08,not-merged
1825,v,wash#v#13,wash#v#10,not-merged
1826,v,wash#v#13,wash#v#04,not-merged
1827,v,wash#v#13,wash#v#09,not-merged
1828,v,wash#v#13,wash#v#07,not-merged
1829,v,wash#v#13,wash#v#06,not-merged
1830,v,wash#v#13,wash#v#08,not-merged
1831,v,wash#v#10,wash#v#04,merged
1832,v,wash#v#10,wash#v#09,not-merged
1833,v,wash#v#10,wash#v#07,not-merged
1834,v,wash#v#10,wash#v#06,not-merged
1835,v,wash#v#10,wash#v#08,not-merged
1836,v,wash#v#04,wash#v#09,not-merged
1837,v,wash#v#04,wash#v#07,not-merged
1838,v,wash#v#04,wash#v#06,not-merged
1839,v,wash#v#04,wash#v#08,not-merged
1840,v,wash#v#09,wash#v#07,merged
1841,v,wash#v#09,wash#v#06,not-merged
1842,v,wash#v#09,wash#v#08,not-merged
1843,v,wash#v#07,wash#v#06,not-merged
1844,v,wash#v#07,wash#v#08,not-merged
1845,v,wash#v#06,wash#v#08,not-merged
1846,v,turn_on#v#03,turn_on#v#04,not-merged
1847,v,call_in#v#02,call_in#v#01,merged
1848,v,call_in#v#02,call_in#v#04,not-merged
1849,v,call_in#v#02,call_in#v#05,not-merged
1850,v,call_in#v#01,call_in#v#04,not-merged
1851,v,call_in#v#01,call_in#v#05,not-merged
1852,v,call_in#v#04,call_in#v#05,not-merged
1853,v,determine#v#01,determine#v#08,not-merged
1854,v,drift#v#07,drift#v#09,not-merged
1855,v,drift#v#07,drift#v#04,not-merged
1856,v,drift#v#07,drift#v#06,not-merged
1857,v,drift#v#07,drift#v#08,not-merged
1858,v,drift#v#07,drift#v#10,not-merged
1859,v,drift#v#09,drift#v#04,merged
1860,v,drift#v#09,drift#v#06,not-merged
1861,v,drift#v#09,drift#v#08,not-merged
1862,v,drift#v#09,drift#v#10,not-merged
1863,v,drift#v#04,drift#v#06,not-merged
1864,v,drift#v#04,drift#v#08,not-merged
1865,v,drift#v#04,drift#v#10,not-merged
1866,v,drift#v#06,drift#v#08,not-merged
1867,v,drift#v#06,drift#v#10,not-merged
1868,v,drift#v#08,drift#v#10,not-merged
1869,v,train#v#01,train#v#08,not-merged
1870,v,train#v#01,train#v#02,not-merged
1871,v,train#v#01,train#v#09,not-merged
1872,v,train#v#01,train#v#10,not-merged
1873,v,train#v#08,train#v#02,merged
1874,v,train#v#08,train#v#09,not-merged
1875,v,train#v#08,train#v#10,not-merged
1876,v,train#v#02,train#v#09,not-merged
1877,v,train#v#02,train#v#10,not-merged
1878,v,train#v#09,train#v#10,not-merged
1879,v,keep_up#v#01,keep_up#v#04,not-merged
1880,v,keep_up#v#01,keep_up#v#05,not-merged
1881,v,keep_up#v#04,keep_up#v#05,not-merged
1882,a,material#a#02,material#a#03,not-merged
1883,n,day#n#08,day#n#01,merged
1884,n,day#n#08,day#n#05,not-merged
1885,n,day#n#08,day#n#03,not-merged
1886,n,day#n#08,day#n#07,not-merged
1887,n,day#n#08,day#n#06,not-merged
1888,n,day#n#08,day#n#02,not-merged
1889,n,day#n#08,day#n#04,not-merged
1890,n,day#n#08,day#n#10,not-merged
1891,n,day#n#01,day#n#05,not-merged
1892,n,day#n#01,day#n#03,not-merged
1893,n,day#n#01,day#n#07,not-merged
1894,n,day#n#01,day#n#06,not-merged
1895,n,day#n#01,day#n#02,not-merged
1896,n,day#n#01,day#n#04,not-merged
1897,n,day#n#01,day#n#10,not-merged
1898,n,day#n#05,day#n#03,merged
1899,n,day#n#05,day#n#07,not-merged
1900,n,day#n#05,day#n#06,not-merged
1901,n,day#n#05,day#n#02,not-merged
1902,n,day#n#05,day#n#04,not-merged
1903,n,day#n#05,day#n#10,not-merged
1904,n,day#n#03,day#n#07,not-merged
1905,n,day#n#03,day#n#06,not-merged
1906,n,day#n#03,day#n#02,not-merged
1907,n,day#n#03,day#n#04,not-merged
1908,n,day#n#03,day#n#10,not-merged
1909,n,day#n#07,day#n#06,merged
1910,n,day#n#07,day#n#02,not-merged
1911,n,day#n#07,day#n#04,not-merged
1912,n,day#n#07,day#n#10,not-merged
1913,n,day#n#06,day#n#02,not-merged
1914,n,day#n#06,day#n#04,not-merged
1915,n,day#n#06,day#n#10,not-merged
1916,n,day#n#02,day#n#04,not-merged
1917,n,day#n#02,day#n#10,not-merged
1918,n,day#n#04,day#n#10,not-merged
1919,n,lap#n#05,lap#n#01,not-merged
1920,n,lap#n#05,lap#n#02,not-merged
1921,n,lap#n#05,lap#n#03,not-merged
1922,n,lap#n#05,lap#n#04,not-merged
1923,n,lap#n#01,lap#n#02,not-merged
1924,n,lap#n#01,lap#n#03,not-merged
1925,n,lap#n#01,lap#n#04,not-merged
1926,n,lap#n#02,lap#n#03,not-merged
1927,n,lap#n#02,lap#n#04,not-merged
1928,n,lap#n#03,lap#n#04,not-merged
1929,n,fatigue#n#03,fatigue#n#01,merged
1930,n,fatigue#n#03,fatigue#n#02,not-merged
1931,n,fatigue#n#01,fatigue#n#02,not-merged
1932,v,find#v#03,find#v#10,merged
1933,v,find#v#03,find#v#05,not-merged
1934,v,find#v#03,find#v#13,not-merged
1935,v,find#v#03,find#v#01,not-merged
1936,v,find#v#03,find#v#15,not-merged
1937,v,find#v#10,find#v#05,not-merged
1939,v,find#v#10,find#v#01,not-merged
1941,v,find#v#05,find#v#13,not-merged
1942,v,find#v#05,find#v#01,not-merged
1943,v,find#v#05,find#v#15,not-merged
1944,v,find#v#13,find#v#01,not-merged
1946,v,find#v#01,find#v#15,not-merged
1947,v,leave#v#01,leave#v#08,merged
1948,v,leave#v#01,leave#v#12,not-merged
1949,v,leave#v#01,leave#v#02,not-merged
1950,v,leave#v#01,leave#v#07,not-merged
1951,v,leave#v#01,leave#v#03,not-merged
1952,v,leave#v#01,leave#v#04,not-merged
1953,v,leave#v#01,leave#v#06,not-merged
1954,v,leave#v#01,leave#v#11,not-merged
1955,v,leave#v#08,leave#v#12,not-merged
1956,v,leave#v#08,leave#v#02,not-merged
1957,v,leave#v#08,leave#v#07,not-merged
1958,v,leave#v#08,leave#v#03,not-merged
1959,v,leave#v#08,leave#v#04,not-merged
1960,v,leave#v#08,leave#v#06,not-merged
1961,v,leave#v#08,leave#v#11,not-merged
1962,v,leave#v#12,leave#v#02,merged
1963,v,leave#v#12,leave#v#07,not-merged
1964,v,leave#v#12,leave#v#03,not-merged
1965,v,leave#v#12,leave#v#04,not-merged
1966,v,leave#v#12,leave#v#06,not-merged
1967,v,leave#v#12,leave#v#11,not-merged
1968,v,leave#v#02,leave#v#07,not-merged
1969,v,leave#v#02,leave#v#03,not-merged
1970,v,leave#v#02,leave#v#04,not-merged
1971,v,leave#v#02,leave#v#06,not-merged
1972,v,leave#v#02,leave#v#11,not-merged
1973,v,leave#v#07,leave#v#03,merged
1974,v,leave#v#07,leave#v#04,not-merged
1975,v,leave#v#07,leave#v#06,not-merged
1976,v,leave#v#07,leave#v#11,not-merged
1977,v,leave#v#03,leave#v#04,not-merged
1978,v,leave#v#03,leave#v#06,not-merged
1979,v,leave#v#03,leave#v#11,not-merged
1980,v,leave#v#04,leave#v#06,not-merged
1981,v,leave#v#04,leave#v#11,not-merged
1982,v,leave#v#06,leave#v#11,not-merged
1983,v,call#v#03,call#v#19,merged
1984,v,call#v#03,call#v#13,not-merged
1985,v,call#v#03,call#v#02,not-merged
1986,v,call#v#03,call#v#28,not-merged
1987,v,call#v#03,call#v#07,not-merged
1988,v,call#v#03,call#v#04,not-merged
1989,v,call#v#03,call#v#08,not-merged
1990,v,call#v#03,call#v#09,not-merged
1991,v,call#v#03,call#v#12,not-merged
1992,v,call#v#03,call#v#16,not-merged
1993,v,call#v#03,call#v#23,not-merged
1994,v,call#v#03,call#v#14,not-merged
1995,v,call#v#03,call#v#10,not-merged
1996,v,call#v#03,call#v#21,not-merged
1997,v,call#v#03,call#v#26,not-merged
1998,v,call#v#03,call#v#15,not-merged
1999,v,call#v#03,call#v#27,not-merged
2000,v,call#v#03,call#v#18,not-merged
2001,v,call#v#03,call#v#25,not-merged
2002,v,call#v#03,call#v#20,not-merged
2003,v,call#v#03,call#v#11,not-merged
2004,v,call#v#19,call#v#13,not-merged
2005,v,call#v#19,call#v#02,not-merged
2006,v,call#v#19,call#v#28,not-merged
2007,v,call#v#19,call#v#07,not-merged
2008,v,call#v#19,call#v#04,not-merged
2009,v,call#v#19,call#v#08,not-merged
2010,v,call#v#19,call#v#09,not-merged
2011,v,call#v#19,call#v#12,not-merged
2012,v,call#v#19,call#v#16,not-merged
2013,v,call#v#19,call#v#23,not-merged
2014,v,call#v#19,call#v#14,not-merged
2015,v,call#v#19,call#v#10,not-merged
2016,v,call#v#19,call#v#21,not-merged
2017,v,call#v#19,call#v#26,not-merged
2018,v,call#v#19,call#v#15,not-merged
2019,v,call#v#19,call#v#27,not-merged
2020,v,call#v#19,call#v#18,not-merged
2021,v,call#v#19,call#v#25,not-merged
2022,v,call#v#19,call#v#20,not-merged
2023,v,call#v#19,call#v#11,not-merged
2024,v,call#v#13,call#v#02,merged
2025,v,call#v#13,call#v#28,merged
2026,v,call#v#13,call#v#07,not-merged
2027,v,call#v#13,call#v#04,not-merged
2028,v,call#v#13,call#v#08,not-merged
2029,v,call#v#13,call#v#09,not-merged
2030,v,call#v#13,call#v#12,not-merged
2031,v,call#v#13,call#v#16,not-merged
2032,v,call#v#13,call#v#23,not-merged
2033,v,call#v#13,call#v#14,not-merged
2034,v,call#v#13,call#v#10,not-merged
2035,v,call#v#13,call#v#21,not-merged
2036,v,call#v#13,call#v#26,not-merged
2037,v,call#v#13,call#v#15,not-merged
2038,v,call#v#13,call#v#27,not-merged
2039,v,call#v#13,call#v#18,not-merged
2040,v,call#v#13,call#v#25,not-merged
2041,v,call#v#13,call#v#20,not-merged
2042,v,call#v#13,call#v#11,not-merged
2043,v,call#v#02,call#v#28,merged
2044,v,call#v#02,call#v#07,not-merged
2045,v,call#v#02,call#v#04,not-merged
2046,v,call#v#02,call#v#08,not-merged
2047,v,call#v#02,call#v#09,not-merged
2048,v,call#v#02,call#v#12,not-merged
2049,v,call#v#02,call#v#16,not-merged
2050,v,call#v#02,call#v#23,not-merged
2051,v,call#v#02,call#v#14,not-merged
2052,v,call#v#02,call#v#10,not-merged
2053,v,call#v#02,call#v#21,not-merged
2054,v,call#v#02,call#v#26,not-merged
2055,v,call#v#02,call#v#15,not-merged
2056,v,call#v#02,call#v#27,not-merged
2057,v,call#v#02,call#v#18,not-merged
2058,v,call#v#02,call#v#25,not-merged
2059,v,call#v#02,call#v#20,not-merged
2060,v,call#v#02,call#v#11,not-merged
2061,v,call#v#28,call#v#07,not-merged
2062,v,call#v#28,call#v#04,not-merged
2063,v,call#v#28,call#v#08,not-merged
2064,v,call#v#28,call#v#09,not-merged
2065,v,call#v#28,call#v#12,not-merged
2066,v,call#v#28,call#v#16,not-merged
2067,v,call#v#28,call#v#23,not-merged
2068,v,call#v#28,call#v#14,not-merged
2069,v,call#v#28,call#v#10,not-merged
2070,v,call#v#28,call#v#21,not-merged
2071,v,call#v#28,call#v#26,not-merged
2072,v,call#v#28,call#v#15,not-merged
2073,v,call#v#28,call#v#27,not-merged
2074,v,call#v#28,call#v#18,not-merged
2075,v,call#v#28,call#v#25,not-merged
2076,v,call#v#28,call#v#20,not-merged
2077,v,call#v#28,call#v#11,not-merged
2078,v,call#v#07,call#v#04,merged
2079,v,call#v#07,call#v#08,merged
2080,v,call#v#07,call#v#09,merged
2081,v,call#v#07,call#v#12,not-merged
2082,v,call#v#07,call#v#16,not-merged
2083,v,call#v#07,call#v#23,not-merged
2084,v,call#v#07,call#v#14,not-merged
2085,v,call#v#07,call#v#10,not-merged
2086,v,call#v#07,call#v#21,not-merged
2087,v,call#v#07,call#v#26,not-merged
2088,v,call#v#07,call#v#15,not-merged
2089,v,call#v#07,call#v#27,not-merged
2090,v,call#v#07,call#v#18,not-merged
2091,v,call#v#07,call#v#25,not-merged
2092,v,call#v#07,call#v#20,not-merged
2093,v,call#v#07,call#v#11,not-merged
2094,v,call#v#04,call#v#08,merged
2095,v,call#v#04,call#v#09,merged
2096,v,call#v#04,call#v#12,not-merged
2097,v,call#v#04,call#v#16,not-merged
2098,v,call#v#04,call#v#23,not-merged
2099,v,call#v#04,call#v#14,not-merged
2100,v,call#v#04,call#v#10,not-merged
2101,v,call#v#04,call#v#21,not-merged
2102,v,call#v#04,call#v#26,not-merged
2103,v,call#v#04,call#v#15,not-merged
2104,v,call#v#04,call#v#27,not-merged
2105,v,call#v#04,call#v#18,not-merged
2106,v,call#v#04,call#v#25,not-merged
2107,v,call#v#04,call#v#20,not-merged
2108,v,call#v#04,call#v#11,not-merged
2109,v,call#v#08,call#v#09,merged
2110,v,call#v#08,call#v#12,not-merged
2111,v,call#v#08,call#v#16,not-merged
2112,v,call#v#08,call#v#23,not-merged
2113,v,call#v#08,call#v#14,not-merged
2114,v,call#v#08,call#v#10,not-merged
2115,v,call#v#08,call#v#21,not-merged
2116,v,call#v#08,call#v#26,not-merged
2117,v,call#v#08,call#v#15,not-merged
2118,v,call#v#08,call#v#27,not-merged
2119,v,call#v#08,call#v#18,not-merged
2120,v,call#v#08,call#v#25,not-merged
2121,v,call#v#08,call#v#20,not-merged
2122,v,call#v#08,call#v#11,not-merged
2123,v,call#v#09,call#v#12,not-merged
2124,v,call#v#09,call#v#16,not-merged
2125,v,call#v#09,call#v#23,not-merged
2126,v,call#v#09,call#v#14,not-merged
2127,v,call#v#09,call#v#10,not-merged
2128,v,call#v#09,call#v#21,not-merged
2129,v,call#v#09,call#v#26,not-merged
2130,v,call#v#09,call#v#15,not-merged
2131,v,call#v#09,call#v#27,not-merged
2132,v,call#v#09,call#v#18,not-merged
2133,v,call#v#09,call#v#25,not-merged
2134,v,call#v#09,call#v#20,not-merged
2135,v,call#v#09,call#v#11,not-merged
2136,v,call#v#12,call#v#16,merged
2137,v,call#v#12,call#v#23,not-merged
2138,v,call#v#12,call#v#14,not-merged
2139,v,call#v#12,call#v#10,not-merged
2140,v,call#v#12,call#v#21,not-merged
2141,v,call#v#12,call#v#26,not-merged
2142,v,call#v#12,call#v#15,not-merged
2143,v,call#v#12,call#v#27,not-merged
2144,v,call#v#12,call#v#18,not-merged
2145,v,call#v#12,call#v#25,not-merged
2146,v,call#v#12,call#v#20,not-merged
2147,v,call#v#12,call#v#11,not-merged
2148,v,call#v#16,call#v#23,not-merged
2149,v,call#v#16,call#v#14,not-merged
2150,v,call#v#16,call#v#10,not-merged
2151,v,call#v#16,call#v#21,not-merged
2152,v,call#v#16,call#v#26,not-merged
2153,v,call#v#16,call#v#15,not-merged
2154,v,call#v#16,call#v#27,not-merged
2155,v,call#v#16,call#v#18,not-merged
2156,v,call#v#16,call#v#25,not-merged
2157,v,call#v#16,call#v#20,not-merged
2158,v,call#v#16,call#v#11,not-merged
2159,v,call#v#23,call#v#14,not-merged
2160,v,call#v#23,call#v#10,not-merged
2161,v,call#v#23,call#v#21,not-merged
2162,v,call#v#23,call#v#26,not-merged
2163,v,call#v#23,call#v#15,not-merged
2164,v,call#v#23,call#v#27,not-merged
2165,v,call#v#23,call#v#18,not-merged
2166,v,call#v#23,call#v#25,not-merged
2167,v,call#v#23,call#v#20,not-merged
2168,v,call#v#23,call#v#11,not-merged
2169,v,call#v#14,call#v#10,merged
2170,v,call#v#14,call#v#21,merged
2171,v,call#v#14,call#v#26,not-merged
2172,v,call#v#14,call#v#15,not-merged
2173,v,call#v#14,call#v#27,not-merged
2174,v,call#v#14,call#v#18,not-merged
2175,v,call#v#14,call#v#25,not-merged
2176,v,call#v#14,call#v#20,not-merged
2177,v,call#v#14,call#v#11,not-merged
2178,v,call#v#10,call#v#21,merged
2179,v,call#v#10,call#v#26,not-merged
2180,v,call#v#10,call#v#15,not-merged
2181,v,call#v#10,call#v#27,not-merged
2182,v,call#v#10,call#v#18,not-merged
2183,v,call#v#10,call#v#25,not-merged
2184,v,call#v#10,call#v#20,not-merged
2185,v,call#v#10,call#v#11,not-merged
2186,v,call#v#21,call#v#26,not-merged
2187,v,call#v#21,call#v#15,not-merged
2188,v,call#v#21,call#v#27,not-merged
2189,v,call#v#21,call#v#18,not-merged
2190,v,call#v#21,call#v#25,not-merged
2191,v,call#v#21,call#v#20,not-merged
2192,v,call#v#21,call#v#11,not-merged
2193,v,call#v#26,call#v#15,merged
2194,v,call#v#26,call#v#27,not-merged
2195,v,call#v#26,call#v#18,not-merged
2196,v,call#v#26,call#v#25,not-merged
2197,v,call#v#26,call#v#20,not-merged
2198,v,call#v#26,call#v#11,not-merged
2199,v,call#v#15,call#v#27,not-merged
2200,v,call#v#15,call#v#18,not-merged
2201,v,call#v#15,call#v#25,not-merged
2202,v,call#v#15,call#v#20,not-merged
2203,v,call#v#15,call#v#11,not-merged
2204,v,call#v#27,call#v#18,merged
2205,v,call#v#27,call#v#25,not-merged
2206,v,call#v#27,call#v#20,not-merged
2207,v,call#v#27,call#v#11,not-merged
2208,v,call#v#18,call#v#25,not-merged
2209,v,call#v#18,call#v#20,not-merged
2210,v,call#v#18,call#v#11,not-merged
2211,v,call#v#25,call#v#20,merged
2212,v,call#v#25,call#v#11,not-merged
2213,v,call#v#20,call#v#11,not-merged
2214,n,attack#n#01,attack#n#04,merged
2215,n,attack#n#01,attack#n#05,merged
2216,n,attack#n#01,attack#n#06,not-merged
2217,n,attack#n#01,attack#n#02,not-merged
2218,n,attack#n#01,attack#n#08,not-merged
2219,n,attack#n#04,attack#n#05,merged
2220,n,attack#n#04,attack#n#06,not-merged
2221,n,attack#n#04,attack#n#02,not-merged
2222,n,attack#n#04,attack#n#08,not-merged
2223,n,attack#n#05,attack#n#06,not-merged
2224,n,attack#n#05,attack#n#02,not-merged
2225,n,attack#n#05,attack#n#08,not-merged
2226,n,attack#n#06,attack#n#02,merged
2227,n,attack#n#06,attack#n#08,not-merged
2228,n,attack#n#02,attack#n#08,not-merged
2229,n,occupation#n#03,occupation#n#01,merged
2230,n,occupation#n#03,occupation#n#04,not-merged
2231,n,occupation#n#03,occupation#n#02,not-merged
2232,n,occupation#n#01,occupation#n#04,not-merged
2233,n,occupation#n#01,occupation#n#02,not-merged
2234,n,occupation#n#04,occupation#n#02,merged
2235,v,turn_out#v#02,turn_out#v#04,merged
2236,v,turn_out#v#02,turn_out#v#03,not-merged
2237,v,turn_out#v#02,turn_out#v#05,not-merged
2238,v,turn_out#v#02,turn_out#v#10,not-merged
2239,v,turn_out#v#04,turn_out#v#03,not-merged
2240,v,turn_out#v#04,turn_out#v#05,not-merged
2241,v,turn_out#v#04,turn_out#v#10,not-merged
2242,v,turn_out#v#03,turn_out#v#05,not-merged
2243,v,turn_out#v#03,turn_out#v#10,not-merged
2244,v,turn_out#v#05,turn_out#v#10,not-merged
2245,n,water#n#01,water#n#04,merged
2246,v,treat#v#08,treat#v#01,merged
2247,v,treat#v#08,treat#v#05,not-merged
2248,v,treat#v#08,treat#v#03,not-merged
2249,v,treat#v#08,treat#v#07,not-merged
2250,v,treat#v#01,treat#v#05,not-merged
2251,v,treat#v#01,treat#v#03,not-merged
2252,v,treat#v#01,treat#v#07,not-merged
2253,v,treat#v#05,treat#v#03,not-merged
2254,v,treat#v#05,treat#v#07,not-merged
2255,v,treat#v#03,treat#v#07,not-merged
2256,v,exercise#v#03,exercise#v#04,merged
2257,n,bar#n#02,bar#n#14,merged
2258,n,bar#n#02,bar#n#05,not-merged
2259,n,bar#n#02,bar#n#03,not-merged
2260,n,bar#n#02,bar#n#07,not-merged
2261,n,bar#n#02,bar#n#08,not-merged
2262,n,bar#n#02,bar#n#13,not-merged
2263,n,bar#n#14,bar#n#05,not-merged
2264,n,bar#n#14,bar#n#03,not-merged
2265,n,bar#n#14,bar#n#07,not-merged
2266,n,bar#n#14,bar#n#08,not-merged
2267,n,bar#n#14,bar#n#13,not-merged
2268,n,bar#n#05,bar#n#03,merged
2269,n,bar#n#05,bar#n#07,not-merged
2270,n,bar#n#05,bar#n#08,not-merged
2271,n,bar#n#05,bar#n#13,not-merged
2272,n,bar#n#03,bar#n#07,not-merged
2273,n,bar#n#03,bar#n#08,not-merged
2274,n,bar#n#03,bar#n#13,not-merged
2275,n,bar#n#07,bar#n#08,not-merged
2276,n,bar#n#07,bar#n#13,not-merged
2277,n,bar#n#08,bar#n#13,not-merged
2278,v,work#v#02,work#v#01,merged
2279,v,work#v#02,work#v#08,merged
2280,v,work#v#02,work#v#12,merged
2281,v,work#v#02,work#v#03,not-merged
2282,v,work#v#02,work#v#16,not-merged
2283,v,work#v#02,work#v#17,not-merged
2284,v,work#v#02,work#v#14,not-merged
2285,v,work#v#02,work#v#05,not-merged
2286,v,work#v#02,work#v#09,not-merged
2287,v,work#v#02,work#v#21,not-merged
2288,v,work#v#02,work#v#18,not-merged
2289,v,work#v#02,work#v#19,not-merged
2290,v,work#v#02,work#v#10,not-merged
2291,v,work#v#02,work#v#27,not-merged
2292,v,work#v#01,work#v#08,merged
2293,v,work#v#01,work#v#12,merged
2294,v,work#v#01,work#v#03,not-merged
2295,v,work#v#01,work#v#16,not-merged
2296,v,work#v#01,work#v#17,not-merged
2297,v,work#v#01,work#v#14,not-merged
2298,v,work#v#01,work#v#05,not-merged
2299,v,work#v#01,work#v#09,not-merged
2300,v,work#v#01,work#v#21,not-merged
2301,v,work#v#01,work#v#18,not-merged
2302,v,work#v#01,work#v#19,not-merged
2303,v,work#v#01,work#v#10,not-merged
2304,v,work#v#01,work#v#27,not-merged
2305,v,work#v#08,work#v#12,merged
2306,v,work#v#08,work#v#03,not-merged
2307,v,work#v#08,work#v#16,not-merged
2308,v,work#v#08,work#v#17,not-merged
2309,v,work#v#08,work#v#14,not-merged
2310,v,work#v#08,work#v#05,not-merged
2311,v,work#v#08,work#v#09,not-merged
2312,v,work#v#08,work#v#21,not-merged
2313,v,work#v#08,work#v#18,not-merged
2314,v,work#v#08,work#v#19,not-merged
2315,v,work#v#08,work#v#10,not-merged
2316,v,work#v#08,work#v#27,not-merged
2317,v,work#v#12,work#v#03,not-merged
2321,v,work#v#12,work#v#05,not-merged
2322,v,work#v#12,work#v#09,not-merged
2326,v,work#v#12,work#v#10,not-merged
2328,v,work#v#03,work#v#16,not-merged
2329,v,work#v#03,work#v#17,not-merged
2330,v,work#v#03,work#v#14,not-merged
2331,v,work#v#03,work#v#05,not-merged
2332,v,work#v#03,work#v#09,not-merged
2333,v,work#v#03,work#v#21,not-merged
2334,v,work#v#03,work#v#18,not-merged
2335,v,work#v#03,work#v#19,not-merged
2336,v,work#v#03,work#v#10,not-merged
2337,v,work#v#03,work#v#27,not-merged
2339,v,work#v#16,work#v#14,not-merged
2340,v,work#v#16,work#v#05,not-merged
2341,v,work#v#16,work#v#09,not-merged
2342,v,work#v#16,work#v#21,not-merged
2343,v,work#v#16,work#v#18,not-merged
2344,v,work#v#16,work#v#19,not-merged
2345,v,work#v#16,work#v#10,not-merged
2346,v,work#v#16,work#v#27,not-merged
2347,v,work#v#17,work#v#14,not-merged
2348,v,work#v#17,work#v#05,not-merged
2349,v,work#v#17,work#v#09,not-merged
2350,v,work#v#17,work#v#21,not-merged
2351,v,work#v#17,work#v#18,not-merged
2352,v,work#v#17,work#v#19,not-merged
2353,v,work#v#17,work#v#10,not-merged
2354,v,work#v#17,work#v#27,not-merged
2355,v,work#v#14,work#v#05,merged
2356,v,work#v#14,work#v#09,not-merged
2360,v,work#v#14,work#v#10,not-merged
2362,v,work#v#05,work#v#09,not-merged
2363,v,work#v#05,work#v#21,not-merged
2364,v,work#v#05,work#v#18,not-merged
2365,v,work#v#05,work#v#19,not-merged
2366,v,work#v#05,work#v#10,not-merged
2367,v,work#v#05,work#v#27,not-merged
2368,v,work#v#09,work#v#21,merged
2369,v,work#v#09,work#v#18,not-merged
2370,v,work#v#09,work#v#19,not-merged
2371,v,work#v#09,work#v#10,not-merged
2372,v,work#v#09,work#v#27,not-merged
2375,v,work#v#21,work#v#10,not-merged
2378,v,work#v#18,work#v#10,not-merged
2379,v,work#v#18,work#v#27,not-merged
2380,v,work#v#19,work#v#10,not-merged
2381,v,work#v#19,work#v#27,not-merged
2383,n,facility#n#04,facility#n#01,merged
2384,n,facility#n#04,facility#n#05,merged
2385,n,facility#n#04,facility#n#03,not-merged
2386,n,facility#n#01,facility#n#05,merged
2387,n,facility#n#01,facility#n#03,not-merged
2388,n,facility#n#05,facility#n#03,not-merged
2389,v,work_out#v#05,work_out#v#02,not-merged
2390,v,hold#v#08,hold#v#18,not-merged
2391,n,circuit#n#03,circuit#n#01,not-merged
2392,n,circuit#n#03,circuit#n#04,not-merged
2393,n,circuit#n#01,circuit#n#04,not-merged
2394,v,face#v#04,face#v#07,not-merged
2395,v,face#v#04,face#v#05,not-merged
2396,v,face#v#04,face#v#09,not-merged
2397,v,face#v#04,face#v#08,not-merged
2398,v,face#v#07,face#v#05,merged
2399,v,face#v#07,face#v#09,not-merged
2400,v,face#v#07,face#v#08,not-merged
2401,v,face#v#05,face#v#09,not-merged
2402,v,face#v#05,face#v#08,not-merged
2403,v,face#v#09,face#v#08,merged
2404,n,post#n#01,post#n#09,not-merged
2405,n,post#n#01,post#n#04,not-merged
2406,n,post#n#01,post#n#11,not-merged
2407,n,post#n#09,post#n#04,merged
2408,n,post#n#09,post#n#11,not-merged
2409,n,post#n#04,post#n#11,not-merged
2410,v,dress#v#02,dress#v#01,merged
2411,v,dress#v#02,dress#v#04,merged
2412,v,dress#v#02,dress#v#06,not-merged
2413,v,dress#v#02,dress#v#10,not-merged
2414,v,dress#v#02,dress#v#09,not-merged
2415,v,dress#v#02,dress#v#15,not-merged
2416,v,dress#v#02,dress#v#16,not-merged
2417,v,dress#v#02,dress#v#03,not-merged
2418,v,dress#v#02,dress#v#07,not-merged
2419,v,dress#v#02,dress#v#13,not-merged
2420,v,dress#v#02,dress#v#14,not-merged
2421,v,dress#v#01,dress#v#04,merged
2422,v,dress#v#01,dress#v#06,not-merged
2423,v,dress#v#01,dress#v#10,not-merged
2424,v,dress#v#01,dress#v#09,not-merged
2425,v,dress#v#01,dress#v#15,not-merged
2426,v,dress#v#01,dress#v#16,not-merged
2427,v,dress#v#01,dress#v#03,not-merged
2428,v,dress#v#01,dress#v#07,not-merged
2429,v,dress#v#01,dress#v#13,not-merged
2430,v,dress#v#01,dress#v#14,not-merged
2431,v,dress#v#04,dress#v#06,not-merged
2432,v,dress#v#04,dress#v#10,not-merged
2433,v,dress#v#04,dress#v#09,not-merged
2434,v,dress#v#04,dress#v#15,not-merged
2435,v,dress#v#04,dress#v#16,not-merged
2436,v,dress#v#04,dress#v#03,not-merged
2437,v,dress#v#04,dress#v#07,not-merged
2438,v,dress#v#04,dress#v#13,not-merged
2439,v,dress#v#04,dress#v#14,not-merged
2440,v,dress#v#06,dress#v#10,merged
2441,v,dress#v#06,dress#v#09,not-merged
2442,v,dress#v#06,dress#v#15,not-merged
2443,v,dress#v#06,dress#v#16,not-merged
2444,v,dress#v#06,dress#v#03,not-merged
2445,v,dress#v#06,dress#v#07,not-merged
2446,v,dress#v#06,dress#v#13,not-merged
2447,v,dress#v#06,dress#v#14,not-merged
2448,v,dress#v#10,dress#v#09,not-merged
2449,v,dress#v#10,dress#v#15,not-merged
2450,v,dress#v#10,dress#v#16,not-merged
2451,v,dress#v#10,dress#v#03,not-merged
2452,v,dress#v#10,dress#v#07,not-merged
2453,v,dress#v#10,dress#v#13,not-merged
2454,v,dress#v#10,dress#v#14,not-merged
2455,v,dress#v#09,dress#v#15,merged
2456,v,dress#v#09,dress#v#16,merged
2457,v,dress#v#09,dress#v#03,not-merged
2458,v,dress#v#09,dress#v#07,not-merged
2459,v,dress#v#09,dress#v#13,not-merged
2460,v,dress#v#09,dress#v#14,not-merged
2461,v,dress#v#15,dress#v#16,merged
2462,v,dress#v#15,dress#v#03,not-merged
2463,v,dress#v#15,dress#v#07,not-merged
2464,v,dress#v#15,dress#v#13,not-merged
2465,v,dress#v#15,dress#v#14,not-merged
2466,v,dress#v#16,dress#v#03,not-merged
2467,v,dress#v#16,dress#v#07,not-merged
2468,v,dress#v#16,dress#v#13,not-merged
2469,v,dress#v#16,dress#v#14,not-merged
2470,v,dress#v#03,dress#v#07,not-merged
2471,v,dress#v#03,dress#v#13,not-merged
2472,v,dress#v#03,dress#v#14,not-merged
2473,v,dress#v#07,dress#v#13,not-merged
2474,v,dress#v#07,dress#v#14,not-merged
2475,v,dress#v#13,dress#v#14,not-merged
2476,n,material#n#01,material#n#03,not-merged
2477,n,material#n#01,material#n#02,not-merged
2478,n,material#n#01,material#n#05,not-merged
2479,n,material#n#03,material#n#02,merged
2480,n,material#n#03,material#n#05,not-merged
2481,n,material#n#02,material#n#05,not-merged
2482,v,overturn#v#01,overturn#v#02,merged
2483,v,turn#v#04,turn#v#01,merged
2484,v,turn#v#04,turn#v#08,merged
2485,v,turn#v#04,turn#v#20,merged
2486,v,turn#v#04,turn#v#05,not-merged
2487,v,turn#v#04,turn#v#12,not-merged
2488,v,turn#v#04,turn#v#13,not-merged
2489,v,turn#v#04,turn#v#18,not-merged
2490,v,turn#v#04,turn#v#16,not-merged
2491,v,turn#v#04,turn#v#24,not-merged
2492,v,turn#v#04,turn#v#21,not-merged
2493,v,turn#v#04,turn#v#06,not-merged
2494,v,turn#v#04,turn#v#07,not-merged
2495,v,turn#v#04,turn#v#09,not-merged
2496,v,turn#v#04,turn#v#14,not-merged
2497,v,turn#v#04,turn#v#19,not-merged
2498,v,turn#v#04,turn#v#23,not-merged
2499,v,turn#v#04,turn#v#26,not-merged
2500,v,turn#v#01,turn#v#08,merged
2501,v,turn#v#01,turn#v#20,merged
2502,v,turn#v#01,turn#v#05,not-merged
2503,v,turn#v#01,turn#v#12,not-merged
2504,v,turn#v#01,turn#v#13,not-merged
2505,v,turn#v#01,turn#v#18,not-merged
2506,v,turn#v#01,turn#v#16,not-merged
2507,v,turn#v#01,turn#v#24,not-merged
2508,v,turn#v#01,turn#v#21,not-merged
2509,v,turn#v#01,turn#v#06,not-merged
2510,v,turn#v#01,turn#v#07,not-merged
2511,v,turn#v#01,turn#v#09,not-merged
2512,v,turn#v#01,turn#v#14,not-merged
2513,v,turn#v#01,turn#v#19,not-merged
2514,v,turn#v#01,turn#v#23,not-merged
2515,v,turn#v#01,turn#v#26,not-merged
2516,v,turn#v#08,turn#v#20,merged
2517,v,turn#v#08,turn#v#05,not-merged
2518,v,turn#v#08,turn#v#12,not-merged
2519,v,turn#v#08,turn#v#13,not-merged
2520,v,turn#v#08,turn#v#18,not-merged
2521,v,turn#v#08,turn#v#16,not-merged
2522,v,turn#v#08,turn#v#24,not-merged
2523,v,turn#v#08,turn#v#21,not-merged
2524,v,turn#v#08,turn#v#06,not-merged
2525,v,turn#v#08,turn#v#07,not-merged
2526,v,turn#v#08,turn#v#09,not-merged
2527,v,turn#v#08,turn#v#14,not-merged
2528,v,turn#v#08,turn#v#19,not-merged
2529,v,turn#v#08,turn#v#23,not-merged
2530,v,turn#v#08,turn#v#26,not-merged
2531,v,turn#v#20,turn#v#05,not-merged
2532,v,turn#v#20,turn#v#12,not-merged
2533,v,turn#v#20,turn#v#13,not-merged
2534,v,turn#v#20,turn#v#18,not-merged
2535,v,turn#v#20,turn#v#16,not-merged
2536,v,turn#v#20,turn#v#24,not-merged
2537,v,turn#v#20,turn#v#21,not-merged
2538,v,turn#v#20,turn#v#06,not-merged
2539,v,turn#v#20,turn#v#07,not-merged
2540,v,turn#v#20,turn#v#09,not-merged
2541,v,turn#v#20,turn#v#14,not-merged
2542,v,turn#v#20,turn#v#19,not-merged
2543,v,turn#v#20,turn#v#23,not-merged
2544,v,turn#v#20,turn#v#26,not-merged
2545,v,turn#v#05,turn#v#12,merged
2546,v,turn#v#05,turn#v#13,merged
2547,v,turn#v#05,turn#v#18,not-merged
2548,v,turn#v#05,turn#v#16,not-merged
2549,v,turn#v#05,turn#v#24,not-merged
2550,v,turn#v#05,turn#v#21,not-merged
2551,v,turn#v#05,turn#v#06,not-merged
2552,v,turn#v#05,turn#v#07,not-merged
2553,v,turn#v#05,turn#v#09,not-merged
2554,v,turn#v#05,turn#v#14,not-merged
2555,v,turn#v#05,turn#v#19,not-merged
2556,v,turn#v#05,turn#v#23,not-merged
2557,v,turn#v#05,turn#v#26,not-merged
2558,v,turn#v#12,turn#v#13,merged
2559,v,turn#v#12,turn#v#18,not-merged
2560,v,turn#v#12,turn#v#16,not-merged
2561,v,turn#v#12,turn#v#24,not-merged
2562,v,turn#v#12,turn#v#21,not-merged
2563,v,turn#v#12,turn#v#06,not-merged
2564,v,turn#v#12,turn#v#07,not-merged
2565,v,turn#v#12,turn#v#09,not-merged
2566,v,turn#v#12,turn#v#14,not-merged
2567,v,turn#v#12,turn#v#19,not-merged
2568,v,turn#v#12,turn#v#23,not-merged
2569,v,turn#v#12,turn#v#26,not-merged
2570,v,turn#v#13,turn#v#18,not-merged
2571,v,turn#v#13,turn#v#16,not-merged
2572,v,turn#v#13,turn#v#24,not-merged
2573,v,turn#v#13,turn#v#21,not-merged
2574,v,turn#v#13,turn#v#06,not-merged
2575,v,turn#v#13,turn#v#07,not-merged
2576,v,turn#v#13,turn#v#09,not-merged
2577,v,turn#v#13,turn#v#14,not-merged
2578,v,turn#v#13,turn#v#19,not-merged
2579,v,turn#v#13,turn#v#23,not-merged
2580,v,turn#v#13,turn#v#26,not-merged
2581,v,turn#v#18,turn#v#16,merged
2582,v,turn#v#18,turn#v#24,not-merged
2583,v,turn#v#18,turn#v#21,not-merged
2584,v,turn#v#18,turn#v#06,not-merged
2585,v,turn#v#18,turn#v#07,not-merged
2586,v,turn#v#18,turn#v#09,not-merged
2587,v,turn#v#18,turn#v#14,not-merged
2588,v,turn#v#18,turn#v#19,not-merged
2589,v,turn#v#18,turn#v#23,not-merged
2590,v,turn#v#18,turn#v#26,not-merged
2591,v,turn#v#16,turn#v#24,not-merged
2592,v,turn#v#16,turn#v#21,not-merged
2593,v,turn#v#16,turn#v#06,not-merged
2594,v,turn#v#16,turn#v#07,not-merged
2595,v,turn#v#16,turn#v#09,not-merged
2596,v,turn#v#16,turn#v#14,not-merged
2597,v,turn#v#16,turn#v#19,not-merged
2598,v,turn#v#16,turn#v#23,not-merged
2599,v,turn#v#16,turn#v#26,not-merged
2600,v,turn#v#24,turn#v#21,merged
2601,v,turn#v#24,turn#v#06,not-merged
2602,v,turn#v#24,turn#v#07,not-merged
2603,v,turn#v#24,turn#v#09,not-merged
2604,v,turn#v#24,turn#v#14,not-merged
2605,v,turn#v#24,turn#v#19,not-merged
2606,v,turn#v#24,turn#v#23,not-merged
2607,v,turn#v#24,turn#v#26,not-merged
2608,v,turn#v#21,turn#v#06,not-merged
2609,v,turn#v#21,turn#v#07,not-merged
2610,v,turn#v#21,turn#v#09,not-merged
2611,v,turn#v#21,turn#v#14,not-merged
2612,v,turn#v#21,turn#v#19,not-merged
2613,v,turn#v#21,turn#v#23,not-merged
2614,v,turn#v#21,turn#v#26,not-merged
2615,v,turn#v#06,turn#v#07,not-merged
2616,v,turn#v#06,turn#v#09,not-merged
2617,v,turn#v#06,turn#v#14,not-merged
2618,v,turn#v#06,turn#v#19,not-merged
2619,v,turn#v#06,turn#v#23,not-merged
2620,v,turn#v#06,turn#v#26,not-merged
2621,v,turn#v#07,turn#v#09,not-merged
2622,v,turn#v#07,turn#v#14,not-merged
2623,v,turn#v#07,turn#v#19,not-merged
2624,v,turn#v#07,turn#v#23,not-merged
2625,v,turn#v#07,turn#v#26,not-merged
2626,v,turn#v#09,turn#v#14,not-merged
2627,v,turn#v#09,turn#v#19,not-merged
2628,v,turn#v#09,turn#v#23,not-merged
2629,v,turn#v#09,turn#v#26,not-merged
2630,v,turn#v#14,turn#v#19,not-merged
2631,v,turn#v#14,turn#v#23,not-merged
2632,v,turn#v#14,turn#v#26,not-merged
2633,v,turn#v#19,turn#v#23,not-merged
2634,v,turn#v#19,turn#v#26,not-merged
2635,v,turn#v#23,turn#v#26,not-merged
2636,v,draw_up#v#05,draw_up#v#03,merged
2637,v,draw_up#v#05,draw_up#v#01,not-merged
2638,v,draw_up#v#05,draw_up#v#02,not-merged
2639,v,draw_up#v#03,draw_up#v#01,not-merged
2640,v,draw_up#v#03,draw_up#v#02,not-merged
2641,v,draw_up#v#01,draw_up#v#02,not-merged
2642,v,discover#v#02,discover#v#04,merged
