,Unnamed: 0,Pos,Sense1,Sense2,Merge,pertainyms,antonyms,deriv,lemmas,verbgroup,verbframe,hyper_min,hyper_max
0,0,v,roll#v#12,wander#v#03,not-merged,0.0,0.0,0.0,1.0,0.0,1.0,0.5,0.5
1,1,v,observe#v#08,observe#v#09,not-merged,0.0,0.0,0.0,2.0,0.0,1.0,,
2,2,v,draw#v#19,draw#v#07,not-merged,0.0,0.0,1.0,1.0,0.0,0.0,,
3,3,v,draw#v#19,draw#v#10,not-merged,0.0,0.0,0.0,1.0,0.0,0.0,,
4,4,v,draw#v#19,draw#v#05,not-merged,0.0,0.0,1.0,1.0,0.0,0.0,,
5,5,v,draw#v#19,draw#v#14,not-merged,0.0,0.0,1.0,1.0,0.0,1.0,,
6,6,v,draw#v#19,draw#v#16,not-merged,0.0,0.0,0.0,1.0,0.0,0.0,,
7,7,v,draw#v#19,draw#v#06,not-merged,0.0,0.0,1.0,1.0,0.0,1.0,,
8,8,v,draw#v#19,draw#v#20,not-merged,0.0,0.0,0.0,1.0,0.0,0.0,,
9,9,v,draw#v#19,draw#v#04,not-merged,0.0,0.0,0.0,1.0,0.0,0.0,,
10,10,v,draw#v#19,draw#v#18,not-merged,0.0,0.0,0.0,1.0,0.0,0.0,,
11,11,v,draw#v#19,draw#v#09,not-merged,0.0,0.0,0.0,1.0,0.0,0.0,,
12,12,v,draw#v#19,draw#v#31,not-merged,0.0,0.0,0.0,1.0,0.0,0.0,,
13,13,v,draw#v#19,draw#v#12,not-merged,0.0,0.0,0.0,1.0,0.0,0.0,,
14,14,v,draw#v#07,draw#v#10,not-merged,0.0,0.0,0.0,1.0,0.0,1.0,,
15,15,v,draw#v#07,draw#v#05,not-merged,0.0,0.0,0.0,2.0,0.0,1.0,0.0,0.0
16,16,v,draw#v#07,draw#v#14,not-merged,0.0,0.0,1.0,1.0,0.0,0.0,,
17,17,v,draw#v#07,draw#v#16,not-merged,0.0,0.0,0.0,1.0,0.0,1.0,,
18,18,v,draw#v#07,draw#v#06,not-merged,0.0,0.0,1.0,1.0,0.0,1.0,,
19,19,v,draw#v#07,draw#v#20,not-merged,0.0,0.0,0.0,1.0,0.0,1.0,,
20,20,v,draw#v#07,draw#v#04,not-merged,0.0,0.0,0.0,1.0,0.0,1.0,,
21,21,v,draw#v#07,draw#v#18,not-merged,0.0,0.0,0.0,1.0,0.0,1.0,,
22,22,v,draw#v#07,draw#v#09,not-merged,0.0,0.0,0.0,1.0,0.0,1.0,,
23,23,v,draw#v#07,draw#v#31,not-merged,0.0,0.0,0.0,1.0,0.0,0.0,,
24,24,v,draw#v#07,draw#v#12,not-merged,0.0,0.0,0.0,1.0,0.0,0.0,,
25,25,v,draw#v#10,draw#v#05,not-merged,0.0,0.0,0.0,1.0,0.0,1.0,,
26,26,v,draw#v#10,draw#v#06,not-merged,0.0,0.0,0.0,1.0,0.0,1.0,1.5,1.5
27,27,v,draw#v#10,draw#v#20,not-merged,0.0,0.0,0.0,1.0,0.0,1.0,,
28,28,v,draw#v#10,draw#v#04,not-merged,0.0,0.0,0.0,1.0,0.0,1.0,1.0,1.0
29,29,v,draw#v#10,draw#v#09,not-merged,0.0,0.0,0.0,1.0,0.0,0.0,,
30,30,v,draw#v#10,draw#v#12,not-merged,0.0,0.0,0.0,1.0,0.0,0.0,,
31,31,v,draw#v#05,draw#v#14,not-merged,0.0,0.0,0.0,1.0,0.0,0.0,,
32,32,v,draw#v#05,draw#v#16,not-merged,0.0,0.0,0.0,1.0,0.0,1.0,,
33,33,v,draw#v#05,draw#v#06,not-merged,0.0,0.0,1.0,1.0,0.0,1.0,,
34,34,v,draw#v#05,draw#v#20,not-merged,0.0,0.0,0.0,1.0,0.0,1.0,,
35,35,v,draw#v#05,draw#v#04,not-merged,0.0,0.0,0.0,1.0,0.0,1.0,,
36,36,v,draw#v#05,draw#v#18,not-merged,0.0,0.0,0.0,1.0,0.0,1.0,,
37,37,v,draw#v#05,draw#v#09,not-merged,0.0,0.0,0.0,1.0,0.0,1.0,,
38,38,v,draw#v#05,draw#v#31,not-merged,0.0,0.0,0.0,1.0,0.0,0.0,,
39,39,v,draw#v#05,draw#v#12,not-merged,0.0,0.0,0.0,1.0,0.0,0.0,,
40,40,v,draw#v#14,draw#v#16,not-merged,0.0,0.0,0.0,1.0,0.0,0.0,,
41,41,v,draw#v#14,draw#v#06,not-merged,0.0,0.0,1.0,1.0,0.0,1.0,,
42,42,v,draw#v#14,draw#v#20,not-merged,0.0,0.0,0.0,1.0,0.0,0.0,,
43,43,v,draw#v#14,draw#v#04,not-merged,0.0,0.0,0.0,1.0,0.0,0.0,,
44,44,v,draw#v#14,draw#v#09,not-merged,0.0,0.0,1.0,1.0,0.0,0.0,,
45,45,v,draw#v#14,draw#v#31,not-merged,0.0,0.0,0.0,1.0,0.0,0.0,,
46,46,v,draw#v#14,draw#v#12,not-merged,0.0,0.0,0.0,1.0,0.0,0.0,,
47,47,v,draw#v#16,draw#v#06,not-merged,0.0,0.0,0.0,1.0,0.0,0.0,,
48,48,v,draw#v#16,draw#v#20,not-merged,0.0,0.0,0.0,1.0,0.0,0.0,,
49,49,v,draw#v#16,draw#v#04,not-merged,0.0,0.0,0.0,1.0,0.0,0.0,,
50,50,v,draw#v#16,draw#v#09,not-merged,0.0,0.0,0.0,1.0,0.0,1.0,,
51,51,v,draw#v#16,draw#v#12,not-merged,0.0,0.0,0.0,1.0,0.0,0.0,,
52,52,v,draw#v#06,draw#v#20,not-merged,0.0,0.0,0.0,1.0,0.0,1.0,,
53,53,v,draw#v#06,draw#v#04,not-merged,0.0,0.0,0.0,1.0,0.0,1.0,1.5,1.5
54,54,v,draw#v#06,draw#v#18,not-merged,0.0,0.0,0.0,1.0,0.0,1.0,2.0,2.0
55,55,v,draw#v#06,draw#v#09,not-merged,0.0,0.0,0.0,1.0,0.0,0.0,,
56,56,v,draw#v#06,draw#v#31,not-merged,0.0,0.0,0.0,1.0,0.0,0.0,,
57,57,v,draw#v#06,draw#v#12,not-merged,0.0,0.0,0.0,1.0,0.0,0.0,,
58,58,v,draw#v#20,draw#v#04,not-merged,0.0,0.0,0.0,1.0,0.0,1.0,,
59,59,v,draw#v#20,draw#v#09,not-merged,0.0,0.0,0.0,1.0,0.0,0.0,,
60,60,v,draw#v#20,draw#v#12,not-merged,0.0,0.0,0.0,1.0,0.0,0.0,,
61,61,v,draw#v#04,draw#v#18,not-merged,0.0,0.0,0.0,1.0,0.0,1.0,1.5,1.5
62,62,v,draw#v#04,draw#v#09,not-merged,0.0,0.0,0.0,1.0,0.0,0.0,,
63,63,v,draw#v#04,draw#v#31,not-merged,0.0,0.0,0.0,1.0,0.0,0.0,,
64,64,v,draw#v#04,draw#v#12,not-merged,0.0,0.0,0.0,1.0,0.0,0.0,,
65,65,v,draw#v#18,draw#v#09,not-merged,0.0,0.0,0.0,1.0,0.0,0.0,,
66,66,v,draw#v#18,draw#v#31,not-merged,0.0,0.0,0.0,1.0,0.0,0.0,,
67,67,v,draw#v#18,draw#v#12,not-merged,0.0,0.0,0.0,1.0,0.0,0.0,,
68,68,v,draw#v#09,draw#v#31,not-merged,0.0,0.0,0.0,1.0,0.0,0.0,,
69,69,v,draw#v#09,draw#v#12,not-merged,0.0,0.0,0.0,1.0,0.0,0.0,,
70,70,v,draw#v#31,draw#v#12,not-merged,0.0,0.0,0.0,1.0,0.0,0.0,,
71,71,a,natural#a#02,natural#a#01,merged,0.0,0.0,0.0,1.0,,,,
72,72,a,natural#a#02,natural#a#03,not-merged,0.0,0.0,1.0,1.0,,,,
73,73,a,natural#a#01,natural#a#03,not-merged,0.0,0.0,0.0,1.0,,,,
74,74,v,confront#v#02,confront#v#01,merged,0.0,0.0,0.0,2.0,0,1,,
75,75,v,confront#v#02,confront#v#03,merged,0.0,0.0,0.0,2.0,0,1,,
76,76,v,confront#v#01,confront#v#03,merged,0.0,0.0,1.0,2.0,0,1,,
77,77,v,wash_down#v#01,wash_down#v#02,not-merged,0.0,0.0,0.0,1.0,0,0,,
78,78,n,lady#n#01,lady#n#03,not-merged,0.0,0.0,0.0,0.0,,,3.0,9.0
79,79,n,sense#n#01,sense#n#02,not-merged,0.0,0.0,0.0,1.0,,,4.5,6.5
80,80,n,sense#n#01,sense#n#05,not-merged,0.0,0.0,0.0,1.0,,,1.5,8.5
81,81,n,sense#n#01,sense#n#03,not-merged,0.0,0.0,1.0,1.0,,,3.0,7.0
82,82,n,sense#n#02,sense#n#05,not-merged,0.0,0.0,0.0,1.0,,,5.0,7.0
83,83,n,sense#n#02,sense#n#03,not-merged,0.0,0.0,0.0,1.0,,,3.5,5.5
84,84,n,sense#n#05,sense#n#03,not-merged,0.0,0.0,0.0,1.0,,,3.5,7.5
85,85,a,local#a#02,local#a#01,merged,0.0,0.0,0.0,1.0,,,,
86,86,v,play#v#05,play#v#22,not-merged,0.0,0.0,0.0,1.0,0,1,,
87,87,v,play#v#05,play#v#09,not-merged,0.0,0.0,1.0,1.0,0,0,,
88,88,v,play#v#05,play#v#03,not-merged,0.0,0.0,1.0,1.0,0,1,,
89,89,v,play#v#05,play#v#02,not-merged,0.0,0.0,1.0,1.0,0,0,,
90,90,v,play#v#05,play#v#31,not-merged,0.0,0.0,1.0,1.0,0,0,,
91,91,v,play#v#05,play#v#15,not-merged,0.0,0.0,1.0,1.0,0,0,,
92,92,v,play#v#05,play#v#01,not-merged,0.0,0.0,1.0,1.0,0,1,,
93,93,v,play#v#05,play#v#06,not-merged,0.0,0.0,1.0,1.0,0,0,,
94,94,v,play#v#05,play#v#16,not-merged,0.0,0.0,1.0,1.0,0,0,,
95,95,v,play#v#05,play#v#20,not-merged,0.0,0.0,1.0,1.0,0,0,,
96,96,v,play#v#05,play#v#29,not-merged,0.0,0.0,1.0,1.0,0,0,,
97,97,v,play#v#05,play#v#17,not-merged,0.0,0.0,0.0,1.0,0,1,,
98,98,v,play#v#05,play#v#28,not-merged,0.0,0.0,0.0,1.0,0,0,,
99,99,v,play#v#05,play#v#07,not-merged,0.0,0.0,1.0,1.0,0,0,,
100,100,v,play#v#22,play#v#09,not-merged,0.0,0.0,0.0,1.0,0,0,,
101,101,v,play#v#22,play#v#03,not-merged,0.0,0.0,0.0,1.0,0,1,,
102,102,v,play#v#22,play#v#02,not-merged,0.0,0.0,0.0,1.0,0,0,,
103,103,v,play#v#22,play#v#01,not-merged,0.0,0.0,0.0,1.0,0,1,,
104,104,v,play#v#22,play#v#06,not-merged,0.0,0.0,0.0,1.0,0,0,,
105,105,v,play#v#22,play#v#07,not-merged,0.0,0.0,0.0,1.0,0,0,,
106,106,v,play#v#09,play#v#03,not-merged,0.0,0.0,0.0,1.0,0,0,,
107,107,v,play#v#09,play#v#02,not-merged,0.0,0.0,1.0,1.0,0,0,,
108,108,v,play#v#09,play#v#31,not-merged,0.0,0.0,1.0,1.0,0,0,,
109,109,v,play#v#09,play#v#15,not-merged,0.0,0.0,1.0,1.0,0,0,,
110,110,v,play#v#09,play#v#01,not-merged,0.0,0.0,1.0,1.0,0,0,,
111,111,v,play#v#09,play#v#06,not-merged,0.0,0.0,0.0,1.0,0,0,,
112,112,v,play#v#09,play#v#16,not-merged,0.0,0.0,0.0,1.0,0,0,,
113,113,v,play#v#09,play#v#20,not-merged,0.0,0.0,1.0,1.0,0,0,,
114,114,v,play#v#09,play#v#29,not-merged,0.0,0.0,1.0,1.0,0,0,,
115,115,v,play#v#09,play#v#17,not-merged,0.0,0.0,0.0,1.0,0,0,,
116,116,v,play#v#09,play#v#28,not-merged,0.0,0.0,0.0,1.0,0,0,,
117,117,v,play#v#09,play#v#07,not-merged,0.0,0.0,0.0,1.0,0,0,,
118,118,v,play#v#03,play#v#02,not-merged,0.0,0.0,0.0,1.0,0,0,,
119,119,v,play#v#03,play#v#31,not-merged,0.0,0.0,0.0,1.0,0,0,,
120,120,v,play#v#03,play#v#15,not-merged,0.0,0.0,0.0,1.0,0,0,,
121,121,v,play#v#03,play#v#01,not-merged,0.0,0.0,1.0,1.0,0,1,,
122,122,v,play#v#03,play#v#06,not-merged,0.0,0.0,1.0,1.0,0,0,0.5,1.5
123,123,v,play#v#03,play#v#16,not-merged,0.0,0.0,1.0,1.0,0,0,,
124,124,v,play#v#03,play#v#20,not-merged,0.0,0.0,0.0,1.0,0,0,,
125,125,v,play#v#03,play#v#29,not-merged,0.0,0.0,0.0,1.0,0,0,,
126,126,v,play#v#03,play#v#17,not-merged,0.0,0.0,0.0,1.0,0,1,,
127,127,v,play#v#03,play#v#28,not-merged,0.0,0.0,0.0,1.0,0,1,,
128,128,v,play#v#03,play#v#07,not-merged,0.0,0.0,1.0,1.0,0,0,,
129,129,v,play#v#02,play#v#31,not-merged,0.0,0.0,1.0,1.0,0,1,,
130,130,v,play#v#02,play#v#15,not-merged,0.0,0.0,1.0,1.0,0,1,,
131,131,v,play#v#02,play#v#01,not-merged,0.0,0.0,1.0,1.0,0,1,,
132,132,v,play#v#02,play#v#06,not-merged,0.0,0.0,0.0,1.0,0,1,,
133,133,v,play#v#02,play#v#16,not-merged,0.0,0.0,0.0,1.0,0,1,,
134,134,v,play#v#02,play#v#20,not-merged,0.0,0.0,1.0,1.0,0,0,,
135,135,v,play#v#02,play#v#29,not-merged,0.0,0.0,1.0,1.0,0,1,,
136,136,v,play#v#02,play#v#17,not-merged,0.0,0.0,0.0,1.0,0,0,0.0,0.0
137,137,v,play#v#02,play#v#28,not-merged,0.0,0.0,0.0,1.0,0,1,,
138,138,v,play#v#02,play#v#07,not-merged,0.0,0.0,0.0,1.0,0,1,,
139,139,v,play#v#31,play#v#15,not-merged,0.0,0.0,1.0,1.0,0,1,2.5,2.5
140,140,v,play#v#31,play#v#01,not-merged,0.0,0.0,1.0,1.0,0,1,,
141,141,v,play#v#31,play#v#06,not-merged,0.0,0.0,0.0,1.0,0,1,,
142,142,v,play#v#31,play#v#28,not-merged,0.0,0.0,0.0,1.0,0,1,,
143,143,v,play#v#31,play#v#07,not-merged,0.0,0.0,0.0,1.0,0,1,,
144,144,v,play#v#15,play#v#01,not-merged,0.0,0.0,1.0,1.0,0,1,,
145,145,v,play#v#15,play#v#06,not-merged,0.0,0.0,0.0,1.0,0,1,,
146,146,v,play#v#15,play#v#28,not-merged,0.0,0.0,0.0,1.0,0,1,,
147,147,v,play#v#15,play#v#07,not-merged,0.0,0.0,0.0,1.0,0,1,,
148,148,v,play#v#01,play#v#06,not-merged,0.0,0.0,1.0,1.0,0,1,,
149,149,v,play#v#01,play#v#16,not-merged,0.0,0.0,1.0,1.0,0,1,,
150,150,v,play#v#01,play#v#20,not-merged,0.0,0.0,1.0,1.0,0,0,,
151,151,v,play#v#01,play#v#29,not-merged,0.0,0.0,1.0,1.0,0,1,1.5,1.5
152,152,v,play#v#01,play#v#17,not-merged,0.0,0.0,0.0,1.0,0,1,,
153,153,v,play#v#01,play#v#28,not-merged,0.0,0.0,0.0,1.0,0,1,,
154,154,v,play#v#01,play#v#07,not-merged,0.0,0.0,1.0,1.0,0,1,,
155,155,v,play#v#06,play#v#16,not-merged,0.0,0.0,1.0,1.0,0,1,,
156,156,v,play#v#06,play#v#20,not-merged,0.0,0.0,0.0,1.0,0,0,,
157,157,v,play#v#06,play#v#29,not-merged,0.0,0.0,0.0,1.0,0,1,,
158,158,v,play#v#06,play#v#17,not-merged,0.0,0.0,0.0,1.0,0,0,,
159,159,v,play#v#06,play#v#28,not-merged,0.0,0.0,0.0,1.0,0,1,,
160,160,v,play#v#06,play#v#07,not-merged,0.0,0.0,1.0,1.0,0,1,,
161,161,v,play#v#16,play#v#29,not-merged,0.0,0.0,0.0,1.0,0,1,,
162,162,v,play#v#16,play#v#17,not-merged,0.0,0.0,0.0,1.0,0,0,,
163,163,v,play#v#16,play#v#28,not-merged,0.0,0.0,0.0,1.0,0,1,,
164,164,v,play#v#16,play#v#07,not-merged,0.0,0.0,1.0,1.0,0,1,,
165,165,v,play#v#20,play#v#29,not-merged,0.0,0.0,1.0,1.0,0,0,,
166,166,v,play#v#20,play#v#17,not-merged,0.0,0.0,0.0,1.0,0,0,,
167,167,v,play#v#20,play#v#28,not-merged,0.0,0.0,0.0,1.0,0,0,,
168,168,v,play#v#20,play#v#07,not-merged,0.0,0.0,0.0,1.0,0,0,,
169,169,v,play#v#29,play#v#17,not-merged,0.0,0.0,0.0,1.0,0,0,,
170,170,v,play#v#29,play#v#28,not-merged,0.0,0.0,0.0,1.0,0,1,,
171,171,v,play#v#29,play#v#07,not-merged,0.0,0.0,0.0,1.0,0,1,,
172,172,v,play#v#17,play#v#28,not-merged,0.0,0.0,0.0,1.0,0,0,,
173,173,v,play#v#17,play#v#07,not-merged,0.0,0.0,0.0,1.0,0,0,,
174,174,v,play#v#28,play#v#07,not-merged,0.0,0.0,0.0,1.0,0,1,,
175,175,v,pull#v#01,pull#v#03,not-merged,0.0,0.0,0.0,1.0,0,0,,
176,176,v,pull#v#01,pull#v#04,not-merged,0.0,0.0,1.0,1.0,0,1,,
177,177,v,pull#v#01,pull#v#17,not-merged,0.0,0.0,0.0,1.0,0,1,,
178,178,v,pull#v#01,pull#v#09,not-merged,0.0,0.0,0.0,2.0,0,1,0.0,0.0
179,179,v,pull#v#01,pull#v#07,not-merged,0.0,0.0,0.0,1.0,0,0,0.5,0.5
180,180,v,pull#v#03,pull#v#04,not-merged,0.0,0.0,0.0,1.0,0,0,,
181,181,v,pull#v#03,pull#v#17,not-merged,0.0,0.0,0.0,1.0,0,0,,
182,182,v,pull#v#03,pull#v#09,not-merged,0.0,0.0,0.0,1.0,0,0,,
183,183,v,pull#v#03,pull#v#07,not-merged,0.0,0.0,0.0,1.0,0,0,,
184,184,v,pull#v#04,pull#v#17,not-merged,0.0,0.0,0.0,1.0,0,1,,
185,185,v,pull#v#04,pull#v#09,not-merged,0.0,0.0,0.0,1.0,0,1,,
186,186,v,pull#v#04,pull#v#07,not-merged,0.0,0.0,0.0,1.0,0,0,,
187,187,v,pull#v#17,pull#v#09,not-merged,0.0,0.0,0.0,1.0,0,1,,
188,188,v,pull#v#17,pull#v#07,not-merged,0.0,0.0,0.0,1.0,0,0,,
189,189,v,pull#v#09,pull#v#07,not-merged,0.0,0.0,0.0,1.0,0,0,0.5,0.5
190,190,v,serve#v#06,serve#v#07,not-merged,0.0,0.0,0.0,1.0,0,1,,
191,191,v,serve#v#06,serve#v#13,not-merged,0.0,0.0,0.0,1.0,0,0,,
192,192,v,serve#v#06,serve#v#08,not-merged,0.0,0.0,0.0,1.0,0,1,,
193,193,v,serve#v#06,serve#v#09,not-merged,0.0,0.0,0.0,1.0,0,1,,
194,194,v,serve#v#06,serve#v#10,not-merged,0.0,0.0,0.0,1.0,0,0,,
195,195,v,serve#v#06,serve#v#01,not-merged,0.0,0.0,0.0,1.0,0,0,,
196,196,v,serve#v#06,serve#v#02,not-merged,0.0,0.0,0.0,1.0,0,0,,
197,197,v,serve#v#06,serve#v#03,not-merged,0.0,0.0,0.0,1.0,0,0,,
198,198,v,serve#v#07,serve#v#13,not-merged,0.0,0.0,0.0,1.0,0,0,,
199,199,v,serve#v#07,serve#v#08,not-merged,0.0,0.0,0.0,1.0,0,1,,
200,200,v,serve#v#07,serve#v#09,not-merged,0.0,0.0,0.0,1.0,0,1,,
201,201,v,serve#v#07,serve#v#10,not-merged,0.0,0.0,0.0,1.0,0,1,,
202,202,v,serve#v#07,serve#v#01,not-merged,0.0,0.0,0.0,1.0,0,1,,
203,203,v,serve#v#07,serve#v#02,not-merged,0.0,0.0,0.0,1.0,0,0,,
204,204,v,serve#v#07,serve#v#03,not-merged,0.0,0.0,0.0,1.0,0,0,,
205,205,v,serve#v#13,serve#v#08,not-merged,0.0,0.0,0.0,1.0,0,0,,
206,206,v,serve#v#13,serve#v#09,not-merged,0.0,0.0,0.0,1.0,0,0,,
207,207,v,serve#v#13,serve#v#10,not-merged,0.0,0.0,0.0,1.0,0,0,,
208,208,v,serve#v#13,serve#v#01,not-merged,0.0,0.0,0.0,1.0,0,1,,
209,209,v,serve#v#13,serve#v#02,not-merged,0.0,0.0,0.0,1.0,0,1,0.0,0.0
210,210,v,serve#v#13,serve#v#03,not-merged,0.0,0.0,0.0,1.0,0,0,,
211,211,v,serve#v#08,serve#v#09,not-merged,0.0,0.0,0.0,1.0,0,1,,
212,212,v,serve#v#08,serve#v#10,not-merged,0.0,0.0,1.0,1.0,0,0,,
213,213,v,serve#v#08,serve#v#01,not-merged,0.0,0.0,0.0,1.0,0,1,,
214,214,v,serve#v#08,serve#v#02,not-merged,0.0,0.0,0.0,1.0,0,0,,
215,215,v,serve#v#08,serve#v#03,not-merged,0.0,0.0,0.0,1.0,0,0,3.5,3.5
216,216,v,serve#v#09,serve#v#10,not-merged,0.0,0.0,0.0,1.0,0,0,,
217,217,v,serve#v#09,serve#v#01,not-merged,0.0,0.0,0.0,1.0,0,0,,
218,218,v,serve#v#09,serve#v#02,not-merged,0.0,0.0,0.0,1.0,0,1,,
219,219,v,serve#v#09,serve#v#03,not-merged,0.0,0.0,0.0,1.0,0,0,,
220,220,v,serve#v#10,serve#v#01,not-merged,0.0,0.0,0.0,1.0,0,1,,
221,221,v,serve#v#10,serve#v#02,not-merged,0.0,0.0,0.0,1.0,0,0,,
222,222,v,serve#v#10,serve#v#03,not-merged,0.0,0.0,0.0,1.0,0,0,,
223,223,v,serve#v#01,serve#v#02,not-merged,0.0,0.0,0.0,1.0,0,1,,
224,224,v,serve#v#01,serve#v#03,not-merged,0.0,0.0,0.0,1.0,0,0,,
225,225,v,serve#v#02,serve#v#03,not-merged,0.0,0.0,0.0,1.0,0,0,,
226,226,n,nature#n#05,nature#n#03,not-merged,0.0,0.0,0.0,1.0,,,7.5,7.5
227,227,n,nature#n#05,nature#n#01,merged,0.0,0.0,0.0,1.0,,,5.0,7.0
228,228,n,nature#n#05,nature#n#02,not-merged,0.0,0.0,0.0,1.0,,,6.0,6.0
229,229,n,nature#n#05,nature#n#04,merged,0.0,0.0,0.0,1.0,,,5.0,7.0
230,230,n,nature#n#03,nature#n#01,not-merged,0.0,0.0,0.0,1.0,,,4.5,4.5
231,231,n,nature#n#03,nature#n#02,merged,0.0,0.0,0.0,1.0,,,2.5,3.5
232,232,n,nature#n#03,nature#n#04,not-merged,0.0,0.0,0.0,1.0,,,4.5,4.5
233,233,n,nature#n#01,nature#n#02,not-merged,0.0,0.0,0.0,1.0,,,3.0,3.0
234,234,n,nature#n#01,nature#n#04,merged,0.0,0.0,0.0,1.0,,,1.0,4.0
235,235,n,nature#n#02,nature#n#04,not-merged,0.0,0.0,0.0,1.0,,,3.0,3.0
236,236,n,art#n#01,art#n#02,merged,0.0,0.0,1.0,1.0,,,6.0,6.0
237,237,n,art#n#01,art#n#03,merged,0.0,0.0,1.0,1.0,,,5.5,5.5
238,238,n,art#n#02,art#n#03,merged,0.0,0.0,1.0,1.0,,,3.5,6.5
239,239,v,use#v#06,use#v#01,not-merged,0.0,0.0,1.0,1.0,0,0,,
240,240,v,use#v#06,use#v#04,not-merged,0.0,0.0,0.0,1.0,0,0,,
241,241,v,use#v#06,use#v#02,not-merged,0.0,0.0,0.0,1.0,0,0,,
242,242,v,use#v#06,use#v#03,not-merged,0.0,0.0,0.0,1.0,0,0,,
243,243,v,use#v#01,use#v#04,merged,0.0,0.0,1.0,1.0,0,1,,
244,244,v,use#v#01,use#v#02,not-merged,0.0,0.0,1.0,1.0,0,1,,
245,245,v,use#v#01,use#v#03,not-merged,0.0,0.0,1.0,1.0,0,1,,
246,246,v,use#v#04,use#v#02,not-merged,0.0,0.0,1.0,1.0,0,1,,
247,247,v,use#v#04,use#v#03,not-merged,0.0,0.0,1.0,1.0,0,1,,
248,248,v,use#v#02,use#v#03,not-merged,0.0,0.0,1.0,1.0,0,1,,
249,249,v,live#v#07,live#v#02,not-merged,0.0,0.0,0.0,1.0,0,0,,
250,250,v,conduct#v#01,conduct#v#04,not-merged,0.0,0.0,0.0,1.0,0,1,,
251,251,a,cool#a#01,cool#a#04,not-merged,0.0,1.0,1.0,1.0,,,,
252,252,a,cool#a#01,cool#a#03,not-merged,0.0,1.0,0.0,1.0,,,,
253,253,a,cool#a#04,cool#a#03,not-merged,0.0,1.0,0.0,1.0,,,,
254,254,v,dress_up#v#01,dress_up#v#02,not-merged,0.0,0.0,0.0,1.0,0,0,,
255,255,v,equal#v#02,equal#v#03,not-merged,0.0,0.0,1.0,2.0,0,1,,
256,256,n,yew#n#02,yew#n#01,not-merged,0.0,0.0,0.0,1.0,,,6.5,7.5
257,257,n,stress#n#03,stress#n#05,not-merged,0.0,0.0,0.0,1.0,,,6.0,6.0
258,258,n,stress#n#03,stress#n#04,not-merged,0.0,0.0,0.0,1.0,,,7.0,7.0
259,259,n,stress#n#03,stress#n#01,not-merged,0.0,0.0,0.0,1.0,,,6.0,6.0
260,260,n,stress#n#05,stress#n#04,not-merged,0.0,0.0,1.0,1.0,,,3.0,7.0
261,261,n,stress#n#05,stress#n#01,not-merged,0.0,0.0,1.0,1.0,,,4.0,6.0
262,262,n,stress#n#04,stress#n#01,not-merged,0.0,0.0,1.0,1.0,,,5.0,7.0
263,263,v,strike#v#02,strike#v#05,not-merged,0.0,0.0,0.0,1.0,0,1,,
264,264,v,strike#v#02,strike#v#04,not-merged,0.0,0.0,1.0,1.0,0,1,,
265,265,v,strike#v#02,strike#v#10,not-merged,0.0,0.0,0.0,1.0,0,1,0.0,0.0
266,266,v,strike#v#02,strike#v#11,not-merged,0.0,0.0,0.0,1.0,0,1,,
267,267,v,strike#v#02,strike#v#21,not-merged,0.0,0.0,0.0,1.0,0,1,,
268,268,v,strike#v#02,strike#v#07,not-merged,0.0,0.0,1.0,1.0,0,1,,
269,269,v,strike#v#05,strike#v#04,not-merged,0.0,0.0,0.0,1.0,0,1,,
270,270,v,strike#v#05,strike#v#10,not-merged,0.0,0.0,0.0,1.0,0,0,,
271,271,v,strike#v#05,strike#v#11,not-merged,0.0,0.0,0.0,1.0,0,1,,
272,272,v,strike#v#05,strike#v#21,not-merged,0.0,0.0,0.0,1.0,0,0,,
273,273,v,strike#v#05,strike#v#07,not-merged,0.0,0.0,0.0,1.0,0,0,,
274,274,v,strike#v#04,strike#v#10,not-merged,0.0,0.0,0.0,2.0,0,1,,
275,275,v,strike#v#04,strike#v#11,not-merged,0.0,0.0,0.0,1.0,0,1,,
276,276,v,strike#v#04,strike#v#21,not-merged,0.0,0.0,0.0,1.0,0,1,,
277,277,v,strike#v#04,strike#v#07,not-merged,0.0,0.0,1.0,1.0,0,1,,
278,278,v,strike#v#10,strike#v#11,not-merged,0.0,0.0,0.0,1.0,0,0,,
279,279,v,strike#v#10,strike#v#21,not-merged,0.0,0.0,0.0,1.0,0,1,,
280,280,v,strike#v#10,strike#v#07,not-merged,0.0,0.0,0.0,1.0,0,0,,
281,281,v,strike#v#11,strike#v#21,not-merged,0.0,0.0,0.0,1.0,0,0,,
282,282,v,strike#v#11,strike#v#07,not-merged,0.0,0.0,0.0,1.0,0,0,,
283,283,v,strike#v#21,strike#v#07,not-merged,0.0,0.0,0.0,1.0,0,0,,
284,284,s,blind#s#02,blind#s#03,merged,0.0,0.0,0.0,1.0,,,,
285,285,v,act#v#03,act#v#10,not-merged,0.0,0.0,1.0,2.0,0,1,0.5,1.5
286,286,v,act#v#03,act#v#05,not-merged,0.0,0.0,1.0,2.0,0,1,,
287,287,v,act#v#10,act#v#05,not-merged,0.0,0.0,1.0,2.0,0,0,,
288,288,v,drive#v#03,drive#v#13,not-merged,0.0,0.0,1.0,1.0,0,0,,
289,289,v,drive#v#03,drive#v#08,not-merged,0.0,0.0,1.0,1.0,0,0,0.5,0.5
290,290,v,drive#v#03,drive#v#07,not-merged,0.0,0.0,1.0,1.0,0,0,,
291,291,v,drive#v#03,drive#v#02,not-merged,0.0,0.0,1.0,1.0,0,0,,
292,292,v,drive#v#03,drive#v#05,not-merged,0.0,0.0,1.0,1.0,0,0,,
293,293,v,drive#v#03,drive#v#01,not-merged,0.0,0.0,1.0,1.0,0,0,,
294,294,v,drive#v#13,drive#v#08,not-merged,0.0,0.0,1.0,1.0,0,1,,
295,295,v,drive#v#13,drive#v#07,not-merged,0.0,0.0,1.0,1.0,0,0,,
296,296,v,drive#v#13,drive#v#02,not-merged,0.0,0.0,1.0,1.0,0,1,,
297,297,v,drive#v#13,drive#v#05,not-merged,0.0,0.0,1.0,1.0,0,0,,
298,298,v,drive#v#13,drive#v#01,not-merged,0.0,0.0,1.0,1.0,0,1,,
299,299,v,drive#v#08,drive#v#07,not-merged,0.0,0.0,1.0,1.0,0,0,,
300,300,v,drive#v#08,drive#v#02,not-merged,0.0,0.0,1.0,1.0,0,0,,
301,301,v,drive#v#08,drive#v#05,not-merged,0.0,0.0,1.0,1.0,0,0,,
302,302,v,drive#v#08,drive#v#01,not-merged,0.0,0.0,1.0,1.0,0,1,,
303,303,v,drive#v#07,drive#v#02,not-merged,0.0,0.0,1.0,1.0,0,0,,
304,304,v,drive#v#07,drive#v#05,not-merged,0.0,0.0,1.0,1.0,0,0,,
305,305,v,drive#v#07,drive#v#01,not-merged,0.0,0.0,1.0,1.0,0,0,,
306,306,v,drive#v#02,drive#v#05,not-merged,0.0,0.0,1.0,1.0,0,0,,
307,307,v,drive#v#02,drive#v#01,not-merged,0.0,0.0,1.0,1.0,0,0,,
308,308,v,drive#v#05,drive#v#01,not-merged,0.0,0.0,1.0,1.0,0,0,,
309,309,n,spade#n#02,spade#n#01,not-merged,0.0,0.0,0.0,1.0,,,7.0,8.0
310,310,n,restraint#n#02,restraint#n#04,not-merged,0.0,0.0,0.0,1.0,,,5.0,7.0
311,311,n,restraint#n#02,restraint#n#01,merged,0.0,0.0,0.0,1.0,,,4.0,6.0
312,312,n,restraint#n#02,restraint#n#06,not-merged,0.0,0.0,0.0,1.0,,,5.5,5.5
313,313,n,restraint#n#04,restraint#n#01,not-merged,0.0,0.0,0.0,1.0,,,5.0,8.0
314,314,n,restraint#n#04,restraint#n#06,merged,0.0,0.0,0.0,1.0,,,7.5,7.5
315,315,n,restraint#n#01,restraint#n#06,not-merged,0.0,0.0,0.0,1.0,,,6.5,6.5
316,316,v,play_out#v#03,play_out#v#02,not-merged,0.0,0.0,0.0,1.0,0,1,,
317,317,v,play_out#v#03,play_out#v#04,not-merged,0.0,0.0,0.0,1.0,0,0,,
318,318,v,play_out#v#02,play_out#v#04,not-merged,0.0,0.0,0.0,1.0,0,1,,
319,319,n,child#n#01,child#n#02,merged,0.0,0.0,0.0,2.0,,,1.5,7.5
320,320,n,child#n#01,child#n#03,not-merged,0.0,0.0,1.0,1.0,,,0.5,6.5
321,321,n,child#n#01,child#n#04,not-merged,0.0,0.0,0.0,1.0,,,1.5,7.5
322,322,n,child#n#02,child#n#03,not-merged,0.0,0.0,0.0,1.0,,,1.0,7.0
323,323,n,child#n#02,child#n#04,not-merged,0.0,0.0,0.0,1.0,,,1.0,8.0
324,324,n,child#n#03,child#n#04,not-merged,0.0,0.0,0.0,1.0,,,1.0,7.0
325,325,v,match#v#03,match#v#01,not-merged,0.0,0.0,1.0,1.0,0,0,,
326,326,v,match#v#03,match#v#09,not-merged,0.0,0.0,1.0,1.0,0,0,,
327,327,v,match#v#03,match#v#05,merged,0.0,0.0,1.0,1.0,0,1,,
328,328,v,match#v#03,match#v#02,not-merged,0.0,0.0,0.0,1.0,0,1,,
329,329,v,match#v#01,match#v#09,not-merged,0.0,0.0,1.0,1.0,0,1,,
330,330,v,match#v#01,match#v#05,not-merged,0.0,0.0,1.0,2.0,0,0,,
331,331,v,match#v#01,match#v#02,not-merged,0.0,0.0,0.0,1.0,0,0,,
332,332,v,match#v#09,match#v#05,not-merged,0.0,0.0,1.0,1.0,0,0,,
333,333,v,match#v#09,match#v#02,not-merged,0.0,0.0,0.0,1.0,0,0,,
334,334,v,match#v#05,match#v#02,not-merged,0.0,0.0,0.0,1.0,0,1,,
335,335,n,detention#n#01,detention#n#02,not-merged,0.0,0.0,1.0,1.0,,,5.5,7.5
336,336,v,develop#v#13,build_up#v#05,not-merged,0.0,0.0,0.0,1.0,0,1,,
337,337,v,develop#v#13,develop#v#01,not-merged,0.0,0.0,0.0,1.0,0,1,,
338,338,v,develop#v#13,develop#v#12,not-merged,0.0,0.0,0.0,1.0,0,1,,
339,339,v,develop#v#13,develop#v#10,not-merged,0.0,0.0,0.0,1.0,0,0,,
340,340,v,develop#v#13,develop#v#14,not-merged,0.0,0.0,0.0,1.0,0,0,,
341,341,v,develop#v#13,develop#v#09,not-merged,0.0,0.0,0.0,1.0,0,0,,
342,342,v,develop#v#13,develop#v#03,not-merged,0.0,0.0,0.0,1.0,0,1,,
343,343,v,build_up#v#05,develop#v#01,not-merged,0.0,0.0,1.0,1.0,0,1,,
344,344,v,build_up#v#05,develop#v#12,not-merged,0.0,0.0,0.0,1.0,0,1,0.5,0.5
345,345,v,build_up#v#05,develop#v#10,not-merged,0.0,0.0,1.0,1.0,0,0,,
346,346,v,build_up#v#05,develop#v#14,not-merged,0.0,0.0,1.0,1.0,0,0,,
347,347,v,build_up#v#05,develop#v#09,not-merged,0.0,0.0,0.0,1.0,0,0,,
348,348,v,build_up#v#05,develop#v#03,not-merged,0.0,0.0,0.0,1.0,0,1,,
349,349,v,develop#v#01,develop#v#12,not-merged,0.0,0.0,0.0,1.0,0,1,,
350,350,v,develop#v#01,develop#v#10,not-merged,0.0,0.0,1.0,1.0,0,0,,
351,351,v,develop#v#01,develop#v#14,not-merged,0.0,0.0,1.0,1.0,0,0,,
352,352,v,develop#v#01,develop#v#09,not-merged,0.0,0.0,0.0,1.0,0,0,,
353,353,v,develop#v#01,develop#v#03,not-merged,0.0,0.0,0.0,1.0,0,1,,
354,354,v,develop#v#12,develop#v#10,not-merged,0.0,0.0,0.0,1.0,0,0,,
355,355,v,develop#v#12,develop#v#14,not-merged,0.0,0.0,0.0,1.0,0,0,,
356,356,v,develop#v#12,develop#v#09,not-merged,0.0,0.0,0.0,1.0,0,0,,
357,357,v,develop#v#12,develop#v#03,not-merged,0.0,0.0,0.0,1.0,0,1,,
358,358,v,develop#v#10,develop#v#14,not-merged,0.0,0.0,1.0,1.0,0,1,1.5,1.5
359,359,v,develop#v#10,develop#v#09,not-merged,0.0,0.0,0.0,1.0,0,0,,
360,360,v,develop#v#10,develop#v#03,not-merged,0.0,0.0,0.0,1.0,0,0,1.5,1.5
361,361,v,develop#v#14,develop#v#09,not-merged,0.0,0.0,0.0,1.0,0,0,,
362,362,v,develop#v#14,develop#v#03,not-merged,0.0,0.0,0.0,1.0,0,0,0.0,0.0
363,363,v,develop#v#09,develop#v#03,not-merged,0.0,0.0,0.0,1.0,0,0,,
364,364,v,turn_around#v#03,turn_around#v#02,not-merged,0.0,0.0,0.0,1.0,0,0,,
365,365,v,strike_out#v#03,strike_out#v#06,not-merged,0.0,0.0,0.0,1.0,0,1,,
366,366,n,grip#n#06,grip#n#04,not-merged,0.0,0.0,0.0,1.0,,,7.0,7.0
367,367,v,repel#v#03,repel#v#01,not-merged,0.0,0.0,1.0,2.0,0,1,,
368,368,n,authority#n#01,authority#n#03,not-merged,0.0,0.0,0.0,1.0,,,6.0,6.0
369,369,n,authority#n#01,authority#n#02,not-merged,0.0,0.0,0.0,1.0,,,5.5,5.5
370,370,n,authority#n#01,authority#n#06,merged,0.0,0.0,0.0,3.0,,,4.0,6.0
371,371,n,authority#n#01,authority#n#07,not-merged,0.0,0.0,0.0,1.0,,,7.5,7.5
372,372,n,authority#n#03,authority#n#02,not-merged,0.0,0.0,0.0,1.0,,,0.5,6.5
373,373,n,authority#n#03,authority#n#06,not-merged,0.0,0.0,0.0,1.0,,,6.0,6.0
374,374,n,authority#n#03,authority#n#07,not-merged,0.0,0.0,0.0,1.0,,,6.0,7.0
375,375,n,authority#n#02,authority#n#06,not-merged,0.0,0.0,0.0,1.0,,,5.5,5.5
376,376,n,authority#n#02,authority#n#07,not-merged,0.0,0.0,0.0,1.0,,,5.5,6.5
377,377,n,authority#n#06,authority#n#07,not-merged,0.0,0.0,0.0,1.0,,,7.5,7.5
378,378,a,green#a#03,green#a#02,not-merged,0.0,0.0,0.0,1.0,,,,
379,379,a,faithful#a#03,faithful#a#01,merged,0.0,1.0,1.0,1.0,,,,
380,380,v,hit#v#08,hit#v#02,not-merged,0.0,0.0,0.0,2.0,0,1,,
381,381,v,hit#v#08,hit#v#03,not-merged,0.0,0.0,0.0,2.0,0,1,,
382,382,v,hit#v#02,hit#v#03,not-merged,0.0,0.0,0.0,2.0,0,1,,
383,383,s,green#s#01,green#s#04,not-merged,0.0,0.0,0.0,1.0,,,,
384,384,v,see#v#01,see#v#11,not-merged,0.0,0.0,0.0,1.0,0,1,,
385,385,v,see#v#01,see#v#12,not-merged,0.0,0.0,0.0,1.0,0,1,,
386,386,v,see#v#01,see#v#18,not-merged,0.0,0.0,0.0,1.0,0,0,,
387,387,v,see#v#01,see#v#05,not-merged,0.0,0.0,0.0,1.0,0,1,,
388,388,v,see#v#11,see#v#12,merged,0.0,0.0,0.0,1.0,0,1,0.0,1.0
389,389,v,see#v#11,see#v#18,not-merged,0.0,0.0,0.0,1.0,0,0,,
390,390,v,see#v#11,see#v#05,not-merged,0.0,0.0,0.0,1.0,0,0,,
391,391,v,see#v#12,see#v#18,not-merged,0.0,0.0,0.0,1.0,0,0,,
392,392,v,see#v#12,see#v#05,not-merged,0.0,0.0,0.0,1.0,0,0,,
393,393,v,see#v#18,see#v#05,not-merged,0.0,0.0,0.0,1.0,0,0,,
394,394,n,feeling#n#01,feeling#n#04,merged,0.0,0.0,1.0,1.0,,,4.0,6.0
395,395,s,cool#s#05,cool#s#06,not-merged,0.0,0.0,0.0,1.0,,,,
396,396,s,cool#s#05,cool#s#02,not-merged,0.0,0.0,0.0,1.0,,,,
397,397,s,cool#s#06,cool#s#02,merged,0.0,0.0,1.0,1.0,,,,
398,398,n,mouth#n#02,mouth#n#01,merged,0.0,0.0,1.0,1.0,,,0.5,7.5
399,399,n,mouth#n#02,mouth#n#03,not-merged,0.0,0.0,0.0,1.0,,,6.5,8.0
400,400,n,mouth#n#02,mouth#n#05,not-merged,0.0,0.0,0.0,1.0,,,6.0,7.5
401,401,n,mouth#n#02,mouth#n#08,not-merged,0.0,0.0,0.0,1.0,,,5.0,6.0
402,402,n,mouth#n#02,mouth#n#04,not-merged,0.0,0.0,0.0,1.0,,,4.0,5.0
403,403,n,mouth#n#01,mouth#n#03,not-merged,0.0,0.0,0.0,1.0,,,7.0,8.5
404,404,n,mouth#n#01,mouth#n#05,not-merged,0.0,0.0,0.0,1.0,,,6.5,8.0
405,405,n,mouth#n#01,mouth#n#08,not-merged,0.0,0.0,0.0,1.0,,,5.5,6.5
406,406,n,mouth#n#01,mouth#n#04,not-merged,0.0,0.0,0.0,1.0,,,4.5,5.5
407,407,n,mouth#n#03,mouth#n#05,not-merged,0.0,0.0,0.0,1.0,,,7.0,8.5
408,408,n,mouth#n#03,mouth#n#08,merged,0.0,0.0,0.0,1.0,,,4.0,7.0
409,409,n,mouth#n#03,mouth#n#04,not-merged,0.0,0.0,0.0,1.0,,,3.0,6.0
410,410,n,mouth#n#05,mouth#n#08,not-merged,0.0,0.0,0.0,1.0,,,5.0,6.0
411,411,n,mouth#n#05,mouth#n#04,not-merged,0.0,0.0,0.0,1.0,,,4.0,5.0
412,412,n,mouth#n#08,mouth#n#04,not-merged,0.0,0.0,0.0,1.0,,,2.0,4.0
413,413,v,carry#v#18,carry#v#38,not-merged,0.0,0.0,0.0,1.0,0,0,,
414,414,v,carry#v#18,carry#v#15,not-merged,0.0,0.0,0.0,1.0,0,1,,
415,415,v,carry#v#18,carry#v#04,not-merged,0.0,0.0,0.0,1.0,0,1,,
416,416,v,carry#v#18,carry#v#23,not-merged,0.0,0.0,0.0,1.0,0,0,,
417,417,v,carry#v#18,carry#v#21,not-merged,0.0,0.0,0.0,1.0,0,0,,
418,418,v,carry#v#18,carry#v#05,not-merged,0.0,0.0,1.0,1.0,0,1,,
419,419,v,carry#v#18,carry#v#02,not-merged,0.0,0.0,0.0,1.0,0,0,0.0,0.0
420,420,v,carry#v#18,carry#v#32,not-merged,0.0,0.0,0.0,1.0,0,1,,
421,421,v,carry#v#18,carry#v#10,not-merged,0.0,0.0,0.0,1.0,0,1,,
422,422,v,carry#v#18,carry#v#12,not-merged,0.0,0.0,0.0,1.0,0,0,,
423,423,v,carry#v#18,carry#v#20,not-merged,0.0,0.0,0.0,1.0,0,0,,
424,424,v,carry#v#38,carry#v#15,not-merged,0.0,0.0,0.0,1.0,0,1,,
425,425,v,carry#v#38,carry#v#04,not-merged,0.0,0.0,0.0,1.0,0,1,,
426,426,v,carry#v#38,carry#v#23,not-merged,0.0,0.0,0.0,1.0,0,0,,
427,427,v,carry#v#38,carry#v#21,not-merged,0.0,0.0,0.0,1.0,0,1,,
428,428,v,carry#v#38,carry#v#05,not-merged,0.0,0.0,0.0,1.0,0,1,,
429,429,v,carry#v#38,carry#v#02,not-merged,0.0,0.0,0.0,1.0,0,1,,
430,430,v,carry#v#38,carry#v#32,not-merged,0.0,0.0,0.0,1.0,0,0,,
431,431,v,carry#v#38,carry#v#10,not-merged,0.0,0.0,0.0,1.0,0,0,,
432,432,v,carry#v#38,carry#v#12,not-merged,0.0,0.0,0.0,1.0,0,0,,
433,433,v,carry#v#38,carry#v#20,not-merged,0.0,0.0,0.0,1.0,0,0,,
434,434,v,carry#v#15,carry#v#04,not-merged,0.0,0.0,0.0,1.0,0,1,2.0,4.0
435,435,v,carry#v#15,carry#v#23,not-merged,0.0,0.0,0.0,1.0,0,0,,
436,436,v,carry#v#15,carry#v#21,not-merged,0.0,0.0,0.0,1.0,0,1,,
437,437,v,carry#v#15,carry#v#05,not-merged,0.0,0.0,0.0,1.0,0,1,,
438,438,v,carry#v#15,carry#v#02,not-merged,0.0,0.0,0.0,1.0,0,1,,
439,439,v,carry#v#15,carry#v#32,not-merged,0.0,0.0,0.0,1.0,0,1,,
440,440,v,carry#v#15,carry#v#10,not-merged,0.0,0.0,0.0,1.0,0,1,,
441,441,v,carry#v#15,carry#v#12,not-merged,0.0,0.0,0.0,1.0,0,0,,
442,442,v,carry#v#15,carry#v#20,not-merged,0.0,0.0,0.0,1.0,0,0,,
443,443,v,carry#v#04,carry#v#23,not-merged,0.0,0.0,0.0,1.0,0,0,,
444,444,v,carry#v#04,carry#v#21,not-merged,0.0,0.0,1.0,1.0,0,1,,
445,445,v,carry#v#04,carry#v#05,not-merged,0.0,0.0,0.0,1.0,0,1,,
446,446,v,carry#v#04,carry#v#02,not-merged,0.0,0.0,1.0,1.0,0,1,,
447,447,v,carry#v#04,carry#v#32,not-merged,0.0,0.0,0.0,1.0,0,1,,
448,448,v,carry#v#04,carry#v#10,not-merged,0.0,0.0,0.0,1.0,0,1,,
449,449,v,carry#v#04,carry#v#12,not-merged,0.0,0.0,0.0,1.0,0,0,,
450,450,v,carry#v#04,carry#v#20,not-merged,0.0,0.0,0.0,1.0,0,0,,
451,451,v,carry#v#23,carry#v#21,not-merged,0.0,0.0,0.0,1.0,0,0,,
452,452,v,carry#v#23,carry#v#05,not-merged,0.0,0.0,0.0,1.0,0,0,,
453,453,v,carry#v#23,carry#v#02,not-merged,0.0,0.0,0.0,1.0,0,0,,
454,454,v,carry#v#23,carry#v#32,not-merged,0.0,0.0,0.0,1.0,0,1,,
455,455,v,carry#v#23,carry#v#10,not-merged,0.0,0.0,0.0,1.0,0,0,,
456,456,v,carry#v#23,carry#v#12,not-merged,0.0,0.0,0.0,1.0,0,1,,
457,457,v,carry#v#23,carry#v#20,not-merged,0.0,0.0,0.0,1.0,0,1,,
458,458,v,carry#v#21,carry#v#05,not-merged,0.0,0.0,0.0,1.0,0,1,,
459,459,v,carry#v#21,carry#v#02,not-merged,0.0,0.0,1.0,1.0,0,1,,
460,460,v,carry#v#21,carry#v#32,not-merged,0.0,0.0,0.0,1.0,0,0,,
461,461,v,carry#v#21,carry#v#10,not-merged,0.0,0.0,0.0,1.0,0,0,,
462,462,v,carry#v#21,carry#v#12,not-merged,0.0,0.0,0.0,1.0,0,0,,
463,463,v,carry#v#21,carry#v#20,not-merged,0.0,0.0,0.0,1.0,0,0,0.5,0.5
464,464,v,carry#v#05,carry#v#02,not-merged,0.0,0.0,0.0,1.0,0,1,,
465,465,v,carry#v#05,carry#v#32,not-merged,0.0,0.0,0.0,1.0,0,1,,
466,466,v,carry#v#05,carry#v#10,not-merged,0.0,0.0,0.0,1.0,0,1,,
467,467,v,carry#v#05,carry#v#12,not-merged,0.0,0.0,0.0,1.0,0,0,,
468,468,v,carry#v#05,carry#v#20,not-merged,0.0,0.0,0.0,1.0,0,0,,
469,469,v,carry#v#02,carry#v#32,not-merged,0.0,0.0,0.0,1.0,0,0,,
470,470,v,carry#v#02,carry#v#10,not-merged,0.0,0.0,0.0,1.0,0,0,,
471,471,v,carry#v#02,carry#v#12,not-merged,0.0,0.0,0.0,1.0,0,0,,
472,472,v,carry#v#02,carry#v#20,not-merged,0.0,0.0,0.0,1.0,0,0,,
473,473,v,carry#v#32,carry#v#10,not-merged,0.0,0.0,0.0,1.0,0,1,,
474,474,v,carry#v#32,carry#v#12,not-merged,0.0,0.0,0.0,1.0,0,1,,
475,475,v,carry#v#32,carry#v#20,not-merged,0.0,0.0,0.0,1.0,0,0,,
476,476,v,carry#v#10,carry#v#12,not-merged,0.0,0.0,0.0,1.0,0,0,,
477,477,v,carry#v#10,carry#v#20,not-merged,0.0,0.0,0.0,1.0,0,0,,
478,478,v,carry#v#12,carry#v#20,merged,0.0,0.0,0.0,1.0,0,0,,
479,479,v,survive#v#01,survive#v#02,not-merged,0.0,0.0,1.0,1.0,0,1,,
480,480,n,mail#n#02,mail#n#04,not-merged,0.0,0.0,1.0,2.0,,,3.0,5.0
481,481,v,meet#v#06,meet#v#01,not-merged,0.0,0.0,0.0,1.0,0,1,,
482,482,n,nation#n#03,nation#n#02,not-merged,0.0,0.0,0.0,1.0,,,3.5,6.5
483,483,a,colorless#a#02,colorless#a#01,merged,0.0,1.0,0.0,2.0,,,,
484,484,v,watch#v#02,watch#v#03,not-merged,0.0,0.0,1.0,1.0,0,1,,
485,485,v,replace#v#01,replace#v#04,not-merged,0.0,0.0,0.0,1.0,0,1,,
486,486,n,church#n#02,church#n#01,merged,0.0,0.0,0.0,1.0,,,7.0,7.0
487,487,v,visit#v#03,visit#v#01,not-merged,0.0,0.0,1.0,1.0,0,0,,
488,488,n,channel#n#05,channel#n#04,not-merged,0.0,0.0,0.0,1.0,,,4.5,4.5
489,489,n,channel#n#05,channel#n#07,not-merged,0.0,0.0,0.0,1.0,,,6.5,6.5
490,490,n,channel#n#05,channel#n#01,not-merged,0.0,0.0,1.0,1.0,,,0.5,6.5
491,491,n,channel#n#04,channel#n#07,not-merged,0.0,0.0,0.0,1.0,,,4.0,5.0
492,492,n,channel#n#04,channel#n#01,not-merged,0.0,0.0,0.0,1.0,,,5.0,5.0
493,493,n,channel#n#07,channel#n#01,not-merged,0.0,0.0,0.0,1.0,,,7.0,7.0
494,494,n,hearth#n#02,hearth#n#03,not-merged,0.0,0.0,0.0,2.0,,,4.0,6.0
495,495,v,continue#v#03,continue#v#01,not-merged,0.0,1.0,0.0,1.0,0,0,,
496,496,v,withdraw#v#10,withdraw#v#01,not-merged,0.0,0.0,1.0,1.0,0,1,,
497,497,v,keep#v#08,keep#v#01,not-merged,0.0,0.0,0.0,2.0,0,0,,
498,498,v,keep#v#08,keep#v#18,not-merged,0.0,0.0,0.0,1.0,0,1,1.5,2.5
499,499,v,keep#v#08,keep#v#20,not-merged,0.0,0.0,0.0,2.0,0,1,1.5,1.5
500,500,v,keep#v#08,keep#v#07,not-merged,0.0,0.0,0.0,1.0,0,1,1.5,1.5
501,501,v,keep#v#08,keep#v#19,not-merged,0.0,0.0,0.0,1.0,0,1,1.5,1.5
502,502,v,keep#v#08,keep#v#21,not-merged,0.0,0.0,0.0,1.0,0,0,,
503,503,v,keep#v#08,keep#v#03,not-merged,0.0,0.0,0.0,1.0,0,1,1.5,1.5
504,504,v,keep#v#01,keep#v#18,not-merged,0.0,0.0,0.0,1.0,0,0,,
505,505,v,keep#v#01,keep#v#20,not-merged,0.0,0.0,0.0,2.0,0,0,,
506,506,v,keep#v#01,keep#v#07,not-merged,0.0,0.0,0.0,1.0,0,0,,
507,507,v,keep#v#01,keep#v#19,not-merged,0.0,0.0,0.0,1.0,0,0,,
508,508,v,keep#v#01,keep#v#21,not-merged,0.0,0.0,0.0,1.0,0,0,,
509,509,v,keep#v#01,keep#v#03,not-merged,0.0,0.0,0.0,1.0,0,0,,
510,510,v,keep#v#18,keep#v#20,not-merged,0.0,0.0,0.0,1.0,0,1,1.0,1.0
511,511,v,keep#v#18,keep#v#07,not-merged,0.0,0.0,0.0,1.0,0,1,1.0,1.0
512,512,v,keep#v#18,keep#v#19,not-merged,0.0,0.0,0.0,1.0,0,1,1.0,1.0
513,513,v,keep#v#18,keep#v#21,not-merged,0.0,0.0,0.0,1.0,0,0,,
514,514,v,keep#v#18,keep#v#03,not-merged,0.0,0.0,0.0,1.0,0,1,1.0,1.0
515,515,v,keep#v#20,keep#v#07,not-merged,0.0,0.0,0.0,1.0,0,1,0.0,0.0
516,516,v,keep#v#20,keep#v#19,not-merged,0.0,0.0,0.0,1.0,0,1,0.0,0.0
517,517,v,keep#v#20,keep#v#21,not-merged,0.0,0.0,0.0,1.0,0,0,,
518,518,v,keep#v#20,keep#v#03,not-merged,0.0,0.0,0.0,1.0,0,1,0.0,0.0
519,519,v,keep#v#07,keep#v#19,not-merged,0.0,0.0,0.0,1.0,0,1,0.0,0.0
520,520,v,keep#v#07,keep#v#21,not-merged,0.0,0.0,0.0,1.0,0,1,,
521,521,v,keep#v#07,keep#v#03,not-merged,0.0,0.0,1.0,1.0,0,1,0.0,0.0
522,522,v,keep#v#19,keep#v#21,not-merged,0.0,0.0,0.0,1.0,0,0,,
523,523,v,keep#v#19,keep#v#03,not-merged,0.0,0.0,0.0,1.0,0,1,0.0,0.0
524,524,v,keep#v#21,keep#v#03,not-merged,0.0,0.0,0.0,1.0,0,0,,
525,525,v,wash#v#03,wash#v#09,not-merged,0.0,0.0,0.0,1.0,0,1,,
526,526,v,wash#v#03,wash#v#02,not-merged,0.0,0.0,1.0,1.0,0,1,2.5,2.5
527,527,v,wash#v#03,wash#v#10,not-merged,0.0,0.0,0.0,1.0,0,0,1.5,1.5
528,528,v,wash#v#03,wash#v#04,not-merged,0.0,0.0,0.0,1.0,0,0,,
529,529,v,wash#v#03,wash#v#06,not-merged,0.0,0.0,0.0,1.0,0,0,,
530,530,v,wash#v#03,wash#v#01,not-merged,0.0,0.0,1.0,1.0,0,1,,
531,531,v,wash#v#09,wash#v#02,not-merged,0.0,0.0,0.0,1.0,0,1,,
532,532,v,wash#v#09,wash#v#10,not-merged,0.0,0.0,0.0,1.0,0,0,,
533,533,v,wash#v#09,wash#v#04,not-merged,0.0,0.0,0.0,1.0,0,0,,
534,534,v,wash#v#09,wash#v#06,not-merged,0.0,0.0,0.0,1.0,0,0,,
535,535,v,wash#v#09,wash#v#01,not-merged,0.0,0.0,0.0,1.0,0,1,,
536,536,v,wash#v#02,wash#v#10,not-merged,0.0,0.0,0.0,1.0,0,0,3.0,3.0
537,537,v,wash#v#02,wash#v#04,not-merged,0.0,0.0,0.0,1.0,0,0,,
538,538,v,wash#v#02,wash#v#06,not-merged,0.0,0.0,0.0,1.0,0,0,,
539,539,v,wash#v#02,wash#v#01,merged,0.0,0.0,1.0,1.0,0,1,,
540,540,v,wash#v#10,wash#v#04,not-merged,0.0,0.0,0.0,1.0,0,1,,
541,541,v,wash#v#10,wash#v#06,not-merged,0.0,0.0,0.0,1.0,0,0,,
542,542,v,wash#v#10,wash#v#01,not-merged,0.0,0.0,0.0,1.0,0,0,,
543,543,v,wash#v#04,wash#v#06,not-merged,0.0,0.0,0.0,1.0,0,0,,
544,544,v,wash#v#04,wash#v#01,not-merged,0.0,0.0,0.0,1.0,0,0,2.0,2.0
545,545,v,wash#v#06,wash#v#01,not-merged,0.0,0.0,0.0,1.0,0,0,,
546,546,v,turn_on#v#03,turn_on#v#04,not-merged,0.0,0.0,0.0,1.0,0,0,,
547,547,v,collaborate#v#01,collaborate#v#02,not-merged,0.0,0.0,1.0,1.0,0,1,0.5,0.5
548,548,v,determine#v#08,determine#v#01,not-merged,0.0,0.0,1.0,3.0,0,1,,
549,549,v,drift#v#09,drift#v#04,not-merged,0.0,0.0,0.0,1.0,0,1,,
550,550,v,drift#v#09,drift#v#06,not-merged,0.0,0.0,0.0,1.0,0,0,,
551,551,v,drift#v#04,drift#v#06,not-merged,0.0,0.0,0.0,1.0,0,0,,
552,552,v,train#v#01,train#v#02,not-merged,0.0,0.0,1.0,2.0,0,0,,
553,553,v,train#v#01,train#v#09,not-merged,0.0,0.0,0.0,1.0,0,0,,
554,554,v,train#v#01,train#v#08,not-merged,0.0,0.0,1.0,1.0,0,0,,
555,555,v,train#v#02,train#v#09,not-merged,0.0,0.0,0.0,1.0,0,0,,
556,556,v,train#v#02,train#v#08,not-merged,0.0,0.0,0.0,1.0,0,0,,
557,557,v,train#v#09,train#v#08,not-merged,0.0,0.0,0.0,1.0,0,0,,
558,558,s,natural#s#06,natural#s#08,not-merged,0.0,0.0,0.0,1.0,,,,
559,559,s,natural#s#06,natural#s#04,merged,0.0,0.0,0.0,1.0,,,,
560,560,s,natural#s#06,natural#s#09,not-merged,0.0,0.0,0.0,1.0,,,,
561,561,s,natural#s#06,natural#s#07,merged,0.0,0.0,0.0,1.0,,,,
562,562,s,natural#s#08,natural#s#04,not-merged,0.0,0.0,0.0,1.0,,,,
563,563,s,natural#s#08,natural#s#09,not-merged,0.0,0.0,0.0,1.0,,,,
564,564,s,natural#s#08,natural#s#07,not-merged,0.0,0.0,0.0,1.0,,,,
565,565,s,natural#s#04,natural#s#09,not-merged,0.0,0.0,0.0,1.0,,,,
566,566,s,natural#s#04,natural#s#07,merged,0.0,0.0,0.0,1.0,,,,
567,567,s,natural#s#09,natural#s#07,not-merged,0.0,0.0,0.0,1.0,,,,
568,568,v,keep_up#v#01,keep_up#v#04,merged,0.0,0.0,0.0,1.0,0,1,,
569,569,n,day#n#01,day#n#02,not-merged,0.0,0.0,0.0,1.0,,,2.0,5.0
570,570,n,day#n#01,day#n#06,not-merged,0.0,0.0,0.0,1.0,,,2.0,5.0
571,571,n,day#n#01,day#n#05,merged,0.0,0.0,0.0,1.0,,,2.0,5.0
572,572,n,day#n#01,day#n#04,not-merged,0.0,0.0,0.0,1.0,,,2.0,5.0
573,573,n,day#n#01,day#n#03,merged,0.0,0.0,0.0,1.0,,,1.5,4.5
574,574,n,day#n#02,day#n#06,merged,0.0,0.0,0.0,1.0,,,1.0,6.0
575,575,n,day#n#02,day#n#05,not-merged,0.0,0.0,0.0,1.0,,,1.0,6.0
576,576,n,day#n#02,day#n#04,not-merged,0.0,0.0,0.0,1.0,,,1.0,6.0
577,577,n,day#n#02,day#n#03,not-merged,0.0,0.0,0.0,1.0,,,0.5,5.5
578,578,n,day#n#06,day#n#05,not-merged,0.0,0.0,0.0,1.0,,,1.0,6.0
579,579,n,day#n#06,day#n#04,not-merged,0.0,0.0,0.0,1.0,,,1.0,6.0
580,580,n,day#n#06,day#n#03,not-merged,0.0,0.0,0.0,1.0,,,0.5,5.5
581,581,n,day#n#05,day#n#04,not-merged,0.0,0.0,0.0,1.0,,,1.0,6.0
582,582,n,day#n#05,day#n#03,merged,0.0,0.0,0.0,1.0,,,0.5,5.5
583,583,n,day#n#04,day#n#03,not-merged,0.0,0.0,0.0,1.0,,,0.5,5.5
584,584,n,fatigue#n#01,fatigue#n#03,merged,0.0,0.0,1.0,1.0,,,3.5,7.5
585,585,n,fatigue#n#01,fatigue#n#02,not-merged,0.0,0.0,0.0,1.0,,,1.5,5.5
586,586,n,fatigue#n#03,fatigue#n#02,not-merged,0.0,0.0,0.0,1.0,,,4.0,8.0
587,587,a,fit#a#03,fit#a#01,merged,0.0,1.0,1.0,1.0,,,,
588,588,v,find#v#15,find#v#10,not-merged,0.0,0.0,0.0,1.0,0,0,,
589,589,v,find#v#15,find#v#13,not-merged,0.0,0.0,0.0,1.0,0,0,,
590,590,v,find#v#15,find#v#05,not-merged,0.0,0.0,0.0,1.0,0,0,,
591,591,v,find#v#15,find#v#01,not-merged,0.0,0.0,0.0,1.0,0,0,,
592,592,v,find#v#15,find#v#03,not-merged,0.0,0.0,0.0,1.0,0,0,,
593,593,v,find#v#10,find#v#05,not-merged,0.0,0.0,0.0,1.0,0,0,,
594,594,v,find#v#10,find#v#01,not-merged,0.0,0.0,0.0,1.0,0,1,,
595,595,v,find#v#10,find#v#03,not-merged,0.0,0.0,0.0,1.0,0,1,0.0,0.0
596,596,v,find#v#13,find#v#05,not-merged,0.0,0.0,0.0,1.0,0,0,,
597,597,v,find#v#13,find#v#01,not-merged,0.0,0.0,0.0,1.0,0,0,,
598,598,v,find#v#13,find#v#03,not-merged,0.0,0.0,0.0,1.0,0,0,,
599,599,v,find#v#05,find#v#01,not-merged,0.0,0.0,0.0,1.0,0,0,,
600,600,v,find#v#05,find#v#03,not-merged,0.0,0.0,0.0,1.0,0,0,,
601,601,v,find#v#01,find#v#03,not-merged,0.0,0.0,1.0,1.0,0,1,,
602,602,v,begin#v#03,begin#v#06,not-merged,0.0,0.0,0.0,1.0,0,0,,
603,603,v,begin#v#03,begin#v#09,not-merged,0.0,0.0,0.0,1.0,0,1,,
604,604,v,begin#v#03,begin#v#05,not-merged,0.0,0.0,1.0,1.0,0,1,,
605,605,v,begin#v#03,begin#v#02,not-merged,0.0,1.0,1.0,2.0,0,1,,
606,606,v,begin#v#03,begin#v#04,not-merged,0.0,0.0,0.0,1.0,0,0,,
607,607,v,begin#v#03,get_down#v#07,not-merged,0.0,1.0,1.0,3.0,0,1,,
608,608,v,begin#v#03,begin#v#07,not-merged,0.0,0.0,1.0,2.0,0,0,,
609,609,v,begin#v#06,begin#v#09,not-merged,0.0,0.0,0.0,1.0,0,0,,
610,610,v,begin#v#06,begin#v#05,merged,0.0,0.0,0.0,1.0,0,0,,
611,611,v,begin#v#06,begin#v#02,merged,0.0,0.0,0.0,1.0,0,1,,
612,612,v,begin#v#06,begin#v#04,not-merged,0.0,0.0,0.0,1.0,0,0,,
613,613,v,begin#v#06,get_down#v#07,not-merged,0.0,0.0,0.0,1.0,0,0,,
614,614,v,begin#v#06,begin#v#07,not-merged,0.0,0.0,0.0,1.0,0,1,0.0,0.0
615,615,v,begin#v#09,begin#v#05,not-merged,0.0,0.0,0.0,1.0,0,1,,
616,616,v,begin#v#09,begin#v#02,not-merged,0.0,0.0,0.0,1.0,0,1,,
617,617,v,begin#v#09,begin#v#04,not-merged,0.0,0.0,0.0,1.0,0,0,,
618,618,v,begin#v#09,get_down#v#07,not-merged,0.0,0.0,0.0,1.0,0,0,,
619,619,v,begin#v#09,begin#v#07,not-merged,0.0,0.0,0.0,1.0,0,0,,
620,620,v,begin#v#05,begin#v#02,merged,0.0,0.0,0.0,1.0,0,1,,
621,621,v,begin#v#05,begin#v#04,not-merged,0.0,0.0,0.0,1.0,0,0,,
622,622,v,begin#v#05,get_down#v#07,not-merged,0.0,0.0,1.0,1.0,0,0,,
623,623,v,begin#v#05,begin#v#07,not-merged,0.0,0.0,0.0,1.0,0,0,,
624,624,v,begin#v#02,begin#v#04,not-merged,0.0,0.0,0.0,1.0,0,0,,
625,625,v,begin#v#02,get_down#v#07,not-merged,0.0,1.0,1.0,2.0,0,1,,
626,626,v,begin#v#02,begin#v#07,not-merged,0.0,0.0,1.0,2.0,0,1,,
627,627,v,begin#v#04,get_down#v#07,not-merged,0.0,0.0,0.0,1.0,0,1,,
628,628,v,begin#v#04,begin#v#07,not-merged,0.0,0.0,0.0,1.0,0,0,,
629,629,v,get_down#v#07,begin#v#07,not-merged,0.0,0.0,1.0,2.0,0,0,,
630,630,v,leave#v#02,leave#v#04,not-merged,0.0,0.0,0.0,1.0,0,1,,
631,631,v,leave#v#02,leave#v#08,not-merged,0.0,0.0,0.0,1.0,0,1,,
632,632,v,leave#v#02,leave#v#06,not-merged,0.0,0.0,0.0,1.0,0,1,,
633,633,v,leave#v#02,leave#v#07,not-merged,0.0,0.0,0.0,1.0,0,0,,
634,634,v,leave#v#02,leave#v#11,not-merged,0.0,0.0,0.0,1.0,0,1,,
635,635,v,leave#v#02,leave#v#03,not-merged,0.0,0.0,0.0,1.0,0,1,,
636,636,v,leave#v#02,leave#v#01,not-merged,0.0,0.0,1.0,1.0,0,0,,
637,637,v,leave#v#04,leave#v#08,not-merged,0.0,0.0,0.0,1.0,0,1,,
638,638,v,leave#v#04,leave#v#06,not-merged,0.0,0.0,0.0,1.0,0,1,,
639,639,v,leave#v#04,leave#v#07,not-merged,0.0,0.0,0.0,1.0,0,1,,
640,640,v,leave#v#04,leave#v#11,not-merged,0.0,0.0,0.0,1.0,0,1,,
641,641,v,leave#v#04,leave#v#03,not-merged,0.0,0.0,0.0,1.0,0,1,,
642,642,v,leave#v#04,leave#v#01,not-merged,0.0,0.0,0.0,1.0,0,0,,
643,643,v,leave#v#08,leave#v#06,not-merged,0.0,0.0,0.0,1.0,0,1,,
644,644,v,leave#v#08,leave#v#07,not-merged,0.0,0.0,0.0,1.0,0,0,,
645,645,v,leave#v#08,leave#v#11,not-merged,0.0,0.0,0.0,1.0,0,0,,
646,646,v,leave#v#08,leave#v#03,not-merged,0.0,0.0,0.0,1.0,0,0,,
647,647,v,leave#v#08,leave#v#01,not-merged,0.0,0.0,0.0,1.0,0,1,,
648,648,v,leave#v#06,leave#v#07,not-merged,0.0,0.0,0.0,1.0,0,1,,
649,649,v,leave#v#06,leave#v#11,not-merged,0.0,0.0,0.0,1.0,0,1,,
650,650,v,leave#v#06,leave#v#03,not-merged,0.0,0.0,0.0,1.0,0,0,,
651,651,v,leave#v#06,leave#v#01,not-merged,0.0,0.0,0.0,1.0,0,0,,
652,652,v,leave#v#07,leave#v#11,not-merged,0.0,0.0,0.0,1.0,0,1,,
653,653,v,leave#v#07,leave#v#03,not-merged,0.0,0.0,0.0,1.0,0,0,,
654,654,v,leave#v#07,leave#v#01,not-merged,0.0,0.0,0.0,1.0,0,0,,
655,655,v,leave#v#11,leave#v#03,not-merged,0.0,0.0,0.0,1.0,0,1,,
656,656,v,leave#v#11,leave#v#01,not-merged,0.0,0.0,0.0,1.0,0,0,,
657,657,v,leave#v#03,leave#v#01,not-merged,0.0,0.0,0.0,1.0,0,0,,
658,658,v,see_through#v#01,see_through#v#02,not-merged,0.0,0.0,0.0,1.0,0,1,,
659,659,v,call#v#03,call#v#19,not-merged,0.0,0.0,0.0,1.0,0,0,,
660,660,v,call#v#03,call#v#13,not-merged,0.0,0.0,0.0,1.0,0,0,,
661,661,v,call#v#03,call#v#04,not-merged,0.0,0.0,0.0,1.0,0,0,,
662,662,v,call#v#03,call#v#02,not-merged,0.0,0.0,0.0,1.0,0,0,,
663,663,v,call#v#03,call#v#07,not-merged,0.0,0.0,0.0,1.0,0,0,,
664,664,v,call#v#03,call#v#25,not-merged,0.0,0.0,0.0,1.0,0,0,,
665,665,v,call#v#03,call#v#09,not-merged,0.0,0.0,0.0,1.0,0,0,,
666,666,v,call#v#03,call#v#16,not-merged,0.0,0.0,0.0,1.0,0,0,,
667,667,v,call#v#03,call#v#15,not-merged,0.0,0.0,0.0,1.0,0,0,,
668,668,v,call#v#19,call#v#13,not-merged,0.0,0.0,0.0,1.0,0,1,,
669,669,v,call#v#19,call#v#04,not-merged,0.0,0.0,0.0,1.0,0,1,,
670,670,v,call#v#19,call#v#02,not-merged,0.0,0.0,0.0,1.0,0,1,,
671,671,v,call#v#19,call#v#07,not-merged,0.0,0.0,0.0,1.0,0,1,,
672,672,v,call#v#19,call#v#25,not-merged,0.0,0.0,0.0,1.0,0,1,,
673,673,v,call#v#19,call#v#09,not-merged,0.0,0.0,0.0,1.0,0,1,,
674,674,v,call#v#19,call#v#16,not-merged,0.0,0.0,0.0,1.0,0,1,,
675,675,v,call#v#19,call#v#15,not-merged,0.0,0.0,0.0,1.0,0,0,,
676,676,v,call#v#13,call#v#04,not-merged,0.0,0.0,0.0,1.0,0,1,,
677,677,v,call#v#13,call#v#02,not-merged,0.0,0.0,0.0,1.0,0,1,0.0,3.0
678,678,v,call#v#13,call#v#07,not-merged,0.0,0.0,0.0,1.0,0,1,,
679,679,v,call#v#13,call#v#25,not-merged,0.0,0.0,0.0,1.0,0,1,,
680,680,v,call#v#13,call#v#09,not-merged,0.0,0.0,0.0,1.0,0,1,,
681,681,v,call#v#13,call#v#16,not-merged,0.0,0.0,0.0,1.0,0,1,,
682,682,v,call#v#13,call#v#15,not-merged,0.0,0.0,0.0,1.0,0,1,,
683,683,v,call#v#04,call#v#02,merged,0.0,0.0,1.0,1.0,0,1,,
684,684,v,call#v#04,call#v#07,not-merged,0.0,0.0,1.0,1.0,0,0,1.5,5.5
685,685,v,call#v#04,call#v#25,not-merged,0.0,0.0,0.0,1.0,0,0,2.5,6.5
686,686,v,call#v#04,call#v#09,not-merged,0.0,0.0,0.0,1.0,0,1,0.5,6.5
687,687,v,call#v#04,call#v#16,not-merged,0.0,0.0,1.0,1.0,0,0,,
688,688,v,call#v#04,call#v#15,not-merged,0.0,0.0,0.0,1.0,0,0,,
689,689,v,call#v#02,call#v#07,not-merged,0.0,0.0,1.0,1.0,0,0,,
690,690,v,call#v#02,call#v#25,not-merged,0.0,0.0,1.0,1.0,0,0,,
691,691,v,call#v#02,call#v#09,not-merged,0.0,0.0,0.0,1.0,0,1,,
692,692,v,call#v#02,call#v#16,not-merged,0.0,0.0,1.0,1.0,0,0,,
693,693,v,call#v#02,call#v#15,not-merged,0.0,0.0,1.0,1.0,0,0,,
694,694,v,call#v#07,call#v#25,not-merged,0.0,0.0,0.0,1.0,0,1,1.0,5.0
695,695,v,call#v#07,call#v#09,not-merged,0.0,0.0,0.0,1.0,0,0,1.0,5.0
696,696,v,call#v#07,call#v#16,not-merged,0.0,0.0,1.0,1.0,0,1,,
697,697,v,call#v#07,call#v#15,not-merged,0.0,0.0,0.0,1.0,0,0,,
698,698,v,call#v#25,call#v#09,not-merged,0.0,0.0,0.0,1.0,0,0,2.0,6.0
699,699,v,call#v#25,call#v#16,not-merged,0.0,0.0,1.0,1.0,0,1,,
700,700,v,call#v#25,call#v#15,not-merged,0.0,0.0,1.0,1.0,0,0,,
701,701,v,call#v#09,call#v#16,not-merged,0.0,0.0,0.0,1.0,0,0,,
702,702,v,call#v#09,call#v#15,not-merged,0.0,0.0,0.0,1.0,0,0,,
703,703,v,call#v#16,call#v#15,not-merged,0.0,0.0,1.0,1.0,0,0,0.0,0.0
704,704,n,law#n#04,law#n#03,not-merged,0.0,0.0,0.0,1.0,,,0.0,7.0
705,705,v,turn_out#v#03,turn_out#v#02,not-merged,0.0,0.0,0.0,1.0,0,0,,
706,706,v,turn_out#v#03,turn_out#v#04,not-merged,0.0,0.0,0.0,1.0,0,0,,
707,707,v,turn_out#v#02,turn_out#v#04,not-merged,0.0,0.0,0.0,1.0,0,0,,
708,708,v,treat#v#08,treat#v#05,not-merged,0.0,0.0,0.0,1.0,0,0,,
709,709,v,treat#v#08,treat#v#03,not-merged,0.0,0.0,0.0,1.0,0,0,,
710,710,v,treat#v#08,treat#v#01,not-merged,0.0,0.0,0.0,1.0,0,0,1.0,1.0
711,711,v,treat#v#05,treat#v#03,not-merged,0.0,0.0,0.0,1.0,0,1,,
712,712,v,treat#v#05,treat#v#01,not-merged,0.0,0.0,0.0,1.0,0,1,,
713,713,v,treat#v#03,treat#v#01,not-merged,0.0,0.0,0.0,1.0,0,1,,
714,714,s,fine#s#05,fine#s#02,not-merged,0.0,0.0,0.0,1.0,,,,
715,715,s,fine#s#05,fine#s#04,not-merged,0.0,0.0,0.0,1.0,,,,
716,716,s,fine#s#05,fine#s#06,not-merged,0.0,0.0,0.0,1.0,,,,
717,717,s,fine#s#02,fine#s#04,merged,0.0,0.0,0.0,1.0,,,,
718,718,s,fine#s#02,fine#s#06,not-merged,0.0,0.0,0.0,1.0,,,,
719,719,s,fine#s#04,fine#s#06,not-merged,0.0,0.0,0.0,1.0,,,,
720,720,n,bar#n#03,bar#n#02,not-merged,0.0,0.0,0.0,1.0,,,2.5,7.5
721,721,n,bar#n#03,bar#n#08,not-merged,0.0,0.0,0.0,1.0,,,4.5,7.5
722,722,n,bar#n#03,bar#n#07,not-merged,0.0,0.0,0.0,1.0,,,6.0,6.0
723,723,n,bar#n#03,bar#n#05,not-merged,0.0,0.0,1.0,1.0,,,2.0,6.0
724,724,n,bar#n#02,bar#n#08,not-merged,0.0,0.0,0.0,1.0,,,6.0,9.0
725,725,n,bar#n#02,bar#n#07,not-merged,0.0,0.0,0.0,1.0,,,7.5,7.5
726,726,n,bar#n#02,bar#n#05,not-merged,0.0,0.0,0.0,1.0,,,3.5,7.5
727,727,n,bar#n#08,bar#n#07,not-merged,0.0,0.0,0.0,1.0,,,7.5,7.5
728,728,n,bar#n#08,bar#n#05,not-merged,0.0,0.0,0.0,1.0,,,4.5,7.5
729,729,n,bar#n#07,bar#n#05,not-merged,0.0,0.0,0.0,1.0,,,6.0,6.0
730,730,v,work#v#16,work#v#03,not-merged,0.0,0.0,0.0,1.0,0,0,,
731,731,v,work#v#16,work#v#09,not-merged,0.0,0.0,0.0,1.0,0,0,,
732,732,v,work#v#16,work#v#05,not-merged,0.0,0.0,0.0,1.0,0,1,,
733,733,v,work#v#16,work#v#01,not-merged,0.0,0.0,0.0,1.0,0,0,,
734,734,v,work#v#16,work#v#02,not-merged,0.0,0.0,0.0,1.0,0,0,,
735,735,v,work#v#16,work#v#08,not-merged,0.0,0.0,0.0,1.0,0,1,,
736,736,v,work#v#16,work#v#21,not-merged,0.0,0.0,0.0,1.0,0,1,,
737,737,v,work#v#16,work#v#10,not-merged,0.0,0.0,0.0,1.0,0,1,,
738,738,v,work#v#03,work#v#09,not-merged,0.0,0.0,1.0,1.0,0,0,,
739,739,v,work#v#03,work#v#05,not-merged,0.0,0.0,1.0,1.0,0,0,,
740,740,v,work#v#03,work#v#01,not-merged,0.0,0.0,1.0,1.0,0,0,,
741,741,v,work#v#03,work#v#02,not-merged,0.0,0.0,1.0,1.0,0,0,,
742,742,v,work#v#03,work#v#08,not-merged,0.0,0.0,1.0,1.0,0,0,,
743,743,v,work#v#03,work#v#21,not-merged,0.0,0.0,0.0,1.0,0,0,,
744,744,v,work#v#03,work#v#10,not-merged,0.0,0.0,0.0,1.0,0,0,,
745,745,v,work#v#09,work#v#05,not-merged,0.0,0.0,0.0,1.0,0,0,,
746,746,v,work#v#09,work#v#01,not-merged,0.0,0.0,1.0,1.0,0,1,,
747,747,v,work#v#09,work#v#02,not-merged,0.0,0.0,1.0,1.0,0,1,,
748,748,v,work#v#09,work#v#08,not-merged,0.0,0.0,1.0,1.0,0,1,,
749,749,v,work#v#09,work#v#21,not-merged,0.0,0.0,0.0,1.0,0,1,,
750,750,v,work#v#09,work#v#10,not-merged,0.0,0.0,0.0,1.0,0,0,,
751,751,v,work#v#05,work#v#01,not-merged,0.0,0.0,0.0,1.0,0,0,,
752,752,v,work#v#05,work#v#02,not-merged,0.0,0.0,0.0,1.0,0,0,,
753,753,v,work#v#05,work#v#08,not-merged,0.0,0.0,0.0,1.0,0,1,,
754,754,v,work#v#05,work#v#21,not-merged,0.0,0.0,0.0,1.0,0,1,,
755,755,v,work#v#05,work#v#10,not-merged,0.0,0.0,0.0,1.0,0,1,,
756,756,v,work#v#01,work#v#02,merged,0.0,0.0,1.0,1.0,0,1,,
757,757,v,work#v#01,work#v#08,not-merged,0.0,0.0,1.0,1.0,0,1,,
758,758,v,work#v#01,work#v#21,not-merged,0.0,0.0,0.0,1.0,0,1,,
759,759,v,work#v#01,work#v#10,not-merged,0.0,0.0,0.0,1.0,0,0,,
760,760,v,work#v#02,work#v#08,not-merged,0.0,0.0,1.0,1.0,0,1,,
761,761,v,work#v#02,work#v#21,not-merged,0.0,0.0,0.0,1.0,0,1,,
762,762,v,work#v#02,work#v#10,not-merged,0.0,0.0,0.0,1.0,0,0,,
763,763,v,work#v#08,work#v#21,not-merged,0.0,0.0,0.0,1.0,0,1,,
764,764,v,work#v#08,work#v#10,not-merged,0.0,0.0,0.0,1.0,0,1,,
765,765,v,work#v#21,work#v#10,not-merged,0.0,0.0,0.0,1.0,0,1,0.0,0.0
766,766,n,facility#n#05,facility#n#04,merged,0.0,0.0,0.0,1.0,,,6.0,6.0
767,767,n,facility#n#05,facility#n#01,not-merged,0.0,0.0,0.0,1.0,,,6.0,6.0
768,768,n,facility#n#04,facility#n#01,not-merged,0.0,0.0,0.0,1.0,,,0.0,4.0
769,769,v,work_out#v#05,work_out#v#02,not-merged,0.0,0.0,0.0,1.0,0,1,,
770,770,n,circuit#n#01,circuit#n#03,not-merged,0.0,0.0,0.0,1.0,,,4.0,6.0
771,771,n,circuit#n#01,circuit#n#04,not-merged,0.0,0.0,0.0,1.0,,,5.0,5.0
772,772,n,circuit#n#03,circuit#n#04,not-merged,0.0,0.0,0.0,1.0,,,4.0,4.0
773,773,v,hold#v#18,hold#v#08,not-merged,0.0,0.0,1.0,3.0,0,0,,
774,774,v,face#v#05,face#v#04,not-merged,0.0,0.0,0.0,1.0,0,0,,
775,775,v,face#v#05,face#v#09,not-merged,0.0,0.0,0.0,1.0,0,1,,
776,776,v,face#v#04,face#v#09,not-merged,0.0,0.0,0.0,1.0,0,0,,
777,777,n,post#n#04,post#n#09,not-merged,0.0,0.0,0.0,1.0,,,7.0,7.0
778,778,n,post#n#04,post#n#01,not-merged,0.0,0.0,0.0,1.0,,,5.0,7.0
779,779,n,post#n#04,post#n#11,not-merged,0.0,0.0,1.0,1.0,,,9.5,9.5
780,780,n,post#n#09,post#n#01,not-merged,0.0,0.0,0.0,1.0,,,5.0,5.0
781,781,n,post#n#09,post#n#11,not-merged,0.0,0.0,0.0,1.0,,,5.5,7.5
782,782,n,post#n#01,post#n#11,not-merged,0.0,0.0,0.0,1.0,,,7.5,7.5
783,783,v,dress#v#04,dress#v#16,not-merged,0.0,0.0,0.0,1.0,0,0,,
784,784,v,dress#v#04,dress#v#14,not-merged,0.0,0.0,0.0,1.0,0,0,,
785,785,v,dress#v#04,dress#v#02,merged,0.0,0.0,1.0,1.0,0,0,1.0,1.0
786,786,v,dress#v#04,dress#v#10,not-merged,0.0,0.0,0.0,1.0,0,0,,
787,787,v,dress#v#04,dress#v#09,not-merged,0.0,0.0,0.0,1.0,0,0,,
788,788,v,dress#v#04,dress#v#01,not-merged,0.0,0.0,1.0,1.0,0,0,0.5,0.5
789,789,v,dress#v#16,dress#v#14,not-merged,0.0,0.0,0.0,1.0,0,1,,
790,790,v,dress#v#16,dress#v#02,not-merged,0.0,0.0,0.0,1.0,0,1,,
791,791,v,dress#v#16,dress#v#10,not-merged,0.0,0.0,0.0,1.0,0,1,,
792,792,v,dress#v#16,dress#v#09,not-merged,0.0,0.0,0.0,1.0,0,1,,
793,793,v,dress#v#16,dress#v#01,not-merged,0.0,0.0,0.0,1.0,0,0,,
794,794,v,dress#v#14,dress#v#02,not-merged,0.0,0.0,1.0,1.0,0,1,,
795,795,v,dress#v#14,dress#v#10,not-merged,0.0,0.0,1.0,1.0,0,1,,
796,796,v,dress#v#14,dress#v#09,not-merged,0.0,0.0,0.0,1.0,0,1,,
797,797,v,dress#v#14,dress#v#01,not-merged,0.0,0.0,1.0,1.0,0,0,,
798,798,v,dress#v#02,dress#v#10,not-merged,0.0,0.0,1.0,1.0,0,1,,
799,799,v,dress#v#02,dress#v#09,not-merged,0.0,0.0,0.0,1.0,0,1,,
800,800,v,dress#v#02,dress#v#01,not-merged,0.0,1.0,1.0,1.0,0,0,0.5,0.5
801,801,v,dress#v#10,dress#v#09,not-merged,0.0,0.0,0.0,1.0,0,1,,
802,802,v,dress#v#10,dress#v#01,not-merged,0.0,0.0,1.0,1.0,0,0,,
803,803,v,dress#v#09,dress#v#01,not-merged,0.0,0.0,0.0,1.0,0,0,,
804,804,n,material#n#01,material#n#02,not-merged,0.0,0.0,0.0,1.0,,,3.5,3.5
805,805,n,material#n#01,material#n#03,merged,0.0,0.0,0.0,1.0,,,3.0,4.0
806,806,n,material#n#01,material#n#05,not-merged,0.0,0.0,0.0,1.0,,,2.5,4.0
807,807,n,material#n#02,material#n#03,not-merged,0.0,0.0,0.0,1.0,,,5.5,5.5
808,808,n,material#n#02,material#n#05,not-merged,0.0,0.0,0.0,1.0,,,5.5,5.5
809,809,n,material#n#03,material#n#05,not-merged,0.0,0.0,0.0,1.0,,,5.5,6.0
810,810,a,free#a#01,free#a#06,not-merged,0.0,0.0,0.0,1.0,,,,
811,811,a,free#a#01,free#a#02,not-merged,0.0,0.0,0.0,1.0,,,,
812,812,a,free#a#06,free#a#02,not-merged,0.0,0.0,0.0,1.0,,,,
813,813,n,green_bean#n#01,green_bean#n#02,merged,0.0,0.0,0.0,1.0,,,9.5,10.5
814,814,v,turn#v#21,turn#v#13,not-merged,0.0,0.0,0.0,1.0,0,0,,
815,815,v,turn#v#21,turn#v#20,not-merged,0.0,0.0,0.0,1.0,0,0,0.5,0.5
816,816,v,turn#v#21,turn#v#06,not-merged,0.0,0.0,0.0,1.0,0,0,0.0,1.0
817,817,v,turn#v#21,turn#v#09,not-merged,0.0,0.0,0.0,1.0,0,0,0.5,0.5
818,818,v,turn#v#21,turn#v#05,not-merged,0.0,0.0,0.0,1.0,0,0,,
819,819,v,turn#v#21,turn#v#19,not-merged,0.0,0.0,0.0,1.0,0,0,,
820,820,v,turn#v#21,turn#v#01,not-merged,0.0,0.0,0.0,1.0,0,0,,
821,821,v,turn#v#21,turn#v#04,not-merged,0.0,0.0,0.0,1.0,0,0,0.5,0.5
822,822,v,turn#v#21,turn#v#07,not-merged,0.0,0.0,0.0,1.0,0,0,,
823,823,v,turn#v#21,turn#v#24,not-merged,0.0,0.0,0.0,1.0,0,0,2.0,2.0
824,824,v,turn#v#13,turn#v#20,not-merged,0.0,0.0,0.0,1.0,0,1,,
825,825,v,turn#v#13,turn#v#06,not-merged,0.0,0.0,0.0,1.0,0,1,,
826,826,v,turn#v#13,turn#v#09,not-merged,0.0,0.0,0.0,1.0,0,1,,
827,827,v,turn#v#13,turn#v#05,not-merged,0.0,0.0,0.0,1.0,0,0,,
828,828,v,turn#v#13,turn#v#19,not-merged,0.0,0.0,0.0,1.0,0,1,,
829,829,v,turn#v#13,turn#v#01,not-merged,0.0,0.0,0.0,1.0,0,0,,
830,830,v,turn#v#13,turn#v#04,not-merged,0.0,0.0,0.0,1.0,0,1,,
831,831,v,turn#v#13,turn#v#07,not-merged,0.0,0.0,0.0,1.0,0,1,,
832,832,v,turn#v#13,turn#v#24,not-merged,0.0,0.0,0.0,1.0,0,1,,
833,833,v,turn#v#20,turn#v#06,not-merged,0.0,0.0,0.0,1.0,0,1,0.5,0.5
834,834,v,turn#v#20,turn#v#09,not-merged,0.0,0.0,0.0,1.0,0,1,0.0,0.0
835,835,v,turn#v#20,turn#v#05,not-merged,0.0,0.0,0.0,1.0,0,0,,
836,836,v,turn#v#20,turn#v#19,not-merged,0.0,0.0,0.0,1.0,0,1,,
837,837,v,turn#v#20,turn#v#01,not-merged,0.0,0.0,0.0,1.0,0,0,,
838,838,v,turn#v#20,turn#v#04,not-merged,0.0,0.0,0.0,1.0,0,1,0.0,0.0
839,839,v,turn#v#20,turn#v#07,not-merged,0.0,0.0,0.0,1.0,0,1,,
840,840,v,turn#v#20,turn#v#24,not-merged,0.0,0.0,0.0,1.0,0,1,1.5,1.5
841,841,v,turn#v#06,turn#v#09,not-merged,0.0,0.0,0.0,1.0,0,1,0.5,0.5
842,842,v,turn#v#06,turn#v#05,not-merged,0.0,0.0,0.0,1.0,0,0,,
843,843,v,turn#v#06,turn#v#19,not-merged,0.0,0.0,0.0,1.0,0,1,,
844,844,v,turn#v#06,turn#v#01,not-merged,0.0,0.0,0.0,1.0,0,0,,
845,845,v,turn#v#06,turn#v#04,not-merged,0.0,0.0,0.0,1.0,0,1,0.5,0.5
846,846,v,turn#v#06,turn#v#07,not-merged,0.0,0.0,0.0,1.0,0,1,,
847,847,v,turn#v#06,turn#v#24,not-merged,0.0,0.0,0.0,1.0,0,1,2.0,2.0
848,848,v,turn#v#09,turn#v#05,not-merged,0.0,0.0,0.0,1.0,0,0,,
849,849,v,turn#v#09,turn#v#19,not-merged,0.0,0.0,0.0,1.0,0,1,,
850,850,v,turn#v#09,turn#v#01,not-merged,0.0,0.0,0.0,1.0,0,0,,
851,851,v,turn#v#09,turn#v#04,not-merged,0.0,0.0,0.0,1.0,0,1,0.0,0.0
852,852,v,turn#v#09,turn#v#07,not-merged,0.0,0.0,0.0,1.0,0,1,,
853,853,v,turn#v#09,turn#v#24,not-merged,0.0,0.0,0.0,1.0,0,1,1.5,1.5
854,854,v,turn#v#05,turn#v#19,not-merged,0.0,0.0,0.0,1.0,0,0,,
855,855,v,turn#v#05,turn#v#01,not-merged,0.0,0.0,1.0,1.0,0,1,,
856,856,v,turn#v#05,turn#v#04,not-merged,0.0,0.0,1.0,1.0,0,0,,
857,857,v,turn#v#05,turn#v#07,not-merged,0.0,0.0,1.0,1.0,0,0,,
858,858,v,turn#v#05,turn#v#24,not-merged,0.0,0.0,0.0,1.0,0,0,,
859,859,v,turn#v#19,turn#v#01,not-merged,0.0,0.0,0.0,1.0,0,0,,
860,860,v,turn#v#19,turn#v#04,not-merged,0.0,0.0,0.0,1.0,0,1,,
861,861,v,turn#v#19,turn#v#07,not-merged,0.0,0.0,0.0,1.0,0,1,,
862,862,v,turn#v#19,turn#v#24,not-merged,0.0,0.0,0.0,1.0,0,1,,
863,863,v,turn#v#01,turn#v#04,not-merged,0.0,0.0,1.0,1.0,0,0,,
864,864,v,turn#v#01,turn#v#07,not-merged,0.0,0.0,1.0,1.0,0,0,,
865,865,v,turn#v#01,turn#v#24,not-merged,0.0,0.0,0.0,1.0,0,0,,
866,866,v,turn#v#04,turn#v#07,not-merged,0.0,0.0,1.0,1.0,0,1,,
867,867,v,turn#v#04,turn#v#24,not-merged,0.0,0.0,0.0,1.0,0,1,1.5,1.5
868,868,v,turn#v#07,turn#v#24,not-merged,0.0,0.0,0.0,1.0,0,1,,
869,869,n,workday#n#02,workday#n#01,not-merged,0.0,0.0,0.0,2.0,,,2.5,7.5
870,870,v,draw_up#v#02,draw_up#v#03,not-merged,0.0,0.0,0.0,2.0,0,0,,
871,871,v,draw_up#v#02,draw_up#v#05,not-merged,0.0,0.0,0.0,2.0,0,0,,
872,872,v,draw_up#v#03,draw_up#v#05,not-merged,0.0,0.0,0.0,2.0,0,0,,
873,873,v,discover#v#04,discover#v#02,not-merged,0.0,0.0,1.0,2.0,0,1,,
