Pos,Sense1,Sense2,Merge
v,wander#v#01,wander#v#03,merged
v,observe#v#06,observe#v#09,merged
v,observe#v#06,observe#v#08,not-merged
v,observe#v#09,observe#v#08,not-merged
v,wash_up#v#03,wash_up#v#01,merged
v,wash_up#v#03,wash_up#v#04,not-merged
v,wash_up#v#03,wash_up#v#02,not-merged
v,wash_up#v#01,wash_up#v#04,not-merged
v,wash_up#v#01,wash_up#v#02,not-merged
v,wash_up#v#04,wash_up#v#02,merged
v,draw#v#21,draw#v#17,not-merged
v,draw#v#21,draw#v#11,not-merged
v,draw#v#21,draw#v#05,not-merged
v,draw#v#21,draw#v#07,not-merged
v,draw#v#21,draw#v#20,not-merged
v,draw#v#21,draw#v#08,not-merged
v,draw#v#21,draw#v#06,not-merged
v,draw#v#21,draw#v#10,not-merged
v,draw#v#21,draw#v#15,not-merged
v,draw#v#21,draw#v#18,not-merged
v,draw#v#21,draw#v#22,not-merged
v,draw#v#21,draw#v#35,not-merged
v,draw#v#21,draw#v#32,not-merged
v,draw#v#21,draw#v#31,not-merged
v,draw#v#21,draw#v#34,not-merged
v,draw#v#21,draw#v#13,not-merged
v,draw#v#21,draw#v#16,not-merged
v,draw#v#21,draw#v#19,not-merged
v,draw#v#21,draw#v#23,not-merged
v,draw#v#21,draw#v#24,not-merged
v,draw#v#21,draw#v#30,not-merged
v,draw#v#17,draw#v#11,not-merged
v,draw#v#17,draw#v#05,not-merged
v,draw#v#17,draw#v#07,not-merged
v,draw#v#17,draw#v#20,not-merged
v,draw#v#17,draw#v#08,not-merged
v,draw#v#17,draw#v#06,not-merged
v,draw#v#17,draw#v#10,not-merged
v,draw#v#17,draw#v#15,not-merged
v,draw#v#17,draw#v#18,not-merged
v,draw#v#17,draw#v#22,not-merged
v,draw#v#17,draw#v#35,not-merged
v,draw#v#17,draw#v#32,not-merged
v,draw#v#17,draw#v#31,not-merged
v,draw#v#17,draw#v#34,not-merged
v,draw#v#17,draw#v#13,not-merged
v,draw#v#17,draw#v#16,not-merged
v,draw#v#17,draw#v#19,not-merged
v,draw#v#17,draw#v#23,not-merged
v,draw#v#17,draw#v#24,not-merged
v,draw#v#17,draw#v#30,not-merged
v,draw#v#11,draw#v#05,not-merged
v,draw#v#11,draw#v#07,not-merged
v,draw#v#11,draw#v#20,not-merged
v,draw#v#11,draw#v#08,not-merged
v,draw#v#11,draw#v#06,not-merged
v,draw#v#11,draw#v#10,not-merged
v,draw#v#11,draw#v#15,not-merged
v,draw#v#11,draw#v#18,not-merged
v,draw#v#11,draw#v#22,not-merged
v,draw#v#11,draw#v#35,not-merged
v,draw#v#11,draw#v#32,not-merged
v,draw#v#11,draw#v#31,not-merged
v,draw#v#11,draw#v#34,not-merged
v,draw#v#11,draw#v#13,not-merged
v,draw#v#11,draw#v#16,not-merged
v,draw#v#11,draw#v#19,not-merged
v,draw#v#11,draw#v#23,not-merged
v,draw#v#11,draw#v#24,not-merged
v,draw#v#11,draw#v#30,not-merged
v,draw#v#05,draw#v#07,merged
v,draw#v#05,draw#v#20,merged
v,draw#v#05,draw#v#08,not-merged
v,draw#v#05,draw#v#06,not-merged
v,draw#v#05,draw#v#10,not-merged
v,draw#v#05,draw#v#15,not-merged
v,draw#v#05,draw#v#18,not-merged
v,draw#v#05,draw#v#22,not-merged
v,draw#v#05,draw#v#35,not-merged
v,draw#v#05,draw#v#32,not-merged
v,draw#v#05,draw#v#31,not-merged
v,draw#v#05,draw#v#34,not-merged
v,draw#v#05,draw#v#13,not-merged
v,draw#v#05,draw#v#16,not-merged
v,draw#v#05,draw#v#19,not-merged
v,draw#v#05,draw#v#23,not-merged
v,draw#v#05,draw#v#24,not-merged
v,draw#v#05,draw#v#30,not-merged
v,draw#v#07,draw#v#20,merged
v,draw#v#07,draw#v#08,not-merged
v,draw#v#07,draw#v#06,not-merged
v,draw#v#07,draw#v#10,not-merged
v,draw#v#07,draw#v#15,not-merged
v,draw#v#07,draw#v#18,not-merged
v,draw#v#07,draw#v#22,not-merged
v,draw#v#07,draw#v#35,not-merged
v,draw#v#07,draw#v#32,not-merged
v,draw#v#07,draw#v#31,not-merged
v,draw#v#07,draw#v#34,not-merged
v,draw#v#07,draw#v#13,not-merged
v,draw#v#07,draw#v#16,not-merged
v,draw#v#07,draw#v#19,not-merged
v,draw#v#07,draw#v#23,not-merged
v,draw#v#07,draw#v#24,not-merged
v,draw#v#07,draw#v#30,not-merged
v,draw#v#20,draw#v#08,not-merged
v,draw#v#20,draw#v#06,not-merged
v,draw#v#20,draw#v#10,not-merged
v,draw#v#20,draw#v#15,not-merged
v,draw#v#20,draw#v#18,not-merged
v,draw#v#20,draw#v#22,not-merged
v,draw#v#20,draw#v#35,not-merged
v,draw#v#20,draw#v#32,not-merged
v,draw#v#20,draw#v#31,not-merged
v,draw#v#20,draw#v#34,not-merged
v,draw#v#20,draw#v#13,not-merged
v,draw#v#20,draw#v#16,not-merged
v,draw#v#20,draw#v#19,not-merged
v,draw#v#20,draw#v#23,not-merged
v,draw#v#20,draw#v#24,not-merged
v,draw#v#20,draw#v#30,not-merged
v,draw#v#08,draw#v#06,merged
v,draw#v#08,draw#v#10,merged
v,draw#v#08,draw#v#15,merged
v,draw#v#08,draw#v#18,merged
v,draw#v#08,draw#v#22,merged
v,draw#v#08,draw#v#35,merged
v,draw#v#08,draw#v#32,not-merged
v,draw#v#08,draw#v#31,not-merged
v,draw#v#08,draw#v#34,not-merged
v,draw#v#08,draw#v#13,not-merged
v,draw#v#08,draw#v#16,not-merged
v,draw#v#08,draw#v#19,not-merged
v,draw#v#08,draw#v#23,not-merged
v,draw#v#08,draw#v#24,not-merged
v,draw#v#08,draw#v#30,not-merged
v,draw#v#06,draw#v#10,merged
v,draw#v#06,draw#v#15,merged
v,draw#v#06,draw#v#18,merged
v,draw#v#06,draw#v#22,merged
v,draw#v#06,draw#v#35,merged
v,draw#v#06,draw#v#32,not-merged
v,draw#v#06,draw#v#31,not-merged
v,draw#v#06,draw#v#34,not-merged
v,draw#v#06,draw#v#13,not-merged
v,draw#v#06,draw#v#16,not-merged
v,draw#v#06,draw#v#19,not-merged
v,draw#v#06,draw#v#23,not-merged
v,draw#v#06,draw#v#24,not-merged
v,draw#v#06,draw#v#30,not-merged
v,draw#v#10,draw#v#15,merged
v,draw#v#10,draw#v#18,merged
v,draw#v#10,draw#v#22,merged
v,draw#v#10,draw#v#35,merged
v,draw#v#10,draw#v#32,not-merged
v,draw#v#10,draw#v#31,not-merged
v,draw#v#10,draw#v#34,not-merged
v,draw#v#10,draw#v#13,not-merged
v,draw#v#10,draw#v#16,not-merged
v,draw#v#10,draw#v#19,not-merged
v,draw#v#10,draw#v#23,not-merged
v,draw#v#10,draw#v#24,not-merged
v,draw#v#10,draw#v#30,not-merged
v,draw#v#15,draw#v#18,merged
v,draw#v#15,draw#v#22,merged
v,draw#v#15,draw#v#35,merged
v,draw#v#15,draw#v#32,not-merged
v,draw#v#15,draw#v#31,not-merged
v,draw#v#15,draw#v#34,not-merged
v,draw#v#15,draw#v#13,not-merged
v,draw#v#15,draw#v#16,not-merged
v,draw#v#15,draw#v#19,not-merged
v,draw#v#15,draw#v#23,not-merged
v,draw#v#15,draw#v#24,not-merged
v,draw#v#15,draw#v#30,not-merged
v,draw#v#18,draw#v#22,merged
v,draw#v#18,draw#v#35,merged
v,draw#v#18,draw#v#32,not-merged
v,draw#v#18,draw#v#31,not-merged
v,draw#v#18,draw#v#34,not-merged
v,draw#v#18,draw#v#13,not-merged
v,draw#v#18,draw#v#16,not-merged
v,draw#v#18,draw#v#19,not-merged
v,draw#v#18,draw#v#23,not-merged
v,draw#v#18,draw#v#24,not-merged
v,draw#v#18,draw#v#30,not-merged
v,draw#v#22,draw#v#35,merged
v,draw#v#22,draw#v#32,not-merged
v,draw#v#22,draw#v#31,not-merged
v,draw#v#22,draw#v#34,not-merged
v,draw#v#22,draw#v#13,not-merged
v,draw#v#22,draw#v#16,not-merged
v,draw#v#22,draw#v#19,not-merged
v,draw#v#22,draw#v#23,not-merged
v,draw#v#22,draw#v#24,not-merged
v,draw#v#22,draw#v#30,not-merged
v,draw#v#35,draw#v#32,not-merged
v,draw#v#35,draw#v#31,not-merged
v,draw#v#35,draw#v#34,not-merged
v,draw#v#35,draw#v#13,not-merged
v,draw#v#35,draw#v#16,not-merged
v,draw#v#35,draw#v#19,not-merged
v,draw#v#35,draw#v#23,not-merged
v,draw#v#35,draw#v#24,not-merged
v,draw#v#35,draw#v#30,not-merged
v,draw#v#32,draw#v#31,merged
v,draw#v#32,draw#v#34,merged
v,draw#v#32,draw#v#13,not-merged
v,draw#v#32,draw#v#16,not-merged
v,draw#v#32,draw#v#19,not-merged
v,draw#v#32,draw#v#23,not-merged
v,draw#v#32,draw#v#24,not-merged
v,draw#v#32,draw#v#30,not-merged
v,draw#v#31,draw#v#34,merged
v,draw#v#31,draw#v#13,not-merged
v,draw#v#31,draw#v#16,not-merged
v,draw#v#31,draw#v#19,not-merged
v,draw#v#31,draw#v#23,not-merged
v,draw#v#31,draw#v#24,not-merged
v,draw#v#31,draw#v#30,not-merged
v,draw#v#34,draw#v#13,not-merged
v,draw#v#34,draw#v#16,not-merged
v,draw#v#34,draw#v#19,not-merged
v,draw#v#34,draw#v#23,not-merged
v,draw#v#34,draw#v#24,not-merged
v,draw#v#34,draw#v#30,not-merged
v,draw#v#13,draw#v#16,not-merged
v,draw#v#13,draw#v#19,not-merged
v,draw#v#13,draw#v#23,not-merged
v,draw#v#13,draw#v#24,not-merged
v,draw#v#13,draw#v#30,not-merged
v,draw#v#16,draw#v#19,not-merged
v,draw#v#16,draw#v#23,not-merged
v,draw#v#16,draw#v#24,not-merged
v,draw#v#16,draw#v#30,not-merged
v,draw#v#19,draw#v#23,not-merged
v,draw#v#19,draw#v#24,not-merged
v,draw#v#19,draw#v#30,not-merged
v,draw#v#23,draw#v#24,not-merged
v,draw#v#23,draw#v#30,not-merged
v,draw#v#24,draw#v#30,not-merged
n,stone#n#05,stone#n#03,not-merged
n,stone#n#05,stone#n#08,not-merged
n,stone#n#05,stone#n#07,not-merged
n,stone#n#05,stone#n#09,not-merged
n,stone#n#05,stone#n#10,not-merged
n,stone#n#05,stone#n#11,not-merged
n,stone#n#05,stone#n#06,not-merged
n,stone#n#05,stone#n#13,not-merged
n,stone#n#03,stone#n#08,not-merged
n,stone#n#03,stone#n#07,not-merged
n,stone#n#03,stone#n#09,not-merged
n,stone#n#03,stone#n#10,not-merged
n,stone#n#03,stone#n#11,not-merged
n,stone#n#03,stone#n#06,not-merged
n,stone#n#03,stone#n#13,not-merged
n,stone#n#08,stone#n#07,merged
n,stone#n#08,stone#n#09,merged
n,stone#n#08,stone#n#10,merged
n,stone#n#08,stone#n#11,merged
n,stone#n#08,stone#n#06,not-merged
n,stone#n#08,stone#n#13,not-merged
n,stone#n#07,stone#n#09,merged
n,stone#n#07,stone#n#10,merged
n,stone#n#07,stone#n#11,merged
n,stone#n#07,stone#n#06,not-merged
n,stone#n#07,stone#n#13,not-merged
n,stone#n#09,stone#n#10,merged
n,stone#n#09,stone#n#11,merged
n,stone#n#09,stone#n#06,not-merged
n,stone#n#09,stone#n#13,not-merged
n,stone#n#10,stone#n#11,merged
n,stone#n#10,stone#n#06,not-merged
n,stone#n#10,stone#n#13,not-merged
n,stone#n#11,stone#n#06,not-merged
n,stone#n#11,stone#n#13,not-merged
n,stone#n#06,stone#n#13,not-merged
v,confront#v#01,confront#v#02,merged
v,confront#v#01,confront#v#03,merged
v,confront#v#02,confront#v#03,merged
n,sense#n#03,sense#n#01,merged
n,sense#n#03,sense#n#02,not-merged
n,sense#n#03,sense#n#05,not-merged
n,sense#n#01,sense#n#02,not-merged
n,sense#n#01,sense#n#05,not-merged
n,sense#n#02,sense#n#05,not-merged
n,lady#n#01,lady#n#03,merged
n,distress#n#02,distress#n#01,merged
n,distress#n#02,distress#n#03,merged
n,distress#n#02,distress#n#04,not-merged
n,distress#n#01,distress#n#03,merged
n,distress#n#01,distress#n#04,not-merged
n,distress#n#03,distress#n#04,not-merged
v,play#v#01,play#v#17,not-merged
v,play#v#01,play#v#02,not-merged
v,play#v#01,play#v#06,not-merged
v,play#v#01,play#v#03,not-merged
v,play#v#01,play#v#07,not-merged
v,play#v#01,play#v#14,not-merged
v,play#v#01,play#v#26,not-merged
v,play#v#01,play#v#11,not-merged
v,play#v#01,play#v#05,not-merged
v,play#v#01,play#v#12,not-merged
v,play#v#01,play#v#29,not-merged
v,play#v#01,play#v#10,not-merged
v,play#v#01,play#v#18,not-merged
v,play#v#01,play#v#13,not-merged
v,play#v#01,play#v#31,not-merged
v,play#v#01,play#v#15,not-merged
v,play#v#01,play#v#32,not-merged
v,play#v#01,play#v#33,not-merged
v,play#v#01,play#v#20,not-merged
v,play#v#01,play#v#16,not-merged
v,play#v#01,play#v#09,not-merged
v,play#v#01,play#v#22,not-merged
v,play#v#01,play#v#24,not-merged
v,play#v#01,play#v#28,not-merged
v,play#v#01,play#v#35,not-merged
v,play#v#17,play#v#02,merged
v,play#v#17,play#v#06,not-merged
v,play#v#17,play#v#03,not-merged
v,play#v#17,play#v#07,not-merged
v,play#v#17,play#v#14,not-merged
v,play#v#17,play#v#26,not-merged
v,play#v#17,play#v#11,not-merged
v,play#v#17,play#v#05,not-merged
v,play#v#17,play#v#12,not-merged
v,play#v#17,play#v#29,not-merged
v,play#v#17,play#v#10,not-merged
v,play#v#17,play#v#18,not-merged
v,play#v#17,play#v#13,not-merged
v,play#v#17,play#v#31,not-merged
v,play#v#17,play#v#15,not-merged
v,play#v#17,play#v#32,not-merged
v,play#v#17,play#v#33,not-merged
v,play#v#17,play#v#20,not-merged
v,play#v#17,play#v#16,not-merged
v,play#v#17,play#v#09,not-merged
v,play#v#17,play#v#22,not-merged
v,play#v#17,play#v#24,not-merged
v,play#v#17,play#v#28,not-merged
v,play#v#17,play#v#35,not-merged
v,play#v#02,play#v#06,not-merged
v,play#v#02,play#v#03,not-merged
v,play#v#02,play#v#07,not-merged
v,play#v#02,play#v#14,not-merged
v,play#v#02,play#v#26,not-merged
v,play#v#02,play#v#11,not-merged
v,play#v#02,play#v#05,not-merged
v,play#v#02,play#v#12,not-merged
v,play#v#02,play#v#29,not-merged
v,play#v#02,play#v#10,not-merged
v,play#v#02,play#v#18,not-merged
v,play#v#02,play#v#13,not-merged
v,play#v#02,play#v#31,not-merged
v,play#v#02,play#v#15,not-merged
v,play#v#02,play#v#32,not-merged
v,play#v#02,play#v#33,not-merged
v,play#v#02,play#v#20,not-merged
v,play#v#02,play#v#16,not-merged
v,play#v#02,play#v#09,not-merged
v,play#v#02,play#v#22,not-merged
v,play#v#02,play#v#24,not-merged
v,play#v#02,play#v#28,not-merged
v,play#v#02,play#v#35,not-merged
v,play#v#06,play#v#03,merged
v,play#v#06,play#v#07,merged
v,play#v#06,play#v#14,not-merged
v,play#v#06,play#v#26,not-merged
v,play#v#06,play#v#11,not-merged
v,play#v#06,play#v#05,not-merged
v,play#v#06,play#v#12,not-merged
v,play#v#06,play#v#29,not-merged
v,play#v#06,play#v#10,not-merged
v,play#v#06,play#v#18,not-merged
v,play#v#06,play#v#13,not-merged
v,play#v#06,play#v#31,not-merged
v,play#v#06,play#v#15,not-merged
v,play#v#06,play#v#32,not-merged
v,play#v#06,play#v#33,not-merged
v,play#v#06,play#v#20,not-merged
v,play#v#06,play#v#16,not-merged
v,play#v#06,play#v#09,not-merged
v,play#v#06,play#v#22,not-merged
v,play#v#06,play#v#24,not-merged
v,play#v#06,play#v#28,not-merged
v,play#v#06,play#v#35,not-merged
v,play#v#03,play#v#07,merged
v,play#v#03,play#v#14,not-merged
v,play#v#03,play#v#26,not-merged
v,play#v#03,play#v#11,not-merged
v,play#v#03,play#v#05,not-merged
v,play#v#03,play#v#12,not-merged
v,play#v#03,play#v#29,not-merged
v,play#v#03,play#v#10,not-merged
v,play#v#03,play#v#18,not-merged
v,play#v#03,play#v#13,not-merged
v,play#v#03,play#v#31,not-merged
v,play#v#03,play#v#15,not-merged
v,play#v#03,play#v#32,not-merged
v,play#v#03,play#v#33,not-merged
v,play#v#03,play#v#20,not-merged
v,play#v#03,play#v#16,not-merged
v,play#v#03,play#v#09,not-merged
v,play#v#03,play#v#22,not-merged
v,play#v#03,play#v#24,not-merged
v,play#v#03,play#v#28,not-merged
v,play#v#03,play#v#35,not-merged
v,play#v#07,play#v#14,not-merged
v,play#v#07,play#v#26,not-merged
v,play#v#07,play#v#11,not-merged
v,play#v#07,play#v#05,not-merged
v,play#v#07,play#v#12,not-merged
v,play#v#07,play#v#29,not-merged
v,play#v#07,play#v#10,not-merged
v,play#v#07,play#v#18,not-merged
v,play#v#07,play#v#13,not-merged
v,play#v#07,play#v#31,not-merged
v,play#v#07,play#v#15,not-merged
v,play#v#07,play#v#32,not-merged
v,play#v#07,play#v#33,not-merged
v,play#v#07,play#v#20,not-merged
v,play#v#07,play#v#16,not-merged
v,play#v#07,play#v#09,not-merged
v,play#v#07,play#v#22,not-merged
v,play#v#07,play#v#24,not-merged
v,play#v#07,play#v#28,not-merged
v,play#v#07,play#v#35,not-merged
v,play#v#14,play#v#26,merged
v,play#v#14,play#v#11,not-merged
v,play#v#14,play#v#05,not-merged
v,play#v#14,play#v#12,not-merged
v,play#v#14,play#v#29,not-merged
v,play#v#14,play#v#10,not-merged
v,play#v#14,play#v#18,not-merged
v,play#v#14,play#v#13,not-merged
v,play#v#14,play#v#31,not-merged
v,play#v#14,play#v#15,not-merged
v,play#v#14,play#v#32,not-merged
v,play#v#14,play#v#33,not-merged
v,play#v#14,play#v#20,not-merged
v,play#v#14,play#v#16,not-merged
v,play#v#14,play#v#09,not-merged
v,play#v#14,play#v#22,not-merged
v,play#v#14,play#v#24,not-merged
v,play#v#14,play#v#28,not-merged
v,play#v#14,play#v#35,not-merged
v,play#v#26,play#v#11,not-merged
v,play#v#26,play#v#05,not-merged
v,play#v#26,play#v#12,not-merged
v,play#v#26,play#v#29,not-merged
v,play#v#26,play#v#10,not-merged
v,play#v#26,play#v#18,not-merged
v,play#v#26,play#v#13,not-merged
v,play#v#26,play#v#31,not-merged
v,play#v#26,play#v#15,not-merged
v,play#v#26,play#v#32,not-merged
v,play#v#26,play#v#33,not-merged
v,play#v#26,play#v#20,not-merged
v,play#v#26,play#v#16,not-merged
v,play#v#26,play#v#09,not-merged
v,play#v#26,play#v#22,not-merged
v,play#v#26,play#v#24,not-merged
v,play#v#26,play#v#28,not-merged
v,play#v#26,play#v#35,not-merged
v,play#v#11,play#v#05,merged
v,play#v#11,play#v#12,merged
v,play#v#11,play#v#29,not-merged
v,play#v#11,play#v#10,not-merged
v,play#v#11,play#v#18,not-merged
v,play#v#11,play#v#13,not-merged
v,play#v#11,play#v#31,not-merged
v,play#v#11,play#v#15,not-merged
v,play#v#11,play#v#32,not-merged
v,play#v#11,play#v#33,not-merged
v,play#v#11,play#v#20,not-merged
v,play#v#11,play#v#16,not-merged
v,play#v#11,play#v#09,not-merged
v,play#v#11,play#v#22,not-merged
v,play#v#11,play#v#24,not-merged
v,play#v#11,play#v#28,not-merged
v,play#v#11,play#v#35,not-merged
v,play#v#05,play#v#12,merged
v,play#v#05,play#v#29,not-merged
v,play#v#05,play#v#10,not-merged
v,play#v#05,play#v#18,not-merged
v,play#v#05,play#v#13,not-merged
v,play#v#05,play#v#31,not-merged
v,play#v#05,play#v#15,not-merged
v,play#v#05,play#v#32,not-merged
v,play#v#05,play#v#33,not-merged
v,play#v#05,play#v#20,not-merged
v,play#v#05,play#v#16,not-merged
v,play#v#05,play#v#09,not-merged
v,play#v#05,play#v#22,not-merged
v,play#v#05,play#v#24,not-merged
v,play#v#05,play#v#28,not-merged
v,play#v#05,play#v#35,not-merged
v,play#v#12,play#v#29,not-merged
v,play#v#12,play#v#10,not-merged
v,play#v#12,play#v#18,not-merged
v,play#v#12,play#v#13,not-merged
v,play#v#12,play#v#31,not-merged
v,play#v#12,play#v#15,not-merged
v,play#v#12,play#v#32,not-merged
v,play#v#12,play#v#33,not-merged
v,play#v#12,play#v#20,not-merged
v,play#v#12,play#v#16,not-merged
v,play#v#12,play#v#09,not-merged
v,play#v#12,play#v#22,not-merged
v,play#v#12,play#v#24,not-merged
v,play#v#12,play#v#28,not-merged
v,play#v#12,play#v#35,not-merged
v,play#v#29,play#v#10,merged
v,play#v#29,play#v#18,not-merged
v,play#v#29,play#v#13,not-merged
v,play#v#29,play#v#31,not-merged
v,play#v#29,play#v#15,not-merged
v,play#v#29,play#v#32,not-merged
v,play#v#29,play#v#33,not-merged
v,play#v#29,play#v#20,not-merged
v,play#v#29,play#v#16,not-merged
v,play#v#29,play#v#09,not-merged
v,play#v#29,play#v#22,not-merged
v,play#v#29,play#v#24,not-merged
v,play#v#29,play#v#28,not-merged
v,play#v#29,play#v#35,not-merged
v,play#v#10,play#v#18,not-merged
v,play#v#10,play#v#13,not-merged
v,play#v#10,play#v#31,not-merged
v,play#v#10,play#v#15,not-merged
v,play#v#10,play#v#32,not-merged
v,play#v#10,play#v#33,not-merged
v,play#v#10,play#v#20,not-merged
v,play#v#10,play#v#16,not-merged
v,play#v#10,play#v#09,not-merged
v,play#v#10,play#v#22,not-merged
v,play#v#10,play#v#24,not-merged
v,play#v#10,play#v#28,not-merged
v,play#v#10,play#v#35,not-merged
v,play#v#18,play#v#13,merged
v,play#v#18,play#v#31,not-merged
v,play#v#18,play#v#15,not-merged
v,play#v#18,play#v#32,not-merged
v,play#v#18,play#v#33,not-merged
v,play#v#18,play#v#20,not-merged
v,play#v#18,play#v#16,not-merged
v,play#v#18,play#v#09,not-merged
v,play#v#18,play#v#22,not-merged
v,play#v#18,play#v#24,not-merged
v,play#v#18,play#v#28,not-merged
v,play#v#18,play#v#35,not-merged
v,play#v#13,play#v#31,not-merged
v,play#v#13,play#v#15,not-merged
v,play#v#13,play#v#32,not-merged
v,play#v#13,play#v#33,not-merged
v,play#v#13,play#v#20,not-merged
v,play#v#13,play#v#16,not-merged
v,play#v#13,play#v#09,not-merged
v,play#v#13,play#v#22,not-merged
v,play#v#13,play#v#24,not-merged
v,play#v#13,play#v#28,not-merged
v,play#v#13,play#v#35,not-merged
v,play#v#31,play#v#15,merged
v,play#v#31,play#v#32,merged
v,play#v#31,play#v#33,merged
v,play#v#31,play#v#20,not-merged
v,play#v#31,play#v#16,not-merged
v,play#v#31,play#v#09,not-merged
v,play#v#31,play#v#22,not-merged
v,play#v#31,play#v#24,not-merged
v,play#v#31,play#v#28,not-merged
v,play#v#31,play#v#35,not-merged
v,play#v#15,play#v#32,merged
v,play#v#15,play#v#33,merged
v,play#v#15,play#v#20,not-merged
v,play#v#15,play#v#16,not-merged
v,play#v#15,play#v#09,not-merged
v,play#v#15,play#v#22,not-merged
v,play#v#15,play#v#24,not-merged
v,play#v#15,play#v#28,not-merged
v,play#v#15,play#v#35,not-merged
v,play#v#32,play#v#33,merged
v,play#v#32,play#v#20,not-merged
v,play#v#32,play#v#16,not-merged
v,play#v#32,play#v#09,not-merged
v,play#v#32,play#v#22,not-merged
v,play#v#32,play#v#24,not-merged
v,play#v#32,play#v#28,not-merged
v,play#v#32,play#v#35,not-merged
v,play#v#33,play#v#20,not-merged
v,play#v#33,play#v#16,not-merged
v,play#v#33,play#v#09,not-merged
v,play#v#33,play#v#22,not-merged
v,play#v#33,play#v#24,not-merged
v,play#v#33,play#v#28,not-merged
v,play#v#33,play#v#35,not-merged
v,play#v#20,play#v#16,merged
v,play#v#20,play#v#09,not-merged
v,play#v#20,play#v#22,not-merged
v,play#v#20,play#v#24,not-merged
v,play#v#20,play#v#28,not-merged
v,play#v#20,play#v#35,not-merged
v,play#v#16,play#v#09,not-merged
v,play#v#16,play#v#22,not-merged
v,play#v#16,play#v#24,not-merged
v,play#v#16,play#v#28,not-merged
v,play#v#16,play#v#35,not-merged
v,play#v#09,play#v#22,not-merged
v,play#v#09,play#v#24,not-merged
v,play#v#09,play#v#28,not-merged
v,play#v#09,play#v#35,not-merged
v,play#v#22,play#v#24,not-merged
v,play#v#22,play#v#28,not-merged
v,play#v#22,play#v#35,not-merged
v,play#v#24,play#v#28,not-merged
v,play#v#24,play#v#35,not-merged
v,play#v#28,play#v#35,not-merged
v,pull#v#01,pull#v#04,merged
v,pull#v#01,pull#v#09,merged
v,pull#v#01,pull#v#10,merged
v,pull#v#01,pull#v#07,not-merged
v,pull#v#01,pull#v#03,not-merged
v,pull#v#01,pull#v#18,not-merged
v,pull#v#01,pull#v#08,not-merged
v,pull#v#01,pull#v#11,not-merged
v,pull#v#01,pull#v#14,not-merged
v,pull#v#04,pull#v#09,merged
v,pull#v#04,pull#v#10,merged
v,pull#v#04,pull#v#07,not-merged
v,pull#v#04,pull#v#03,not-merged
v,pull#v#04,pull#v#18,not-merged
v,pull#v#04,pull#v#08,not-merged
v,pull#v#04,pull#v#11,not-merged
v,pull#v#04,pull#v#14,not-merged
v,pull#v#09,pull#v#10,merged
v,pull#v#09,pull#v#07,not-merged
v,pull#v#09,pull#v#03,not-merged
v,pull#v#09,pull#v#18,not-merged
v,pull#v#09,pull#v#08,not-merged
v,pull#v#09,pull#v#11,not-merged
v,pull#v#09,pull#v#14,not-merged
v,pull#v#10,pull#v#07,not-merged
v,pull#v#10,pull#v#03,not-merged
v,pull#v#10,pull#v#18,not-merged
v,pull#v#10,pull#v#08,not-merged
v,pull#v#10,pull#v#11,not-merged
v,pull#v#10,pull#v#14,not-merged
v,pull#v#07,pull#v#03,merged
v,pull#v#07,pull#v#18,not-merged
v,pull#v#07,pull#v#08,not-merged
v,pull#v#07,pull#v#11,not-merged
v,pull#v#07,pull#v#14,not-merged
v,pull#v#03,pull#v#18,not-merged
v,pull#v#03,pull#v#08,not-merged
v,pull#v#03,pull#v#11,not-merged
v,pull#v#03,pull#v#14,not-merged
v,pull#v#18,pull#v#08,not-merged
v,pull#v#18,pull#v#11,not-merged
v,pull#v#18,pull#v#14,not-merged
v,pull#v#08,pull#v#11,not-merged
v,pull#v#08,pull#v#14,not-merged
v,pull#v#11,pull#v#14,not-merged
v,serve#v#03,serve#v#01,merged
v,serve#v#03,serve#v#13,not-merged
v,serve#v#03,serve#v#02,not-merged
v,serve#v#03,serve#v#08,not-merged
v,serve#v#03,serve#v#14,not-merged
v,serve#v#03,serve#v#06,not-merged
v,serve#v#03,serve#v#05,not-merged
v,serve#v#03,serve#v#11,not-merged
v,serve#v#03,serve#v#10,not-merged
v,serve#v#03,serve#v#07,not-merged
v,serve#v#03,serve#v#09,not-merged
v,serve#v#03,serve#v#15,not-merged
v,serve#v#01,serve#v#13,not-merged
v,serve#v#01,serve#v#02,not-merged
v,serve#v#01,serve#v#08,not-merged
v,serve#v#01,serve#v#14,not-merged
v,serve#v#01,serve#v#06,not-merged
v,serve#v#01,serve#v#05,not-merged
v,serve#v#01,serve#v#11,not-merged
v,serve#v#01,serve#v#10,not-merged
v,serve#v#01,serve#v#07,not-merged
v,serve#v#01,serve#v#09,not-merged
v,serve#v#01,serve#v#15,not-merged
v,serve#v#13,serve#v#02,merged
v,serve#v#13,serve#v#08,not-merged
v,serve#v#13,serve#v#14,not-merged
v,serve#v#13,serve#v#06,not-merged
v,serve#v#13,serve#v#05,not-merged
v,serve#v#13,serve#v#11,not-merged
v,serve#v#13,serve#v#10,not-merged
v,serve#v#13,serve#v#07,not-merged
v,serve#v#13,serve#v#09,not-merged
v,serve#v#13,serve#v#15,not-merged
v,serve#v#02,serve#v#08,not-merged
v,serve#v#02,serve#v#14,not-merged
v,serve#v#02,serve#v#06,not-merged
v,serve#v#02,serve#v#05,not-merged
v,serve#v#02,serve#v#11,not-merged
v,serve#v#02,serve#v#10,not-merged
v,serve#v#02,serve#v#07,not-merged
v,serve#v#02,serve#v#09,not-merged
v,serve#v#02,serve#v#15,not-merged
v,serve#v#08,serve#v#14,merged
v,serve#v#08,serve#v#06,not-merged
v,serve#v#08,serve#v#05,not-merged
v,serve#v#08,serve#v#11,not-merged
v,serve#v#08,serve#v#10,not-merged
v,serve#v#08,serve#v#07,not-merged
v,serve#v#08,serve#v#09,not-merged
v,serve#v#08,serve#v#15,not-merged
v,serve#v#14,serve#v#06,not-merged
v,serve#v#14,serve#v#05,not-merged
v,serve#v#14,serve#v#11,not-merged
v,serve#v#14,serve#v#10,not-merged
v,serve#v#14,serve#v#07,not-merged
v,serve#v#14,serve#v#09,not-merged
v,serve#v#14,serve#v#15,not-merged
v,serve#v#06,serve#v#05,merged
v,serve#v#06,serve#v#11,merged
v,serve#v#06,serve#v#10,not-merged
v,serve#v#06,serve#v#07,not-merged
v,serve#v#06,serve#v#09,not-merged
v,serve#v#06,serve#v#15,not-merged
v,serve#v#05,serve#v#11,merged
v,serve#v#05,serve#v#10,not-merged
v,serve#v#05,serve#v#07,not-merged
v,serve#v#05,serve#v#09,not-merged
v,serve#v#05,serve#v#15,not-merged
v,serve#v#11,serve#v#10,not-merged
v,serve#v#11,serve#v#07,not-merged
v,serve#v#11,serve#v#09,not-merged
v,serve#v#11,serve#v#15,not-merged
v,serve#v#10,serve#v#07,merged
v,serve#v#10,serve#v#09,not-merged
v,serve#v#10,serve#v#15,not-merged
v,serve#v#07,serve#v#09,not-merged
v,serve#v#07,serve#v#15,not-merged
v,serve#v#09,serve#v#15,not-merged
n,nature#n#04,nature#n#01,merged
n,nature#n#04,nature#n#03,not-merged
n,nature#n#04,nature#n#02,not-merged
n,nature#n#04,nature#n#05,not-merged
n,nature#n#01,nature#n#03,not-merged
n,nature#n#01,nature#n#02,not-merged
n,nature#n#01,nature#n#05,not-merged
n,nature#n#03,nature#n#02,merged
n,nature#n#03,nature#n#05,not-merged
n,nature#n#02,nature#n#05,not-merged
n,art#n#01,art#n#03,not-merged
n,art#n#01,art#n#02,not-merged
n,art#n#03,art#n#02,merged
v,use#v#03,use#v#01,merged
v,use#v#03,use#v#04,not-merged
v,use#v#03,use#v#02,not-merged
v,use#v#03,use#v#06,not-merged
v,use#v#01,use#v#04,not-merged
v,use#v#01,use#v#02,not-merged
v,use#v#01,use#v#06,not-merged
v,use#v#04,use#v#02,merged
v,use#v#04,use#v#06,not-merged
v,use#v#02,use#v#06,not-merged
v,live#v#07,live#v#02,merged
v,dress_up#v#01,dress_up#v#02,not-merged
v,equal#v#02,equal#v#03,not-merged
n,yew#n#02,yew#n#01,merged
n,rock#n#02,rock#n#01,merged
v,reject#v#05,reject#v#04,merged
n,stress#n#04,stress#n#01,merged
n,stress#n#04,stress#n#05,not-merged
n,stress#n#04,stress#n#03,not-merged
n,stress#n#01,stress#n#05,not-merged
n,stress#n#01,stress#n#03,not-merged
n,stress#n#05,stress#n#03,not-merged
v,strike#v#02,strike#v#19,merged
v,strike#v#02,strike#v#04,not-merged
v,strike#v#02,strike#v#13,not-merged
v,strike#v#02,strike#v#11,not-merged
v,strike#v#02,strike#v#20,not-merged
v,strike#v#02,strike#v#05,not-merged
v,strike#v#02,strike#v#07,not-merged
v,strike#v#02,strike#v#10,not-merged
v,strike#v#02,strike#v#14,not-merged
v,strike#v#19,strike#v#04,not-merged
v,strike#v#19,strike#v#13,not-merged
v,strike#v#19,strike#v#11,not-merged
v,strike#v#19,strike#v#20,not-merged
v,strike#v#19,strike#v#05,not-merged
v,strike#v#19,strike#v#07,not-merged
v,strike#v#19,strike#v#10,not-merged
v,strike#v#19,strike#v#14,not-merged
v,strike#v#04,strike#v#13,not-merged
v,strike#v#04,strike#v#11,not-merged
v,strike#v#04,strike#v#20,not-merged
v,strike#v#04,strike#v#05,not-merged
v,strike#v#04,strike#v#07,not-merged
v,strike#v#04,strike#v#10,not-merged
v,strike#v#04,strike#v#14,not-merged
v,strike#v#13,strike#v#11,merged
v,strike#v#13,strike#v#20,not-merged
v,strike#v#13,strike#v#05,not-merged
v,strike#v#13,strike#v#07,not-merged
v,strike#v#13,strike#v#10,not-merged
v,strike#v#13,strike#v#14,not-merged
v,strike#v#11,strike#v#20,not-merged
v,strike#v#11,strike#v#05,not-merged
v,strike#v#11,strike#v#07,not-merged
v,strike#v#11,strike#v#10,not-merged
v,strike#v#11,strike#v#14,not-merged
v,strike#v#20,strike#v#05,not-merged
v,strike#v#20,strike#v#07,not-merged
v,strike#v#20,strike#v#10,not-merged
v,strike#v#20,strike#v#14,not-merged
v,strike#v#05,strike#v#07,not-merged
v,strike#v#05,strike#v#10,not-merged
v,strike#v#05,strike#v#14,not-merged
v,strike#v#07,strike#v#10,not-merged
v,strike#v#07,strike#v#14,not-merged
v,strike#v#10,strike#v#14,not-merged
s,material#s#04,material#s#01,merged
v,wash_out#v#02,wash_out#v#06,not-merged
v,wash_out#v#02,wash_out#v#05,not-merged
v,wash_out#v#02,wash_out#v#07,not-merged
v,wash_out#v#02,wash_out#v#03,not-merged
v,wash_out#v#06,wash_out#v#05,merged
v,wash_out#v#06,wash_out#v#07,merged
v,wash_out#v#06,wash_out#v#03,not-merged
v,wash_out#v#05,wash_out#v#07,merged
v,wash_out#v#05,wash_out#v#03,not-merged
v,wash_out#v#07,wash_out#v#03,not-merged
v,act#v#03,act#v#10,merged
v,act#v#03,act#v#05,not-merged
v,act#v#10,act#v#05,not-merged
v,dally#v#04,dally#v#01,merged
n,extent#n#02,extent#n#01,merged
v,drive#v#02,drive#v#01,merged
v,drive#v#02,drive#v#03,merged
v,drive#v#02,drive#v#12,merged
v,drive#v#02,drive#v#13,merged
v,drive#v#02,drive#v#14,merged
v,drive#v#02,drive#v#15,merged
v,drive#v#02,drive#v#05,not-merged
v,drive#v#02,drive#v#07,not-merged
v,drive#v#02,drive#v#09,not-merged
v,drive#v#02,drive#v#16,not-merged
v,drive#v#02,drive#v#17,not-merged
v,drive#v#02,drive#v#20,not-merged
v,drive#v#02,drive#v#08,not-merged
v,drive#v#02,drive#v#21,not-merged
v,drive#v#02,drive#v#11,not-merged
v,drive#v#02,drive#v#18,not-merged
v,drive#v#02,drive#v#19,not-merged
v,drive#v#01,drive#v#03,merged
v,drive#v#01,drive#v#12,merged
v,drive#v#01,drive#v#13,merged
v,drive#v#01,drive#v#14,merged
v,drive#v#01,drive#v#15,merged
v,drive#v#01,drive#v#05,not-merged
v,drive#v#01,drive#v#07,not-merged
v,drive#v#01,drive#v#09,not-merged
v,drive#v#01,drive#v#16,not-merged
v,drive#v#01,drive#v#17,not-merged
v,drive#v#01,drive#v#20,not-merged
v,drive#v#01,drive#v#08,not-merged
v,drive#v#01,drive#v#21,not-merged
v,drive#v#01,drive#v#11,not-merged
v,drive#v#01,drive#v#18,not-merged
v,drive#v#01,drive#v#19,not-merged
v,drive#v#03,drive#v#12,merged
v,drive#v#03,drive#v#13,merged
v,drive#v#03,drive#v#14,merged
v,drive#v#03,drive#v#15,merged
v,drive#v#03,drive#v#05,not-merged
v,drive#v#03,drive#v#07,not-merged
v,drive#v#03,drive#v#09,not-merged
v,drive#v#03,drive#v#16,not-merged
v,drive#v#03,drive#v#17,not-merged
v,drive#v#03,drive#v#20,not-merged
v,drive#v#03,drive#v#08,not-merged
v,drive#v#03,drive#v#21,not-merged
v,drive#v#03,drive#v#11,not-merged
v,drive#v#03,drive#v#18,not-merged
v,drive#v#03,drive#v#19,not-merged
v,drive#v#12,drive#v#13,merged
v,drive#v#12,drive#v#14,merged
v,drive#v#12,drive#v#15,merged
v,drive#v#12,drive#v#05,not-merged
v,drive#v#12,drive#v#07,not-merged
v,drive#v#12,drive#v#09,not-merged
v,drive#v#12,drive#v#16,not-merged
v,drive#v#12,drive#v#17,not-merged
v,drive#v#12,drive#v#20,not-merged
v,drive#v#12,drive#v#08,not-merged
v,drive#v#12,drive#v#21,not-merged
v,drive#v#12,drive#v#11,not-merged
v,drive#v#12,drive#v#18,not-merged
v,drive#v#12,drive#v#19,not-merged
v,drive#v#13,drive#v#14,merged
v,drive#v#13,drive#v#15,merged
v,drive#v#13,drive#v#05,not-merged
v,drive#v#13,drive#v#07,not-merged
v,drive#v#13,drive#v#09,not-merged
v,drive#v#13,drive#v#16,not-merged
v,drive#v#13,drive#v#17,not-merged
v,drive#v#13,drive#v#20,not-merged
v,drive#v#13,drive#v#08,not-merged
v,drive#v#13,drive#v#21,not-merged
v,drive#v#13,drive#v#11,not-merged
v,drive#v#13,drive#v#18,not-merged
v,drive#v#13,drive#v#19,not-merged
v,drive#v#14,drive#v#15,merged
v,drive#v#14,drive#v#05,not-merged
v,drive#v#14,drive#v#07,not-merged
v,drive#v#14,drive#v#09,not-merged
v,drive#v#14,drive#v#16,not-merged
v,drive#v#14,drive#v#17,not-merged
v,drive#v#14,drive#v#20,not-merged
v,drive#v#14,drive#v#08,not-merged
v,drive#v#14,drive#v#21,not-merged
v,drive#v#14,drive#v#11,not-merged
v,drive#v#14,drive#v#18,not-merged
v,drive#v#14,drive#v#19,not-merged
v,drive#v#15,drive#v#05,not-merged
v,drive#v#15,drive#v#07,not-merged
v,drive#v#15,drive#v#09,not-merged
v,drive#v#15,drive#v#16,not-merged
v,drive#v#15,drive#v#17,not-merged
v,drive#v#15,drive#v#20,not-merged
v,drive#v#15,drive#v#08,not-merged
v,drive#v#15,drive#v#21,not-merged
v,drive#v#15,drive#v#11,not-merged
v,drive#v#15,drive#v#18,not-merged
v,drive#v#15,drive#v#19,not-merged
v,drive#v#05,drive#v#07,merged
v,drive#v#05,drive#v#09,not-merged
v,drive#v#05,drive#v#16,not-merged
v,drive#v#05,drive#v#17,not-merged
v,drive#v#05,drive#v#20,not-merged
v,drive#v#05,drive#v#08,not-merged
v,drive#v#05,drive#v#21,not-merged
v,drive#v#05,drive#v#11,not-merged
v,drive#v#05,drive#v#18,not-merged
v,drive#v#05,drive#v#19,not-merged
v,drive#v#07,drive#v#09,not-merged
v,drive#v#07,drive#v#16,not-merged
v,drive#v#07,drive#v#17,not-merged
v,drive#v#07,drive#v#20,not-merged
v,drive#v#07,drive#v#08,not-merged
v,drive#v#07,drive#v#21,not-merged
v,drive#v#07,drive#v#11,not-merged
v,drive#v#07,drive#v#18,not-merged
v,drive#v#07,drive#v#19,not-merged
v,drive#v#09,drive#v#16,merged
v,drive#v#09,drive#v#17,merged
v,drive#v#09,drive#v#20,not-merged
v,drive#v#09,drive#v#08,not-merged
v,drive#v#09,drive#v#21,not-merged
v,drive#v#09,drive#v#11,not-merged
v,drive#v#09,drive#v#18,not-merged
v,drive#v#09,drive#v#19,not-merged
v,drive#v#16,drive#v#17,merged
v,drive#v#16,drive#v#20,not-merged
v,drive#v#16,drive#v#08,not-merged
v,drive#v#16,drive#v#21,not-merged
v,drive#v#16,drive#v#11,not-merged
v,drive#v#16,drive#v#18,not-merged
v,drive#v#16,drive#v#19,not-merged
v,drive#v#17,drive#v#20,not-merged
v,drive#v#17,drive#v#08,not-merged
v,drive#v#17,drive#v#21,not-merged
v,drive#v#17,drive#v#11,not-merged
v,drive#v#17,drive#v#18,not-merged
v,drive#v#17,drive#v#19,not-merged
v,drive#v#20,drive#v#08,merged
v,drive#v#20,drive#v#21,merged
v,drive#v#20,drive#v#11,not-merged
v,drive#v#20,drive#v#18,not-merged
v,drive#v#20,drive#v#19,not-merged
v,drive#v#08,drive#v#21,merged
v,drive#v#08,drive#v#11,not-merged
v,drive#v#08,drive#v#18,not-merged
v,drive#v#08,drive#v#19,not-merged
v,drive#v#21,drive#v#11,not-merged
v,drive#v#21,drive#v#18,not-merged
v,drive#v#21,drive#v#19,not-merged
v,drive#v#11,drive#v#18,not-merged
v,drive#v#11,drive#v#19,not-merged
v,drive#v#18,drive#v#19,not-merged
n,shock#n#04,shock#n#06,merged
n,shock#n#04,shock#n#02,not-merged
n,shock#n#04,shock#n#05,not-merged
n,shock#n#04,shock#n#07,not-merged
n,shock#n#04,shock#n#08,not-merged
n,shock#n#06,shock#n#02,not-merged
n,shock#n#06,shock#n#05,not-merged
n,shock#n#06,shock#n#07,not-merged
n,shock#n#06,shock#n#08,not-merged
n,shock#n#02,shock#n#05,not-merged
n,shock#n#02,shock#n#07,not-merged
n,shock#n#02,shock#n#08,not-merged
n,shock#n#05,shock#n#07,not-merged
n,shock#n#05,shock#n#08,not-merged
n,shock#n#07,shock#n#08,not-merged
n,fish#n#01,fish#n#02,not-merged
n,spade#n#01,spade#n#02,not-merged
n,restraint#n#01,restraint#n#04,merged
n,restraint#n#01,restraint#n#02,not-merged
n,restraint#n#01,restraint#n#06,not-merged
n,restraint#n#04,restraint#n#02,not-merged
n,restraint#n#04,restraint#n#06,not-merged
n,restraint#n#02,restraint#n#06,not-merged
v,prolong#v#01,prolong#v#02,not-merged
n,appeal#n#03,appeal#n#02,not-merged
n,child#n#03,child#n#01,merged
n,child#n#03,child#n#04,not-merged
n,child#n#03,child#n#02,not-merged
n,child#n#01,child#n#04,not-merged
n,child#n#01,child#n#02,not-merged
n,child#n#04,child#n#02,merged
v,evolve#v#01,evolve#v#03,not-merged
v,preserve#v#04,preserve#v#02,not-merged
v,match#v#01,match#v#02,not-merged
v,match#v#01,match#v#08,not-merged
v,match#v#01,match#v#05,not-merged
v,match#v#01,match#v#03,not-merged
v,match#v#02,match#v#08,not-merged
v,match#v#02,match#v#05,not-merged
v,match#v#02,match#v#03,not-merged
v,match#v#08,match#v#05,merged
v,match#v#08,match#v#03,not-merged
v,match#v#05,match#v#03,not-merged
n,detention#n#01,detention#n#02,not-merged
v,develop#v#01,develop#v#03,not-merged
v,develop#v#01,develop#v#09,not-merged
v,develop#v#01,develop#v#10,not-merged
v,develop#v#01,develop#v#14,not-merged
v,develop#v#01,develop#v#06,not-merged
v,develop#v#01,develop#v#12,not-merged
v,develop#v#01,develop#v#13,not-merged
v,develop#v#01,develop#v#19,not-merged
v,develop#v#01,develop#v#18,not-merged
v,develop#v#01,develop#v#17,not-merged
v,develop#v#01,develop#v#15,not-merged
v,develop#v#01,develop#v#16,not-merged
v,develop#v#01,develop#v#21,not-merged
v,develop#v#03,develop#v#09,not-merged
v,develop#v#03,develop#v#10,not-merged
v,develop#v#03,develop#v#14,not-merged
v,develop#v#03,develop#v#06,not-merged
v,develop#v#03,develop#v#12,not-merged
v,develop#v#03,develop#v#13,not-merged
v,develop#v#03,develop#v#19,not-merged
v,develop#v#03,develop#v#18,not-merged
v,develop#v#03,develop#v#17,not-merged
v,develop#v#03,develop#v#15,not-merged
v,develop#v#03,develop#v#16,not-merged
v,develop#v#03,develop#v#21,not-merged
v,develop#v#09,develop#v#10,merged
v,develop#v#09,develop#v#14,merged
v,develop#v#09,develop#v#06,not-merged
v,develop#v#09,develop#v#12,not-merged
v,develop#v#09,develop#v#13,not-merged
v,develop#v#09,develop#v#19,not-merged
v,develop#v#09,develop#v#18,not-merged
v,develop#v#09,develop#v#17,not-merged
v,develop#v#09,develop#v#15,not-merged
v,develop#v#09,develop#v#16,not-merged
v,develop#v#09,develop#v#21,not-merged
v,develop#v#10,develop#v#14,merged
v,develop#v#10,develop#v#06,not-merged
v,develop#v#10,develop#v#12,not-merged
v,develop#v#10,develop#v#13,not-merged
v,develop#v#10,develop#v#19,not-merged
v,develop#v#10,develop#v#18,not-merged
v,develop#v#10,develop#v#17,not-merged
v,develop#v#10,develop#v#15,not-merged
v,develop#v#10,develop#v#16,not-merged
v,develop#v#10,develop#v#21,not-merged
v,develop#v#14,develop#v#06,not-merged
v,develop#v#14,develop#v#12,not-merged
v,develop#v#14,develop#v#13,not-merged
v,develop#v#14,develop#v#19,not-merged
v,develop#v#14,develop#v#18,not-merged
v,develop#v#14,develop#v#17,not-merged
v,develop#v#14,develop#v#15,not-merged
v,develop#v#14,develop#v#16,not-merged
v,develop#v#14,develop#v#21,not-merged
v,develop#v#06,develop#v#12,merged
v,develop#v#06,develop#v#13,merged
v,develop#v#06,develop#v#19,merged
v,develop#v#06,develop#v#18,not-merged
v,develop#v#06,develop#v#17,not-merged
v,develop#v#06,develop#v#15,not-merged
v,develop#v#06,develop#v#16,not-merged
v,develop#v#06,develop#v#21,not-merged
v,develop#v#12,develop#v#13,merged
v,develop#v#12,develop#v#19,merged
v,develop#v#12,develop#v#18,not-merged
v,develop#v#12,develop#v#17,not-merged
v,develop#v#12,develop#v#15,not-merged
v,develop#v#12,develop#v#16,not-merged
v,develop#v#12,develop#v#21,not-merged
v,develop#v#13,develop#v#19,merged
v,develop#v#13,develop#v#18,not-merged
v,develop#v#13,develop#v#17,not-merged
v,develop#v#13,develop#v#15,not-merged
v,develop#v#13,develop#v#16,not-merged
v,develop#v#13,develop#v#21,not-merged
v,develop#v#19,develop#v#18,not-merged
v,develop#v#19,develop#v#17,not-merged
v,develop#v#19,develop#v#15,not-merged
v,develop#v#19,develop#v#16,not-merged
v,develop#v#19,develop#v#21,not-merged
v,develop#v#18,develop#v#17,merged
v,develop#v#18,develop#v#15,not-merged
v,develop#v#18,develop#v#16,not-merged
v,develop#v#18,develop#v#21,not-merged
v,develop#v#17,develop#v#15,not-merged
v,develop#v#17,develop#v#16,not-merged
v,develop#v#17,develop#v#21,not-merged
v,develop#v#15,develop#v#16,not-merged
v,develop#v#15,develop#v#21,not-merged
v,develop#v#16,develop#v#21,not-merged
v,strike_out#v#04,strike_out#v#02,merged
v,strike_out#v#04,strike_out#v#03,not-merged
v,strike_out#v#04,strike_out#v#05,not-merged
v,strike_out#v#02,strike_out#v#03,not-merged
v,strike_out#v#02,strike_out#v#05,not-merged
v,strike_out#v#03,strike_out#v#05,not-merged
n,grip#n#06,grip#n#04,not-merged
n,grip#n#06,grip#n#05,not-merged
n,grip#n#04,grip#n#05,not-merged
n,royalty#n#01,royalty#n#02,not-merged
n,authority#n#06,authority#n#01,merged
n,authority#n#06,authority#n#02,not-merged
n,authority#n#06,authority#n#07,not-merged
n,authority#n#06,authority#n#03,not-merged
n,authority#n#01,authority#n#02,not-merged
n,authority#n#01,authority#n#07,not-merged
n,authority#n#01,authority#n#03,not-merged
n,authority#n#02,authority#n#07,not-merged
n,authority#n#02,authority#n#03,not-merged
n,authority#n#07,authority#n#03,merged
n,text#n#02,text#n#01,merged
n,text#n#02,text#n#04,merged
n,text#n#01,text#n#04,merged
v,hit#v#02,hit#v#08,not-merged
v,hit#v#02,hit#v#03,not-merged
v,hit#v#08,hit#v#03,not-merged
a,present#a#01,present#a#02,not-merged
a,present#a#01,present#a#03,not-merged
a,present#a#02,present#a#03,not-merged
v,draw_out#v#03,draw_out#v#01,merged
v,see#v#01,see#v#19,merged
v,see#v#01,see#v#05,not-merged
v,see#v#01,see#v#10,not-merged
v,see#v#01,see#v#15,not-merged
v,see#v#01,see#v#11,not-merged
v,see#v#01,see#v#12,not-merged
v,see#v#01,see#v#22,not-merged
v,see#v#01,see#v#17,not-merged
v,see#v#01,see#v#18,not-merged
v,see#v#01,see#v#23,not-merged
v,see#v#19,see#v#05,not-merged
v,see#v#19,see#v#10,not-merged
v,see#v#19,see#v#15,not-merged
v,see#v#19,see#v#11,not-merged
v,see#v#19,see#v#12,not-merged
v,see#v#19,see#v#22,not-merged
v,see#v#19,see#v#17,not-merged
v,see#v#19,see#v#18,not-merged
v,see#v#19,see#v#23,not-merged
v,see#v#05,see#v#10,not-merged
v,see#v#05,see#v#15,not-merged
v,see#v#05,see#v#11,not-merged
v,see#v#05,see#v#12,not-merged
v,see#v#05,see#v#22,not-merged
v,see#v#05,see#v#17,not-merged
v,see#v#05,see#v#18,not-merged
v,see#v#05,see#v#23,not-merged
v,see#v#10,see#v#15,not-merged
v,see#v#10,see#v#11,not-merged
v,see#v#10,see#v#12,not-merged
v,see#v#10,see#v#22,not-merged
v,see#v#10,see#v#17,not-merged
v,see#v#10,see#v#18,not-merged
v,see#v#10,see#v#23,not-merged
v,see#v#15,see#v#11,merged
v,see#v#15,see#v#12,not-merged
v,see#v#15,see#v#22,not-merged
v,see#v#15,see#v#17,not-merged
v,see#v#15,see#v#18,not-merged
v,see#v#15,see#v#23,not-merged
v,see#v#11,see#v#12,not-merged
v,see#v#11,see#v#22,not-merged
v,see#v#11,see#v#17,not-merged
v,see#v#11,see#v#18,not-merged
v,see#v#11,see#v#23,not-merged
v,see#v#12,see#v#22,merged
v,see#v#12,see#v#17,not-merged
v,see#v#12,see#v#18,not-merged
v,see#v#12,see#v#23,not-merged
v,see#v#22,see#v#17,not-merged
v,see#v#22,see#v#18,not-merged
v,see#v#22,see#v#23,not-merged
v,see#v#17,see#v#18,not-merged
v,see#v#17,see#v#23,not-merged
v,see#v#18,see#v#23,not-merged
n,importance#n#02,importance#n#01,merged
n,feeling#n#06,feeling#n#04,not-merged
n,feeling#n#06,feeling#n#01,not-merged
n,feeling#n#04,feeling#n#01,not-merged
n,mouth#n#02,mouth#n#01,merged
n,mouth#n#02,mouth#n#04,not-merged
n,mouth#n#02,mouth#n#03,not-merged
n,mouth#n#02,mouth#n#08,not-merged
n,mouth#n#02,mouth#n#05,not-merged
n,mouth#n#01,mouth#n#04,not-merged
n,mouth#n#01,mouth#n#03,not-merged
n,mouth#n#01,mouth#n#08,not-merged
n,mouth#n#01,mouth#n#05,not-merged
n,mouth#n#04,mouth#n#03,merged
n,mouth#n#04,mouth#n#08,merged
n,mouth#n#04,mouth#n#05,not-merged
n,mouth#n#03,mouth#n#08,merged
n,mouth#n#03,mouth#n#05,not-merged
n,mouth#n#08,mouth#n#05,not-merged
n,shade#n#05,shade#n#01,merged
n,shade#n#05,shade#n#02,not-merged
n,shade#n#05,shade#n#03,not-merged
n,shade#n#05,shade#n#08,not-merged
n,shade#n#01,shade#n#02,not-merged
n,shade#n#01,shade#n#03,not-merged
n,shade#n#01,shade#n#08,not-merged
n,shade#n#02,shade#n#03,not-merged
n,shade#n#02,shade#n#08,not-merged
n,shade#n#03,shade#n#08,not-merged
n,visit#n#02,visit#n#01,merged
v,bear#v#13,bear#v#05,not-merged
v,turn_down#v#04,turn_down#v#05,not-merged
n,basin#n#01,basin#n#03,not-merged
n,basin#n#01,basin#n#02,not-merged
n,basin#n#03,basin#n#02,not-merged
v,carry#v#17,carry#v#31,merged
v,carry#v#17,carry#v#02,not-merged
v,carry#v#17,carry#v#21,not-merged
v,carry#v#17,carry#v#04,not-merged
v,carry#v#17,carry#v#20,not-merged
v,carry#v#17,carry#v#05,not-merged
v,carry#v#17,carry#v#23,not-merged
v,carry#v#17,carry#v#09,not-merged
v,carry#v#17,carry#v#08,not-merged
v,carry#v#17,carry#v#18,not-merged
v,carry#v#17,carry#v#10,not-merged
v,carry#v#17,carry#v#25,not-merged
v,carry#v#17,carry#v#22,not-merged
v,carry#v#17,carry#v#11,not-merged
v,carry#v#17,carry#v#36,not-merged
v,carry#v#17,carry#v#26,not-merged
v,carry#v#17,carry#v#37,not-merged
v,carry#v#17,carry#v#12,not-merged
v,carry#v#17,carry#v#15,not-merged
v,carry#v#17,carry#v#34,not-merged
v,carry#v#17,carry#v#19,not-merged
v,carry#v#17,carry#v#35,not-merged
v,carry#v#17,carry#v#28,not-merged
v,carry#v#17,carry#v#33,not-merged
v,carry#v#17,carry#v#30,not-merged
v,carry#v#17,carry#v#24,not-merged
v,carry#v#17,carry#v#29,not-merged
v,carry#v#17,carry#v#32,not-merged
v,carry#v#17,carry#v#38,not-merged
v,carry#v#31,carry#v#02,not-merged
v,carry#v#31,carry#v#21,not-merged
v,carry#v#31,carry#v#04,not-merged
v,carry#v#31,carry#v#20,not-merged
v,carry#v#31,carry#v#05,not-merged
v,carry#v#31,carry#v#23,not-merged
v,carry#v#31,carry#v#09,not-merged
v,carry#v#31,carry#v#08,not-merged
v,carry#v#31,carry#v#18,not-merged
v,carry#v#31,carry#v#10,not-merged
v,carry#v#31,carry#v#25,not-merged
v,carry#v#31,carry#v#22,not-merged
v,carry#v#31,carry#v#11,not-merged
v,carry#v#31,carry#v#36,not-merged
v,carry#v#31,carry#v#26,not-merged
v,carry#v#31,carry#v#37,not-merged
v,carry#v#31,carry#v#12,not-merged
v,carry#v#31,carry#v#15,not-merged
v,carry#v#31,carry#v#34,not-merged
v,carry#v#31,carry#v#19,not-merged
v,carry#v#31,carry#v#35,not-merged
v,carry#v#31,carry#v#28,not-merged
v,carry#v#31,carry#v#33,not-merged
v,carry#v#31,carry#v#30,not-merged
v,carry#v#31,carry#v#24,not-merged
v,carry#v#31,carry#v#29,not-merged
v,carry#v#31,carry#v#32,not-merged
v,carry#v#31,carry#v#38,not-merged
v,carry#v#02,carry#v#21,merged
v,carry#v#02,carry#v#04,not-merged
v,carry#v#02,carry#v#20,not-merged
v,carry#v#02,carry#v#05,not-merged
v,carry#v#02,carry#v#23,not-merged
v,carry#v#02,carry#v#09,not-merged
v,carry#v#02,carry#v#08,not-merged
v,carry#v#02,carry#v#18,not-merged
v,carry#v#02,carry#v#10,not-merged
v,carry#v#02,carry#v#25,not-merged
v,carry#v#02,carry#v#22,not-merged
v,carry#v#02,carry#v#11,not-merged
v,carry#v#02,carry#v#36,not-merged
v,carry#v#02,carry#v#26,not-merged
v,carry#v#02,carry#v#37,not-merged
v,carry#v#02,carry#v#12,not-merged
v,carry#v#02,carry#v#15,not-merged
v,carry#v#02,carry#v#34,not-merged
v,carry#v#02,carry#v#19,not-merged
v,carry#v#02,carry#v#35,not-merged
v,carry#v#02,carry#v#28,not-merged
v,carry#v#02,carry#v#33,not-merged
v,carry#v#02,carry#v#30,not-merged
v,carry#v#02,carry#v#24,not-merged
v,carry#v#02,carry#v#29,not-merged
v,carry#v#02,carry#v#32,not-merged
v,carry#v#02,carry#v#38,not-merged
v,carry#v#21,carry#v#04,not-merged
v,carry#v#21,carry#v#20,not-merged
v,carry#v#21,carry#v#05,not-merged
v,carry#v#21,carry#v#23,not-merged
v,carry#v#21,carry#v#09,not-merged
v,carry#v#21,carry#v#08,not-merged
v,carry#v#21,carry#v#18,not-merged
v,carry#v#21,carry#v#10,not-merged
v,carry#v#21,carry#v#25,not-merged
v,carry#v#21,carry#v#22,not-merged
v,carry#v#21,carry#v#11,not-merged
v,carry#v#21,carry#v#36,not-merged
v,carry#v#21,carry#v#26,not-merged
v,carry#v#21,carry#v#37,not-merged
v,carry#v#21,carry#v#12,not-merged
v,carry#v#21,carry#v#15,not-merged
v,carry#v#21,carry#v#34,not-merged
v,carry#v#21,carry#v#19,not-merged
v,carry#v#21,carry#v#35,not-merged
v,carry#v#21,carry#v#28,not-merged
v,carry#v#21,carry#v#33,not-merged
v,carry#v#21,carry#v#30,not-merged
v,carry#v#21,carry#v#24,not-merged
v,carry#v#21,carry#v#29,not-merged
v,carry#v#21,carry#v#32,not-merged
v,carry#v#21,carry#v#38,not-merged
v,carry#v#04,carry#v#20,not-merged
v,carry#v#04,carry#v#05,not-merged
v,carry#v#04,carry#v#23,not-merged
v,carry#v#04,carry#v#09,not-merged
v,carry#v#04,carry#v#08,not-merged
v,carry#v#04,carry#v#18,not-merged
v,carry#v#04,carry#v#10,not-merged
v,carry#v#04,carry#v#25,not-merged
v,carry#v#04,carry#v#22,not-merged
v,carry#v#04,carry#v#11,not-merged
v,carry#v#04,carry#v#36,not-merged
v,carry#v#04,carry#v#26,not-merged
v,carry#v#04,carry#v#37,not-merged
v,carry#v#04,carry#v#12,not-merged
v,carry#v#04,carry#v#15,not-merged
v,carry#v#04,carry#v#34,not-merged
v,carry#v#04,carry#v#19,not-merged
v,carry#v#04,carry#v#35,not-merged
v,carry#v#04,carry#v#28,not-merged
v,carry#v#04,carry#v#33,not-merged
v,carry#v#04,carry#v#30,not-merged
v,carry#v#04,carry#v#24,not-merged
v,carry#v#04,carry#v#29,not-merged
v,carry#v#04,carry#v#32,not-merged
v,carry#v#04,carry#v#38,not-merged
v,carry#v#20,carry#v#05,merged
v,carry#v#20,carry#v#23,merged
v,carry#v#20,carry#v#09,not-merged
v,carry#v#20,carry#v#08,not-merged
v,carry#v#20,carry#v#18,not-merged
v,carry#v#20,carry#v#10,not-merged
v,carry#v#20,carry#v#25,not-merged
v,carry#v#20,carry#v#22,not-merged
v,carry#v#20,carry#v#11,not-merged
v,carry#v#20,carry#v#36,not-merged
v,carry#v#20,carry#v#26,not-merged
v,carry#v#20,carry#v#37,not-merged
v,carry#v#20,carry#v#12,not-merged
v,carry#v#20,carry#v#15,not-merged
v,carry#v#20,carry#v#34,not-merged
v,carry#v#20,carry#v#19,not-merged
v,carry#v#20,carry#v#35,not-merged
v,carry#v#20,carry#v#28,not-merged
v,carry#v#20,carry#v#33,not-merged
v,carry#v#20,carry#v#30,not-merged
v,carry#v#20,carry#v#24,not-merged
v,carry#v#20,carry#v#29,not-merged
v,carry#v#20,carry#v#32,not-merged
v,carry#v#20,carry#v#38,not-merged
v,carry#v#05,carry#v#23,merged
v,carry#v#05,carry#v#09,not-merged
v,carry#v#05,carry#v#08,not-merged
v,carry#v#05,carry#v#18,not-merged
v,carry#v#05,carry#v#10,not-merged
v,carry#v#05,carry#v#25,not-merged
v,carry#v#05,carry#v#22,not-merged
v,carry#v#05,carry#v#11,not-merged
v,carry#v#05,carry#v#36,not-merged
v,carry#v#05,carry#v#26,not-merged
v,carry#v#05,carry#v#37,not-merged
v,carry#v#05,carry#v#12,not-merged
v,carry#v#05,carry#v#15,not-merged
v,carry#v#05,carry#v#34,not-merged
v,carry#v#05,carry#v#19,not-merged
v,carry#v#05,carry#v#35,not-merged
v,carry#v#05,carry#v#28,not-merged
v,carry#v#05,carry#v#33,not-merged
v,carry#v#05,carry#v#30,not-merged
v,carry#v#05,carry#v#24,not-merged
v,carry#v#05,carry#v#29,not-merged
v,carry#v#05,carry#v#32,not-merged
v,carry#v#05,carry#v#38,not-merged
v,carry#v#23,carry#v#09,not-merged
v,carry#v#23,carry#v#08,not-merged
v,carry#v#23,carry#v#18,not-merged
v,carry#v#23,carry#v#10,not-merged
v,carry#v#23,carry#v#25,not-merged
v,carry#v#23,carry#v#22,not-merged
v,carry#v#23,carry#v#11,not-merged
v,carry#v#23,carry#v#36,not-merged
v,carry#v#23,carry#v#26,not-merged
v,carry#v#23,carry#v#37,not-merged
v,carry#v#23,carry#v#12,not-merged
v,carry#v#23,carry#v#15,not-merged
v,carry#v#23,carry#v#34,not-merged
v,carry#v#23,carry#v#19,not-merged
v,carry#v#23,carry#v#35,not-merged
v,carry#v#23,carry#v#28,not-merged
v,carry#v#23,carry#v#33,not-merged
v,carry#v#23,carry#v#30,not-merged
v,carry#v#23,carry#v#24,not-merged
v,carry#v#23,carry#v#29,not-merged
v,carry#v#23,carry#v#32,not-merged
v,carry#v#23,carry#v#38,not-merged
v,carry#v#09,carry#v#08,merged
v,carry#v#09,carry#v#18,not-merged
v,carry#v#09,carry#v#10,not-merged
v,carry#v#09,carry#v#25,not-merged
v,carry#v#09,carry#v#22,not-merged
v,carry#v#09,carry#v#11,not-merged
v,carry#v#09,carry#v#36,not-merged
v,carry#v#09,carry#v#26,not-merged
v,carry#v#09,carry#v#37,not-merged
v,carry#v#09,carry#v#12,not-merged
v,carry#v#09,carry#v#15,not-merged
v,carry#v#09,carry#v#34,not-merged
v,carry#v#09,carry#v#19,not-merged
v,carry#v#09,carry#v#35,not-merged
v,carry#v#09,carry#v#28,not-merged
v,carry#v#09,carry#v#33,not-merged
v,carry#v#09,carry#v#30,not-merged
v,carry#v#09,carry#v#24,not-merged
v,carry#v#09,carry#v#29,not-merged
v,carry#v#09,carry#v#32,not-merged
v,carry#v#09,carry#v#38,not-merged
v,carry#v#08,carry#v#18,not-merged
v,carry#v#08,carry#v#10,not-merged
v,carry#v#08,carry#v#25,not-merged
v,carry#v#08,carry#v#22,not-merged
v,carry#v#08,carry#v#11,not-merged
v,carry#v#08,carry#v#36,not-merged
v,carry#v#08,carry#v#26,not-merged
v,carry#v#08,carry#v#37,not-merged
v,carry#v#08,carry#v#12,not-merged
v,carry#v#08,carry#v#15,not-merged
v,carry#v#08,carry#v#34,not-merged
v,carry#v#08,carry#v#19,not-merged
v,carry#v#08,carry#v#35,not-merged
v,carry#v#08,carry#v#28,not-merged
v,carry#v#08,carry#v#33,not-merged
v,carry#v#08,carry#v#30,not-merged
v,carry#v#08,carry#v#24,not-merged
v,carry#v#08,carry#v#29,not-merged
v,carry#v#08,carry#v#32,not-merged
v,carry#v#08,carry#v#38,not-merged
v,carry#v#18,carry#v#10,merged
v,carry#v#18,carry#v#25,merged
v,carry#v#18,carry#v#22,not-merged
v,carry#v#18,carry#v#11,not-merged
v,carry#v#18,carry#v#36,not-merged
v,carry#v#18,carry#v#26,not-merged
v,carry#v#18,carry#v#37,not-merged
v,carry#v#18,carry#v#12,not-merged
v,carry#v#18,carry#v#15,not-merged
v,carry#v#18,carry#v#34,not-merged
v,carry#v#18,carry#v#19,not-merged
v,carry#v#18,carry#v#35,not-merged
v,carry#v#18,carry#v#28,not-merged
v,carry#v#18,carry#v#33,not-merged
v,carry#v#18,carry#v#30,not-merged
v,carry#v#18,carry#v#24,not-merged
v,carry#v#18,carry#v#29,not-merged
v,carry#v#18,carry#v#32,not-merged
v,carry#v#18,carry#v#38,not-merged
v,carry#v#10,carry#v#25,merged
v,carry#v#10,carry#v#22,not-merged
v,carry#v#10,carry#v#11,not-merged
v,carry#v#10,carry#v#36,not-merged
v,carry#v#10,carry#v#26,not-merged
v,carry#v#10,carry#v#37,not-merged
v,carry#v#10,carry#v#12,not-merged
v,carry#v#10,carry#v#15,not-merged
v,carry#v#10,carry#v#34,not-merged
v,carry#v#10,carry#v#19,not-merged
v,carry#v#10,carry#v#35,not-merged
v,carry#v#10,carry#v#28,not-merged
v,carry#v#10,carry#v#33,not-merged
v,carry#v#10,carry#v#30,not-merged
v,carry#v#10,carry#v#24,not-merged
v,carry#v#10,carry#v#29,not-merged
v,carry#v#10,carry#v#32,not-merged
v,carry#v#10,carry#v#38,not-merged
v,carry#v#25,carry#v#22,not-merged
v,carry#v#25,carry#v#11,not-merged
v,carry#v#25,carry#v#36,not-merged
v,carry#v#25,carry#v#26,not-merged
v,carry#v#25,carry#v#37,not-merged
v,carry#v#25,carry#v#12,not-merged
v,carry#v#25,carry#v#15,not-merged
v,carry#v#25,carry#v#34,not-merged
v,carry#v#25,carry#v#19,not-merged
v,carry#v#25,carry#v#35,not-merged
v,carry#v#25,carry#v#28,not-merged
v,carry#v#25,carry#v#33,not-merged
v,carry#v#25,carry#v#30,not-merged
v,carry#v#25,carry#v#24,not-merged
v,carry#v#25,carry#v#29,not-merged
v,carry#v#25,carry#v#32,not-merged
v,carry#v#25,carry#v#38,not-merged
v,carry#v#22,carry#v#11,merged
v,carry#v#22,carry#v#36,merged
v,carry#v#22,carry#v#26,merged
v,carry#v#22,carry#v#37,merged
v,carry#v#22,carry#v#12,not-merged
v,carry#v#22,carry#v#15,not-merged
v,carry#v#22,carry#v#34,not-merged
v,carry#v#22,carry#v#19,not-merged
v,carry#v#22,carry#v#35,not-merged
v,carry#v#22,carry#v#28,not-merged
v,carry#v#22,carry#v#33,not-merged
v,carry#v#22,carry#v#30,not-merged
v,carry#v#22,carry#v#24,not-merged
v,carry#v#22,carry#v#29,not-merged
v,carry#v#22,carry#v#32,not-merged
v,carry#v#22,carry#v#38,not-merged
v,carry#v#11,carry#v#36,merged
v,carry#v#11,carry#v#26,merged
v,carry#v#11,carry#v#37,merged
v,carry#v#11,carry#v#12,not-merged
v,carry#v#11,carry#v#15,not-merged
v,carry#v#11,carry#v#34,not-merged
v,carry#v#11,carry#v#19,not-merged
v,carry#v#11,carry#v#35,not-merged
v,carry#v#11,carry#v#28,not-merged
v,carry#v#11,carry#v#33,not-merged
v,carry#v#11,carry#v#30,not-merged
v,carry#v#11,carry#v#24,not-merged
v,carry#v#11,carry#v#29,not-merged
v,carry#v#11,carry#v#32,not-merged
v,carry#v#11,carry#v#38,not-merged
v,carry#v#36,carry#v#26,merged
v,carry#v#36,carry#v#37,merged
v,carry#v#36,carry#v#12,not-merged
v,carry#v#36,carry#v#15,not-merged
v,carry#v#36,carry#v#34,not-merged
v,carry#v#36,carry#v#19,not-merged
v,carry#v#36,carry#v#35,not-merged
v,carry#v#36,carry#v#28,not-merged
v,carry#v#36,carry#v#33,not-merged
v,carry#v#36,carry#v#30,not-merged
v,carry#v#36,carry#v#24,not-merged
v,carry#v#36,carry#v#29,not-merged
v,carry#v#36,carry#v#32,not-merged
v,carry#v#36,carry#v#38,not-merged
v,carry#v#26,carry#v#37,merged
v,carry#v#26,carry#v#12,not-merged
v,carry#v#26,carry#v#15,not-merged
v,carry#v#26,carry#v#34,not-merged
v,carry#v#26,carry#v#19,not-merged
v,carry#v#26,carry#v#35,not-merged
v,carry#v#26,carry#v#28,not-merged
v,carry#v#26,carry#v#33,not-merged
v,carry#v#26,carry#v#30,not-merged
v,carry#v#26,carry#v#24,not-merged
v,carry#v#26,carry#v#29,not-merged
v,carry#v#26,carry#v#32,not-merged
v,carry#v#26,carry#v#38,not-merged
v,carry#v#37,carry#v#12,not-merged
v,carry#v#37,carry#v#15,not-merged
v,carry#v#37,carry#v#34,not-merged
v,carry#v#37,carry#v#19,not-merged
v,carry#v#37,carry#v#35,not-merged
v,carry#v#37,carry#v#28,not-merged
v,carry#v#37,carry#v#33,not-merged
v,carry#v#37,carry#v#30,not-merged
v,carry#v#37,carry#v#24,not-merged
v,carry#v#37,carry#v#29,not-merged
v,carry#v#37,carry#v#32,not-merged
v,carry#v#37,carry#v#38,not-merged
v,carry#v#12,carry#v#15,merged
v,carry#v#12,carry#v#34,not-merged
v,carry#v#12,carry#v#19,not-merged
v,carry#v#12,carry#v#35,not-merged
v,carry#v#12,carry#v#28,not-merged
v,carry#v#12,carry#v#33,not-merged
v,carry#v#12,carry#v#30,not-merged
v,carry#v#12,carry#v#24,not-merged
v,carry#v#12,carry#v#29,not-merged
v,carry#v#12,carry#v#32,not-merged
v,carry#v#12,carry#v#38,not-merged
v,carry#v#15,carry#v#34,not-merged
v,carry#v#15,carry#v#19,not-merged
v,carry#v#15,carry#v#35,not-merged
v,carry#v#15,carry#v#28,not-merged
v,carry#v#15,carry#v#33,not-merged
v,carry#v#15,carry#v#30,not-merged
v,carry#v#15,carry#v#24,not-merged
v,carry#v#15,carry#v#29,not-merged
v,carry#v#15,carry#v#32,not-merged
v,carry#v#15,carry#v#38,not-merged
v,carry#v#34,carry#v#19,merged
v,carry#v#34,carry#v#35,merged
v,carry#v#34,carry#v#28,not-merged
v,carry#v#34,carry#v#33,not-merged
v,carry#v#34,carry#v#30,not-merged
v,carry#v#34,carry#v#24,not-merged
v,carry#v#34,carry#v#29,not-merged
v,carry#v#34,carry#v#32,not-merged
v,carry#v#34,carry#v#38,not-merged
v,carry#v#19,carry#v#35,merged
v,carry#v#19,carry#v#28,not-merged
v,carry#v#19,carry#v#33,not-merged
v,carry#v#19,carry#v#30,not-merged
v,carry#v#19,carry#v#24,not-merged
v,carry#v#19,carry#v#29,not-merged
v,carry#v#19,carry#v#32,not-merged
v,carry#v#19,carry#v#38,not-merged
v,carry#v#35,carry#v#28,not-merged
v,carry#v#35,carry#v#33,not-merged
v,carry#v#35,carry#v#30,not-merged
v,carry#v#35,carry#v#24,not-merged
v,carry#v#35,carry#v#29,not-merged
v,carry#v#35,carry#v#32,not-merged
v,carry#v#35,carry#v#38,not-merged
v,carry#v#28,carry#v#33,not-merged
v,carry#v#28,carry#v#30,not-merged
v,carry#v#28,carry#v#24,not-merged
v,carry#v#28,carry#v#29,not-merged
v,carry#v#28,carry#v#32,not-merged
v,carry#v#28,carry#v#38,not-merged
v,carry#v#33,carry#v#30,merged
v,carry#v#33,carry#v#24,not-merged
v,carry#v#33,carry#v#29,not-merged
v,carry#v#33,carry#v#32,not-merged
v,carry#v#33,carry#v#38,not-merged
v,carry#v#30,carry#v#24,not-merged
v,carry#v#30,carry#v#29,not-merged
v,carry#v#30,carry#v#32,not-merged
v,carry#v#30,carry#v#38,not-merged
v,carry#v#24,carry#v#29,not-merged
v,carry#v#24,carry#v#32,not-merged
v,carry#v#24,carry#v#38,not-merged
v,carry#v#29,carry#v#32,not-merged
v,carry#v#29,carry#v#38,not-merged
v,carry#v#32,carry#v#38,not-merged
n,air#n#03,air#n#01,merged
n,air#n#03,air#n#08,merged
n,air#n#03,air#n#05,not-merged
n,air#n#03,air#n#04,not-merged
n,air#n#01,air#n#08,merged
n,air#n#01,air#n#05,not-merged
n,air#n#01,air#n#04,not-merged
n,air#n#08,air#n#05,not-merged
n,air#n#08,air#n#04,not-merged
n,air#n#05,air#n#04,not-merged
n,slot#n#01,slot#n#04,merged
n,slot#n#01,slot#n#02,not-merged
n,slot#n#01,slot#n#05,not-merged
n,slot#n#01,slot#n#06,not-merged
n,slot#n#01,slot#n#07,not-merged
n,slot#n#04,slot#n#02,not-merged
n,slot#n#04,slot#n#05,not-merged
n,slot#n#04,slot#n#06,not-merged
n,slot#n#04,slot#n#07,not-merged
n,slot#n#02,slot#n#05,not-merged
n,slot#n#02,slot#n#06,not-merged
n,slot#n#02,slot#n#07,not-merged
n,slot#n#05,slot#n#06,not-merged
n,slot#n#05,slot#n#07,not-merged
n,slot#n#06,slot#n#07,not-merged
n,mail#n#02,mail#n#04,merged
v,meet#v#06,meet#v#10,not-merged
v,meet#v#06,meet#v#01,not-merged
v,meet#v#10,meet#v#01,not-merged
n,nation#n#03,nation#n#02,not-merged
n,nation#n#03,nation#n#04,not-merged
n,nation#n#02,nation#n#04,not-merged
n,present#n#01,present#n#02,not-merged
n,present#n#01,present#n#03,not-merged
n,present#n#02,present#n#03,not-merged
v,replace#v#01,replace#v#04,not-merged
n,church#n#01,church#n#02,not-merged
v,visit#v#03,visit#v#01,not-merged
n,channel#n#07,channel#n#01,merged
n,channel#n#07,channel#n#04,not-merged
n,channel#n#07,channel#n#05,not-merged
n,channel#n#01,channel#n#04,not-merged
n,channel#n#01,channel#n#05,not-merged
n,channel#n#04,channel#n#05,not-merged
n,hearth#n#03,hearth#n#02,not-merged
v,keep#v#01,keep#v#03,not-merged
v,keep#v#01,keep#v#21,not-merged
v,keep#v#01,keep#v#15,not-merged
v,keep#v#01,keep#v#07,not-merged
v,keep#v#01,keep#v#16,not-merged
v,keep#v#01,keep#v#09,not-merged
v,keep#v#01,keep#v#12,not-merged
v,keep#v#01,keep#v#19,not-merged
v,keep#v#01,keep#v#18,not-merged
v,keep#v#01,keep#v#20,not-merged
v,keep#v#01,keep#v#08,not-merged
v,keep#v#03,keep#v#21,not-merged
v,keep#v#03,keep#v#15,not-merged
v,keep#v#03,keep#v#07,not-merged
v,keep#v#03,keep#v#16,not-merged
v,keep#v#03,keep#v#09,not-merged
v,keep#v#03,keep#v#12,not-merged
v,keep#v#03,keep#v#19,not-merged
v,keep#v#03,keep#v#18,not-merged
v,keep#v#03,keep#v#20,not-merged
v,keep#v#03,keep#v#08,not-merged
v,keep#v#21,keep#v#15,not-merged
v,keep#v#21,keep#v#07,not-merged
v,keep#v#21,keep#v#16,not-merged
v,keep#v#21,keep#v#09,not-merged
v,keep#v#21,keep#v#12,not-merged
v,keep#v#21,keep#v#19,not-merged
v,keep#v#21,keep#v#18,not-merged
v,keep#v#21,keep#v#20,not-merged
v,keep#v#21,keep#v#08,not-merged
v,keep#v#15,keep#v#07,merged
v,keep#v#15,keep#v#16,merged
v,keep#v#15,keep#v#09,not-merged
v,keep#v#15,keep#v#12,not-merged
v,keep#v#15,keep#v#19,not-merged
v,keep#v#15,keep#v#18,not-merged
v,keep#v#15,keep#v#20,not-merged
v,keep#v#15,keep#v#08,not-merged
v,keep#v#07,keep#v#16,merged
v,keep#v#07,keep#v#09,not-merged
v,keep#v#07,keep#v#12,not-merged
v,keep#v#07,keep#v#19,not-merged
v,keep#v#07,keep#v#18,not-merged
v,keep#v#07,keep#v#20,not-merged
v,keep#v#07,keep#v#08,not-merged
v,keep#v#16,keep#v#09,not-merged
v,keep#v#16,keep#v#12,not-merged
v,keep#v#16,keep#v#19,not-merged
v,keep#v#16,keep#v#18,not-merged
v,keep#v#16,keep#v#20,not-merged
v,keep#v#16,keep#v#08,not-merged
v,keep#v#09,keep#v#12,not-merged
v,keep#v#09,keep#v#19,not-merged
v,keep#v#09,keep#v#18,not-merged
v,keep#v#09,keep#v#20,not-merged
v,keep#v#09,keep#v#08,not-merged
v,keep#v#12,keep#v#19,not-merged
v,keep#v#12,keep#v#18,not-merged
v,keep#v#12,keep#v#20,not-merged
v,keep#v#12,keep#v#08,not-merged
v,keep#v#19,keep#v#18,merged
v,keep#v#19,keep#v#20,merged
v,keep#v#19,keep#v#08,not-merged
v,keep#v#18,keep#v#20,merged
v,keep#v#18,keep#v#08,not-merged
v,keep#v#20,keep#v#08,not-merged
v,wash#v#02,wash#v#01,merged
v,wash#v#02,wash#v#03,merged
v,wash#v#02,wash#v#05,merged
v,wash#v#02,wash#v#12,merged
v,wash#v#02,wash#v#10,not-merged
v,wash#v#02,wash#v#04,not-merged
v,wash#v#02,wash#v#09,not-merged
v,wash#v#02,wash#v#07,not-merged
v,wash#v#02,wash#v#06,not-merged
v,wash#v#02,wash#v#08,not-merged
v,wash#v#01,wash#v#03,merged
v,wash#v#01,wash#v#05,merged
v,wash#v#01,wash#v#12,merged
v,wash#v#01,wash#v#10,not-merged
v,wash#v#01,wash#v#04,not-merged
v,wash#v#01,wash#v#09,not-merged
v,wash#v#01,wash#v#07,not-merged
v,wash#v#01,wash#v#06,not-merged
v,wash#v#01,wash#v#08,not-merged
v,wash#v#03,wash#v#05,merged
v,wash#v#03,wash#v#12,merged
v,wash#v#03,wash#v#10,not-merged
v,wash#v#03,wash#v#04,not-merged
v,wash#v#03,wash#v#09,not-merged
v,wash#v#03,wash#v#07,not-merged
v,wash#v#03,wash#v#06,not-merged
v,wash#v#03,wash#v#08,not-merged
v,wash#v#05,wash#v#12,merged
v,wash#v#05,wash#v#10,not-merged
v,wash#v#05,wash#v#04,not-merged
v,wash#v#05,wash#v#09,not-merged
v,wash#v#05,wash#v#07,not-merged
v,wash#v#05,wash#v#06,not-merged
v,wash#v#05,wash#v#08,not-merged
v,wash#v#12,wash#v#10,not-merged
v,wash#v#12,wash#v#04,not-merged
v,wash#v#12,wash#v#09,not-merged
v,wash#v#12,wash#v#07,not-merged
v,wash#v#12,wash#v#06,not-merged
v,wash#v#12,wash#v#08,not-merged
v,wash#v#10,wash#v#04,merged
v,wash#v#10,wash#v#09,not-merged
v,wash#v#10,wash#v#07,not-merged
v,wash#v#10,wash#v#06,not-merged
v,wash#v#10,wash#v#08,not-merged
v,wash#v#04,wash#v#09,not-merged
v,wash#v#04,wash#v#07,not-merged
v,wash#v#04,wash#v#06,not-merged
v,wash#v#04,wash#v#08,not-merged
v,wash#v#09,wash#v#07,merged
v,wash#v#09,wash#v#06,not-merged
v,wash#v#09,wash#v#08,not-merged
v,wash#v#07,wash#v#06,not-merged
v,wash#v#07,wash#v#08,not-merged
v,wash#v#06,wash#v#08,not-merged
v,turn_on#v#03,turn_on#v#04,not-merged
v,call_in#v#02,call_in#v#01,merged
v,call_in#v#02,call_in#v#04,not-merged
v,call_in#v#02,call_in#v#05,not-merged
v,call_in#v#01,call_in#v#04,not-merged
v,call_in#v#01,call_in#v#05,not-merged
v,call_in#v#04,call_in#v#05,not-merged
v,determine#v#01,determine#v#08,not-merged
v,drift#v#07,drift#v#09,not-merged
v,drift#v#07,drift#v#04,not-merged
v,drift#v#07,drift#v#06,not-merged
v,drift#v#07,drift#v#08,not-merged
v,drift#v#07,drift#v#10,not-merged
v,drift#v#09,drift#v#04,merged
v,drift#v#09,drift#v#06,not-merged
v,drift#v#09,drift#v#08,not-merged
v,drift#v#09,drift#v#10,not-merged
v,drift#v#04,drift#v#06,not-merged
v,drift#v#04,drift#v#08,not-merged
v,drift#v#04,drift#v#10,not-merged
v,drift#v#06,drift#v#08,not-merged
v,drift#v#06,drift#v#10,not-merged
v,drift#v#08,drift#v#10,not-merged
v,train#v#01,train#v#08,not-merged
v,train#v#01,train#v#02,not-merged
v,train#v#01,train#v#09,not-merged
v,train#v#01,train#v#10,not-merged
v,train#v#08,train#v#02,merged
v,train#v#08,train#v#09,not-merged
v,train#v#08,train#v#10,not-merged
v,train#v#02,train#v#09,not-merged
v,train#v#02,train#v#10,not-merged
v,train#v#09,train#v#10,not-merged
v,keep_up#v#01,keep_up#v#04,not-merged
v,keep_up#v#01,keep_up#v#05,not-merged
v,keep_up#v#04,keep_up#v#05,not-merged
a,material#a#02,material#a#03,not-merged
n,day#n#08,day#n#01,merged
n,day#n#08,day#n#05,not-merged
n,day#n#08,day#n#03,not-merged
n,day#n#08,day#n#07,not-merged
n,day#n#08,day#n#06,not-merged
n,day#n#08,day#n#02,not-merged
n,day#n#08,day#n#04,not-merged
n,day#n#08,day#n#10,not-merged
n,day#n#01,day#n#05,not-merged
n,day#n#01,day#n#03,not-merged
n,day#n#01,day#n#07,not-merged
n,day#n#01,day#n#06,not-merged
n,day#n#01,day#n#02,not-merged
n,day#n#01,day#n#04,not-merged
n,day#n#01,day#n#10,not-merged
n,day#n#05,day#n#03,merged
n,day#n#05,day#n#07,not-merged
n,day#n#05,day#n#06,not-merged
n,day#n#05,day#n#02,not-merged
n,day#n#05,day#n#04,not-merged
n,day#n#05,day#n#10,not-merged
n,day#n#03,day#n#07,not-merged
n,day#n#03,day#n#06,not-merged
n,day#n#03,day#n#02,not-merged
n,day#n#03,day#n#04,not-merged
n,day#n#03,day#n#10,not-merged
n,day#n#07,day#n#06,merged
n,day#n#07,day#n#02,not-merged
n,day#n#07,day#n#04,not-merged
n,day#n#07,day#n#10,not-merged
n,day#n#06,day#n#02,not-merged
n,day#n#06,day#n#04,not-merged
n,day#n#06,day#n#10,not-merged
n,day#n#02,day#n#04,not-merged
n,day#n#02,day#n#10,not-merged
n,day#n#04,day#n#10,not-merged
n,lap#n#05,lap#n#01,not-merged
n,lap#n#05,lap#n#02,not-merged
n,lap#n#05,lap#n#03,not-merged
n,lap#n#05,lap#n#04,not-merged
n,lap#n#01,lap#n#02,not-merged
n,lap#n#01,lap#n#03,not-merged
n,lap#n#01,lap#n#04,not-merged
n,lap#n#02,lap#n#03,not-merged
n,lap#n#02,lap#n#04,not-merged
n,lap#n#03,lap#n#04,not-merged
n,fatigue#n#03,fatigue#n#01,merged
n,fatigue#n#03,fatigue#n#02,not-merged
n,fatigue#n#01,fatigue#n#02,not-merged
v,find#v#03,find#v#10,merged
v,find#v#03,find#v#05,not-merged
v,find#v#03,find#v#13,not-merged
v,find#v#03,find#v#01,not-merged
v,find#v#03,find#v#15,not-merged
v,find#v#10,find#v#05,not-merged
v,find#v#10,find#v#13,not-merged
v,find#v#10,find#v#01,not-merged
v,find#v#10,find#v#15,not-merged
v,find#v#05,find#v#13,not-merged
v,find#v#05,find#v#01,not-merged
v,find#v#05,find#v#15,not-merged
v,find#v#13,find#v#01,not-merged
v,find#v#13,find#v#15,not-merged
v,find#v#01,find#v#15,not-merged
v,leave#v#01,leave#v#08,merged
v,leave#v#01,leave#v#12,not-merged
v,leave#v#01,leave#v#02,not-merged
v,leave#v#01,leave#v#07,not-merged
v,leave#v#01,leave#v#03,not-merged
v,leave#v#01,leave#v#04,not-merged
v,leave#v#01,leave#v#06,not-merged
v,leave#v#01,leave#v#11,not-merged
v,leave#v#08,leave#v#12,not-merged
v,leave#v#08,leave#v#02,not-merged
v,leave#v#08,leave#v#07,not-merged
v,leave#v#08,leave#v#03,not-merged
v,leave#v#08,leave#v#04,not-merged
v,leave#v#08,leave#v#06,not-merged
v,leave#v#08,leave#v#11,not-merged
v,leave#v#12,leave#v#02,merged
v,leave#v#12,leave#v#07,not-merged
v,leave#v#12,leave#v#03,not-merged
v,leave#v#12,leave#v#04,not-merged
v,leave#v#12,leave#v#06,not-merged
v,leave#v#12,leave#v#11,not-merged
v,leave#v#02,leave#v#07,not-merged
v,leave#v#02,leave#v#03,not-merged
v,leave#v#02,leave#v#04,not-merged
v,leave#v#02,leave#v#06,not-merged
v,leave#v#02,leave#v#11,not-merged
v,leave#v#07,leave#v#03,merged
v,leave#v#07,leave#v#04,not-merged
v,leave#v#07,leave#v#06,not-merged
v,leave#v#07,leave#v#11,not-merged
v,leave#v#03,leave#v#04,not-merged
v,leave#v#03,leave#v#06,not-merged
v,leave#v#03,leave#v#11,not-merged
v,leave#v#04,leave#v#06,not-merged
v,leave#v#04,leave#v#11,not-merged
v,leave#v#06,leave#v#11,not-merged
v,call#v#03,call#v#19,merged
v,call#v#03,call#v#13,not-merged
v,call#v#03,call#v#02,not-merged
v,call#v#03,call#v#28,not-merged
v,call#v#03,call#v#07,not-merged
v,call#v#03,call#v#04,not-merged
v,call#v#03,call#v#08,not-merged
v,call#v#03,call#v#09,not-merged
v,call#v#03,call#v#12,not-merged
v,call#v#03,call#v#16,not-merged
v,call#v#03,call#v#23,not-merged
v,call#v#03,call#v#14,not-merged
v,call#v#03,call#v#10,not-merged
v,call#v#03,call#v#21,not-merged
v,call#v#03,call#v#26,not-merged
v,call#v#03,call#v#15,not-merged
v,call#v#03,call#v#27,not-merged
v,call#v#03,call#v#18,not-merged
v,call#v#03,call#v#25,not-merged
v,call#v#03,call#v#20,not-merged
v,call#v#03,call#v#11,not-merged
v,call#v#19,call#v#13,not-merged
v,call#v#19,call#v#02,not-merged
v,call#v#19,call#v#28,not-merged
v,call#v#19,call#v#07,not-merged
v,call#v#19,call#v#04,not-merged
v,call#v#19,call#v#08,not-merged
v,call#v#19,call#v#09,not-merged
v,call#v#19,call#v#12,not-merged
v,call#v#19,call#v#16,not-merged
v,call#v#19,call#v#23,not-merged
v,call#v#19,call#v#14,not-merged
v,call#v#19,call#v#10,not-merged
v,call#v#19,call#v#21,not-merged
v,call#v#19,call#v#26,not-merged
v,call#v#19,call#v#15,not-merged
v,call#v#19,call#v#27,not-merged
v,call#v#19,call#v#18,not-merged
v,call#v#19,call#v#25,not-merged
v,call#v#19,call#v#20,not-merged
v,call#v#19,call#v#11,not-merged
v,call#v#13,call#v#02,merged
v,call#v#13,call#v#28,merged
v,call#v#13,call#v#07,not-merged
v,call#v#13,call#v#04,not-merged
v,call#v#13,call#v#08,not-merged
v,call#v#13,call#v#09,not-merged
v,call#v#13,call#v#12,not-merged
v,call#v#13,call#v#16,not-merged
v,call#v#13,call#v#23,not-merged
v,call#v#13,call#v#14,not-merged
v,call#v#13,call#v#10,not-merged
v,call#v#13,call#v#21,not-merged
v,call#v#13,call#v#26,not-merged
v,call#v#13,call#v#15,not-merged
v,call#v#13,call#v#27,not-merged
v,call#v#13,call#v#18,not-merged
v,call#v#13,call#v#25,not-merged
v,call#v#13,call#v#20,not-merged
v,call#v#13,call#v#11,not-merged
v,call#v#02,call#v#28,merged
v,call#v#02,call#v#07,not-merged
v,call#v#02,call#v#04,not-merged
v,call#v#02,call#v#08,not-merged
v,call#v#02,call#v#09,not-merged
v,call#v#02,call#v#12,not-merged
v,call#v#02,call#v#16,not-merged
v,call#v#02,call#v#23,not-merged
v,call#v#02,call#v#14,not-merged
v,call#v#02,call#v#10,not-merged
v,call#v#02,call#v#21,not-merged
v,call#v#02,call#v#26,not-merged
v,call#v#02,call#v#15,not-merged
v,call#v#02,call#v#27,not-merged
v,call#v#02,call#v#18,not-merged
v,call#v#02,call#v#25,not-merged
v,call#v#02,call#v#20,not-merged
v,call#v#02,call#v#11,not-merged
v,call#v#28,call#v#07,not-merged
v,call#v#28,call#v#04,not-merged
v,call#v#28,call#v#08,not-merged
v,call#v#28,call#v#09,not-merged
v,call#v#28,call#v#12,not-merged
v,call#v#28,call#v#16,not-merged
v,call#v#28,call#v#23,not-merged
v,call#v#28,call#v#14,not-merged
v,call#v#28,call#v#10,not-merged
v,call#v#28,call#v#21,not-merged
v,call#v#28,call#v#26,not-merged
v,call#v#28,call#v#15,not-merged
v,call#v#28,call#v#27,not-merged
v,call#v#28,call#v#18,not-merged
v,call#v#28,call#v#25,not-merged
v,call#v#28,call#v#20,not-merged
v,call#v#28,call#v#11,not-merged
v,call#v#07,call#v#04,merged
v,call#v#07,call#v#08,merged
v,call#v#07,call#v#09,merged
v,call#v#07,call#v#12,not-merged
v,call#v#07,call#v#16,not-merged
v,call#v#07,call#v#23,not-merged
v,call#v#07,call#v#14,not-merged
v,call#v#07,call#v#10,not-merged
v,call#v#07,call#v#21,not-merged
v,call#v#07,call#v#26,not-merged
v,call#v#07,call#v#15,not-merged
v,call#v#07,call#v#27,not-merged
v,call#v#07,call#v#18,not-merged
v,call#v#07,call#v#25,not-merged
v,call#v#07,call#v#20,not-merged
v,call#v#07,call#v#11,not-merged
v,call#v#04,call#v#08,merged
v,call#v#04,call#v#09,merged
v,call#v#04,call#v#12,not-merged
v,call#v#04,call#v#16,not-merged
v,call#v#04,call#v#23,not-merged
v,call#v#04,call#v#14,not-merged
v,call#v#04,call#v#10,not-merged
v,call#v#04,call#v#21,not-merged
v,call#v#04,call#v#26,not-merged
v,call#v#04,call#v#15,not-merged
v,call#v#04,call#v#27,not-merged
v,call#v#04,call#v#18,not-merged
v,call#v#04,call#v#25,not-merged
v,call#v#04,call#v#20,not-merged
v,call#v#04,call#v#11,not-merged
v,call#v#08,call#v#09,merged
v,call#v#08,call#v#12,not-merged
v,call#v#08,call#v#16,not-merged
v,call#v#08,call#v#23,not-merged
v,call#v#08,call#v#14,not-merged
v,call#v#08,call#v#10,not-merged
v,call#v#08,call#v#21,not-merged
v,call#v#08,call#v#26,not-merged
v,call#v#08,call#v#15,not-merged
v,call#v#08,call#v#27,not-merged
v,call#v#08,call#v#18,not-merged
v,call#v#08,call#v#25,not-merged
v,call#v#08,call#v#20,not-merged
v,call#v#08,call#v#11,not-merged
v,call#v#09,call#v#12,not-merged
v,call#v#09,call#v#16,not-merged
v,call#v#09,call#v#23,not-merged
v,call#v#09,call#v#14,not-merged
v,call#v#09,call#v#10,not-merged
v,call#v#09,call#v#21,not-merged
v,call#v#09,call#v#26,not-merged
v,call#v#09,call#v#15,not-merged
v,call#v#09,call#v#27,not-merged
v,call#v#09,call#v#18,not-merged
v,call#v#09,call#v#25,not-merged
v,call#v#09,call#v#20,not-merged
v,call#v#09,call#v#11,not-merged
v,call#v#12,call#v#16,merged
v,call#v#12,call#v#23,not-merged
v,call#v#12,call#v#14,not-merged
v,call#v#12,call#v#10,not-merged
v,call#v#12,call#v#21,not-merged
v,call#v#12,call#v#26,not-merged
v,call#v#12,call#v#15,not-merged
v,call#v#12,call#v#27,not-merged
v,call#v#12,call#v#18,not-merged
v,call#v#12,call#v#25,not-merged
v,call#v#12,call#v#20,not-merged
v,call#v#12,call#v#11,not-merged
v,call#v#16,call#v#23,not-merged
v,call#v#16,call#v#14,not-merged
v,call#v#16,call#v#10,not-merged
v,call#v#16,call#v#21,not-merged
v,call#v#16,call#v#26,not-merged
v,call#v#16,call#v#15,not-merged
v,call#v#16,call#v#27,not-merged
v,call#v#16,call#v#18,not-merged
v,call#v#16,call#v#25,not-merged
v,call#v#16,call#v#20,not-merged
v,call#v#16,call#v#11,not-merged
v,call#v#23,call#v#14,not-merged
v,call#v#23,call#v#10,not-merged
v,call#v#23,call#v#21,not-merged
v,call#v#23,call#v#26,not-merged
v,call#v#23,call#v#15,not-merged
v,call#v#23,call#v#27,not-merged
v,call#v#23,call#v#18,not-merged
v,call#v#23,call#v#25,not-merged
v,call#v#23,call#v#20,not-merged
v,call#v#23,call#v#11,not-merged
v,call#v#14,call#v#10,merged
v,call#v#14,call#v#21,merged
v,call#v#14,call#v#26,not-merged
v,call#v#14,call#v#15,not-merged
v,call#v#14,call#v#27,not-merged
v,call#v#14,call#v#18,not-merged
v,call#v#14,call#v#25,not-merged
v,call#v#14,call#v#20,not-merged
v,call#v#14,call#v#11,not-merged
v,call#v#10,call#v#21,merged
v,call#v#10,call#v#26,not-merged
v,call#v#10,call#v#15,not-merged
v,call#v#10,call#v#27,not-merged
v,call#v#10,call#v#18,not-merged
v,call#v#10,call#v#25,not-merged
v,call#v#10,call#v#20,not-merged
v,call#v#10,call#v#11,not-merged
v,call#v#21,call#v#26,not-merged
v,call#v#21,call#v#15,not-merged
v,call#v#21,call#v#27,not-merged
v,call#v#21,call#v#18,not-merged
v,call#v#21,call#v#25,not-merged
v,call#v#21,call#v#20,not-merged
v,call#v#21,call#v#11,not-merged
v,call#v#26,call#v#15,merged
v,call#v#26,call#v#27,not-merged
v,call#v#26,call#v#18,not-merged
v,call#v#26,call#v#25,not-merged
v,call#v#26,call#v#20,not-merged
v,call#v#26,call#v#11,not-merged
v,call#v#15,call#v#27,not-merged
v,call#v#15,call#v#18,not-merged
v,call#v#15,call#v#25,not-merged
v,call#v#15,call#v#20,not-merged
v,call#v#15,call#v#11,not-merged
v,call#v#27,call#v#18,merged
v,call#v#27,call#v#25,not-merged
v,call#v#27,call#v#20,not-merged
v,call#v#27,call#v#11,not-merged
v,call#v#18,call#v#25,not-merged
v,call#v#18,call#v#20,not-merged
v,call#v#18,call#v#11,not-merged
v,call#v#25,call#v#20,merged
v,call#v#25,call#v#11,not-merged
v,call#v#20,call#v#11,not-merged
n,attack#n#01,attack#n#04,merged
n,attack#n#01,attack#n#05,merged
n,attack#n#01,attack#n#06,not-merged
n,attack#n#01,attack#n#02,not-merged
n,attack#n#01,attack#n#08,not-merged
n,attack#n#04,attack#n#05,merged
n,attack#n#04,attack#n#06,not-merged
n,attack#n#04,attack#n#02,not-merged
n,attack#n#04,attack#n#08,not-merged
n,attack#n#05,attack#n#06,not-merged
n,attack#n#05,attack#n#02,not-merged
n,attack#n#05,attack#n#08,not-merged
n,attack#n#06,attack#n#02,merged
n,attack#n#06,attack#n#08,not-merged
n,attack#n#02,attack#n#08,not-merged
n,occupation#n#03,occupation#n#01,merged
n,occupation#n#03,occupation#n#04,not-merged
n,occupation#n#03,occupation#n#02,not-merged
n,occupation#n#01,occupation#n#04,not-merged
n,occupation#n#01,occupation#n#02,not-merged
n,occupation#n#04,occupation#n#02,merged
v,turn_out#v#02,turn_out#v#04,merged
v,turn_out#v#02,turn_out#v#03,not-merged
v,turn_out#v#02,turn_out#v#05,not-merged
v,turn_out#v#02,turn_out#v#08,not-merged
v,turn_out#v#04,turn_out#v#03,not-merged
v,turn_out#v#04,turn_out#v#05,not-merged
v,turn_out#v#04,turn_out#v#08,not-merged
v,turn_out#v#03,turn_out#v#05,not-merged
v,turn_out#v#03,turn_out#v#08,not-merged
v,turn_out#v#05,turn_out#v#08,not-merged
n,water#n#01,water#n#04,merged
v,treat#v#08,treat#v#01,merged
v,treat#v#08,treat#v#05,not-merged
v,treat#v#08,treat#v#03,not-merged
v,treat#v#08,treat#v#07,not-merged
v,treat#v#01,treat#v#05,not-merged
v,treat#v#01,treat#v#03,not-merged
v,treat#v#01,treat#v#07,not-merged
v,treat#v#05,treat#v#03,not-merged
v,treat#v#05,treat#v#07,not-merged
v,treat#v#03,treat#v#07,not-merged
v,exercise#v#03,exercise#v#04,merged
n,bar#n#02,bar#n#13,merged
n,bar#n#02,bar#n#05,not-merged
n,bar#n#02,bar#n#03,not-merged
n,bar#n#02,bar#n#07,not-merged
n,bar#n#02,bar#n#08,not-merged
n,bar#n#02,bar#n#12,not-merged
n,bar#n#13,bar#n#05,not-merged
n,bar#n#13,bar#n#03,not-merged
n,bar#n#13,bar#n#07,not-merged
n,bar#n#13,bar#n#08,not-merged
n,bar#n#13,bar#n#12,not-merged
n,bar#n#05,bar#n#03,merged
n,bar#n#05,bar#n#07,not-merged
n,bar#n#05,bar#n#08,not-merged
n,bar#n#05,bar#n#12,not-merged
n,bar#n#03,bar#n#07,not-merged
n,bar#n#03,bar#n#08,not-merged
n,bar#n#03,bar#n#12,not-merged
n,bar#n#07,bar#n#08,not-merged
n,bar#n#07,bar#n#12,not-merged
n,bar#n#08,bar#n#12,not-merged
v,work#v#02,work#v#01,merged
v,work#v#02,work#v#08,merged
v,work#v#02,work#v#12,merged
v,work#v#02,work#v#03,not-merged
v,work#v#02,work#v#16,not-merged
v,work#v#02,work#v#17,not-merged
v,work#v#02,work#v#14,not-merged
v,work#v#02,work#v#05,not-merged
v,work#v#02,work#v#09,not-merged
v,work#v#02,work#v#21,not-merged
v,work#v#02,work#v#18,not-merged
v,work#v#02,work#v#19,not-merged
v,work#v#02,work#v#10,not-merged
v,work#v#02,work#v#27,not-merged
v,work#v#01,work#v#08,merged
v,work#v#01,work#v#12,merged
v,work#v#01,work#v#03,not-merged
v,work#v#01,work#v#16,not-merged
v,work#v#01,work#v#17,not-merged
v,work#v#01,work#v#14,not-merged
v,work#v#01,work#v#05,not-merged
v,work#v#01,work#v#09,not-merged
v,work#v#01,work#v#21,not-merged
v,work#v#01,work#v#18,not-merged
v,work#v#01,work#v#19,not-merged
v,work#v#01,work#v#10,not-merged
v,work#v#01,work#v#27,not-merged
v,work#v#08,work#v#12,merged
v,work#v#08,work#v#03,not-merged
v,work#v#08,work#v#16,not-merged
v,work#v#08,work#v#17,not-merged
v,work#v#08,work#v#14,not-merged
v,work#v#08,work#v#05,not-merged
v,work#v#08,work#v#09,not-merged
v,work#v#08,work#v#21,not-merged
v,work#v#08,work#v#18,not-merged
v,work#v#08,work#v#19,not-merged
v,work#v#08,work#v#10,not-merged
v,work#v#08,work#v#27,not-merged
v,work#v#12,work#v#03,not-merged
v,work#v#12,work#v#16,not-merged
v,work#v#12,work#v#17,not-merged
v,work#v#12,work#v#14,not-merged
v,work#v#12,work#v#05,not-merged
v,work#v#12,work#v#09,not-merged
v,work#v#12,work#v#21,not-merged
v,work#v#12,work#v#18,not-merged
v,work#v#12,work#v#19,not-merged
v,work#v#12,work#v#10,not-merged
v,work#v#12,work#v#27,not-merged
v,work#v#03,work#v#16,not-merged
v,work#v#03,work#v#17,not-merged
v,work#v#03,work#v#14,not-merged
v,work#v#03,work#v#05,not-merged
v,work#v#03,work#v#09,not-merged
v,work#v#03,work#v#21,not-merged
v,work#v#03,work#v#18,not-merged
v,work#v#03,work#v#19,not-merged
v,work#v#03,work#v#10,not-merged
v,work#v#03,work#v#27,not-merged
v,work#v#16,work#v#17,merged
v,work#v#16,work#v#14,not-merged
v,work#v#16,work#v#05,not-merged
v,work#v#16,work#v#09,not-merged
v,work#v#16,work#v#21,not-merged
v,work#v#16,work#v#18,not-merged
v,work#v#16,work#v#19,not-merged
v,work#v#16,work#v#10,not-merged
v,work#v#16,work#v#27,not-merged
v,work#v#17,work#v#14,not-merged
v,work#v#17,work#v#05,not-merged
v,work#v#17,work#v#09,not-merged
v,work#v#17,work#v#21,not-merged
v,work#v#17,work#v#18,not-merged
v,work#v#17,work#v#19,not-merged
v,work#v#17,work#v#10,not-merged
v,work#v#17,work#v#27,not-merged
v,work#v#14,work#v#05,merged
v,work#v#14,work#v#09,not-merged
v,work#v#14,work#v#21,not-merged
v,work#v#14,work#v#18,not-merged
v,work#v#14,work#v#19,not-merged
v,work#v#14,work#v#10,not-merged
v,work#v#14,work#v#27,not-merged
v,work#v#05,work#v#09,not-merged
v,work#v#05,work#v#21,not-merged
v,work#v#05,work#v#18,not-merged
v,work#v#05,work#v#19,not-merged
v,work#v#05,work#v#10,not-merged
v,work#v#05,work#v#27,not-merged
v,work#v#09,work#v#21,merged
v,work#v#09,work#v#18,not-merged
v,work#v#09,work#v#19,not-merged
v,work#v#09,work#v#10,not-merged
v,work#v#09,work#v#27,not-merged
v,work#v#21,work#v#18,not-merged
v,work#v#21,work#v#19,not-merged
v,work#v#21,work#v#10,not-merged
v,work#v#21,work#v#27,not-merged
v,work#v#18,work#v#19,merged
v,work#v#18,work#v#10,not-merged
v,work#v#18,work#v#27,not-merged
v,work#v#19,work#v#10,not-merged
v,work#v#19,work#v#27,not-merged
v,work#v#10,work#v#27,not-merged
n,facility#n#04,facility#n#01,merged
n,facility#n#04,facility#n#05,merged
n,facility#n#04,facility#n#03,not-merged
n,facility#n#01,facility#n#05,merged
n,facility#n#01,facility#n#03,not-merged
n,facility#n#05,facility#n#03,not-merged
v,work_out#v#05,work_out#v#02,not-merged
v,hold#v#08,hold#v#19,not-merged
n,circuit#n#03,circuit#n#01,not-merged
n,circuit#n#03,circuit#n#04,not-merged
n,circuit#n#01,circuit#n#04,not-merged
v,face#v#04,face#v#07,not-merged
v,face#v#04,face#v#05,not-merged
v,face#v#04,face#v#09,not-merged
v,face#v#04,face#v#08,not-merged
v,face#v#07,face#v#05,merged
v,face#v#07,face#v#09,not-merged
v,face#v#07,face#v#08,not-merged
v,face#v#05,face#v#09,not-merged
v,face#v#05,face#v#08,not-merged
v,face#v#09,face#v#08,merged
n,post#n#01,post#n#06,not-merged
n,post#n#01,post#n#04,not-merged
n,post#n#01,post#n#08,not-merged
n,post#n#06,post#n#04,merged
n,post#n#06,post#n#08,not-merged
n,post#n#04,post#n#08,not-merged
v,dress#v#02,dress#v#01,merged
v,dress#v#02,dress#v#04,merged
v,dress#v#02,dress#v#06,not-merged
v,dress#v#02,dress#v#10,not-merged
v,dress#v#02,dress#v#09,not-merged
v,dress#v#02,dress#v#14,not-merged
v,dress#v#02,dress#v#15,not-merged
v,dress#v#02,dress#v#03,not-merged
v,dress#v#02,dress#v#07,not-merged
v,dress#v#02,dress#v#12,not-merged
v,dress#v#02,dress#v#13,not-merged
v,dress#v#01,dress#v#04,merged
v,dress#v#01,dress#v#06,not-merged
v,dress#v#01,dress#v#10,not-merged
v,dress#v#01,dress#v#09,not-merged
v,dress#v#01,dress#v#14,not-merged
v,dress#v#01,dress#v#15,not-merged
v,dress#v#01,dress#v#03,not-merged
v,dress#v#01,dress#v#07,not-merged
v,dress#v#01,dress#v#12,not-merged
v,dress#v#01,dress#v#13,not-merged
v,dress#v#04,dress#v#06,not-merged
v,dress#v#04,dress#v#10,not-merged
v,dress#v#04,dress#v#09,not-merged
v,dress#v#04,dress#v#14,not-merged
v,dress#v#04,dress#v#15,not-merged
v,dress#v#04,dress#v#03,not-merged
v,dress#v#04,dress#v#07,not-merged
v,dress#v#04,dress#v#12,not-merged
v,dress#v#04,dress#v#13,not-merged
v,dress#v#06,dress#v#10,merged
v,dress#v#06,dress#v#09,not-merged
v,dress#v#06,dress#v#14,not-merged
v,dress#v#06,dress#v#15,not-merged
v,dress#v#06,dress#v#03,not-merged
v,dress#v#06,dress#v#07,not-merged
v,dress#v#06,dress#v#12,not-merged
v,dress#v#06,dress#v#13,not-merged
v,dress#v#10,dress#v#09,not-merged
v,dress#v#10,dress#v#14,not-merged
v,dress#v#10,dress#v#15,not-merged
v,dress#v#10,dress#v#03,not-merged
v,dress#v#10,dress#v#07,not-merged
v,dress#v#10,dress#v#12,not-merged
v,dress#v#10,dress#v#13,not-merged
v,dress#v#09,dress#v#14,merged
v,dress#v#09,dress#v#15,merged
v,dress#v#09,dress#v#03,not-merged
v,dress#v#09,dress#v#07,not-merged
v,dress#v#09,dress#v#12,not-merged
v,dress#v#09,dress#v#13,not-merged
v,dress#v#14,dress#v#15,merged
v,dress#v#14,dress#v#03,not-merged
v,dress#v#14,dress#v#07,not-merged
v,dress#v#14,dress#v#12,not-merged
v,dress#v#14,dress#v#13,not-merged
v,dress#v#15,dress#v#03,not-merged
v,dress#v#15,dress#v#07,not-merged
v,dress#v#15,dress#v#12,not-merged
v,dress#v#15,dress#v#13,not-merged
v,dress#v#03,dress#v#07,not-merged
v,dress#v#03,dress#v#12,not-merged
v,dress#v#03,dress#v#13,not-merged
v,dress#v#07,dress#v#12,not-merged
v,dress#v#07,dress#v#13,not-merged
v,dress#v#12,dress#v#13,not-merged
n,material#n#01,material#n#03,not-merged
n,material#n#01,material#n#02,not-merged
n,material#n#01,material#n#05,not-merged
n,material#n#03,material#n#02,merged
n,material#n#03,material#n#05,not-merged
n,material#n#02,material#n#05,not-merged
v,overturn#v#01,overturn#v#02,merged
v,turn#v#04,turn#v#01,merged
v,turn#v#04,turn#v#08,merged
v,turn#v#04,turn#v#20,merged
v,turn#v#04,turn#v#05,not-merged
v,turn#v#04,turn#v#12,not-merged
v,turn#v#04,turn#v#13,not-merged
v,turn#v#04,turn#v#18,not-merged
v,turn#v#04,turn#v#16,not-merged
v,turn#v#04,turn#v#24,not-merged
v,turn#v#04,turn#v#21,not-merged
v,turn#v#04,turn#v#06,not-merged
v,turn#v#04,turn#v#07,not-merged
v,turn#v#04,turn#v#09,not-merged
v,turn#v#04,turn#v#14,not-merged
v,turn#v#04,turn#v#19,not-merged
v,turn#v#04,turn#v#23,not-merged
v,turn#v#04,turn#v#26,not-merged
v,turn#v#01,turn#v#08,merged
v,turn#v#01,turn#v#20,merged
v,turn#v#01,turn#v#05,not-merged
v,turn#v#01,turn#v#12,not-merged
v,turn#v#01,turn#v#13,not-merged
v,turn#v#01,turn#v#18,not-merged
v,turn#v#01,turn#v#16,not-merged
v,turn#v#01,turn#v#24,not-merged
v,turn#v#01,turn#v#21,not-merged
v,turn#v#01,turn#v#06,not-merged
v,turn#v#01,turn#v#07,not-merged
v,turn#v#01,turn#v#09,not-merged
v,turn#v#01,turn#v#14,not-merged
v,turn#v#01,turn#v#19,not-merged
v,turn#v#01,turn#v#23,not-merged
v,turn#v#01,turn#v#26,not-merged
v,turn#v#08,turn#v#20,merged
v,turn#v#08,turn#v#05,not-merged
v,turn#v#08,turn#v#12,not-merged
v,turn#v#08,turn#v#13,not-merged
v,turn#v#08,turn#v#18,not-merged
v,turn#v#08,turn#v#16,not-merged
v,turn#v#08,turn#v#24,not-merged
v,turn#v#08,turn#v#21,not-merged
v,turn#v#08,turn#v#06,not-merged
v,turn#v#08,turn#v#07,not-merged
v,turn#v#08,turn#v#09,not-merged
v,turn#v#08,turn#v#14,not-merged
v,turn#v#08,turn#v#19,not-merged
v,turn#v#08,turn#v#23,not-merged
v,turn#v#08,turn#v#26,not-merged
v,turn#v#20,turn#v#05,not-merged
v,turn#v#20,turn#v#12,not-merged
v,turn#v#20,turn#v#13,not-merged
v,turn#v#20,turn#v#18,not-merged
v,turn#v#20,turn#v#16,not-merged
v,turn#v#20,turn#v#24,not-merged
v,turn#v#20,turn#v#21,not-merged
v,turn#v#20,turn#v#06,not-merged
v,turn#v#20,turn#v#07,not-merged
v,turn#v#20,turn#v#09,not-merged
v,turn#v#20,turn#v#14,not-merged
v,turn#v#20,turn#v#19,not-merged
v,turn#v#20,turn#v#23,not-merged
v,turn#v#20,turn#v#26,not-merged
v,turn#v#05,turn#v#12,merged
v,turn#v#05,turn#v#13,merged
v,turn#v#05,turn#v#18,not-merged
v,turn#v#05,turn#v#16,not-merged
v,turn#v#05,turn#v#24,not-merged
v,turn#v#05,turn#v#21,not-merged
v,turn#v#05,turn#v#06,not-merged
v,turn#v#05,turn#v#07,not-merged
v,turn#v#05,turn#v#09,not-merged
v,turn#v#05,turn#v#14,not-merged
v,turn#v#05,turn#v#19,not-merged
v,turn#v#05,turn#v#23,not-merged
v,turn#v#05,turn#v#26,not-merged
v,turn#v#12,turn#v#13,merged
v,turn#v#12,turn#v#18,not-merged
v,turn#v#12,turn#v#16,not-merged
v,turn#v#12,turn#v#24,not-merged
v,turn#v#12,turn#v#21,not-merged
v,turn#v#12,turn#v#06,not-merged
v,turn#v#12,turn#v#07,not-merged
v,turn#v#12,turn#v#09,not-merged
v,turn#v#12,turn#v#14,not-merged
v,turn#v#12,turn#v#19,not-merged
v,turn#v#12,turn#v#23,not-merged
v,turn#v#12,turn#v#26,not-merged
v,turn#v#13,turn#v#18,not-merged
v,turn#v#13,turn#v#16,not-merged
v,turn#v#13,turn#v#24,not-merged
v,turn#v#13,turn#v#21,not-merged
v,turn#v#13,turn#v#06,not-merged
v,turn#v#13,turn#v#07,not-merged
v,turn#v#13,turn#v#09,not-merged
v,turn#v#13,turn#v#14,not-merged
v,turn#v#13,turn#v#19,not-merged
v,turn#v#13,turn#v#23,not-merged
v,turn#v#13,turn#v#26,not-merged
v,turn#v#18,turn#v#16,merged
v,turn#v#18,turn#v#24,not-merged
v,turn#v#18,turn#v#21,not-merged
v,turn#v#18,turn#v#06,not-merged
v,turn#v#18,turn#v#07,not-merged
v,turn#v#18,turn#v#09,not-merged
v,turn#v#18,turn#v#14,not-merged
v,turn#v#18,turn#v#19,not-merged
v,turn#v#18,turn#v#23,not-merged
v,turn#v#18,turn#v#26,not-merged
v,turn#v#16,turn#v#24,not-merged
v,turn#v#16,turn#v#21,not-merged
v,turn#v#16,turn#v#06,not-merged
v,turn#v#16,turn#v#07,not-merged
v,turn#v#16,turn#v#09,not-merged
v,turn#v#16,turn#v#14,not-merged
v,turn#v#16,turn#v#19,not-merged
v,turn#v#16,turn#v#23,not-merged
v,turn#v#16,turn#v#26,not-merged
v,turn#v#24,turn#v#21,merged
v,turn#v#24,turn#v#06,not-merged
v,turn#v#24,turn#v#07,not-merged
v,turn#v#24,turn#v#09,not-merged
v,turn#v#24,turn#v#14,not-merged
v,turn#v#24,turn#v#19,not-merged
v,turn#v#24,turn#v#23,not-merged
v,turn#v#24,turn#v#26,not-merged
v,turn#v#21,turn#v#06,not-merged
v,turn#v#21,turn#v#07,not-merged
v,turn#v#21,turn#v#09,not-merged
v,turn#v#21,turn#v#14,not-merged
v,turn#v#21,turn#v#19,not-merged
v,turn#v#21,turn#v#23,not-merged
v,turn#v#21,turn#v#26,not-merged
v,turn#v#06,turn#v#07,not-merged
v,turn#v#06,turn#v#09,not-merged
v,turn#v#06,turn#v#14,not-merged
v,turn#v#06,turn#v#19,not-merged
v,turn#v#06,turn#v#23,not-merged
v,turn#v#06,turn#v#26,not-merged
v,turn#v#07,turn#v#09,not-merged
v,turn#v#07,turn#v#14,not-merged
v,turn#v#07,turn#v#19,not-merged
v,turn#v#07,turn#v#23,not-merged
v,turn#v#07,turn#v#26,not-merged
v,turn#v#09,turn#v#14,not-merged
v,turn#v#09,turn#v#19,not-merged
v,turn#v#09,turn#v#23,not-merged
v,turn#v#09,turn#v#26,not-merged
v,turn#v#14,turn#v#19,not-merged
v,turn#v#14,turn#v#23,not-merged
v,turn#v#14,turn#v#26,not-merged
v,turn#v#19,turn#v#23,not-merged
v,turn#v#19,turn#v#26,not-merged
v,turn#v#23,turn#v#26,not-merged
v,draw_up#v#05,draw_up#v#03,merged
v,draw_up#v#05,draw_up#v#01,not-merged
v,draw_up#v#05,draw_up#v#02,not-merged
v,draw_up#v#03,draw_up#v#01,not-merged
v,draw_up#v#03,draw_up#v#02,not-merged
v,draw_up#v#01,draw_up#v#02,not-merged
v,discover#v#02,discover#v#04,merged
v,attract#v#02,attract#v#01,merged
