Unnamed: 0,Pos,Sense1,Sense2,Merge,Sense1_keys,Sense2_keys,wn_oed_feature
0,v,roll#v#12,wander#v#03,not-merged,roll%2:38:09::;wander%2:38:00::;swan%2:38:00::;stray%2:38:01::;tramp%2:38:02::;roam%2:38:00::;cast%2:38:01::;ramble%2:38:01::;rove%2:38:00::;range%2:38:00::;drift%2:38:01::;vagabond%2:38:00::;,vagabond%2:38:00::;,0.0
1,v,observe#v#08,observe#v#09,not-merged,observe%2:31:00::;keep%2:31:00::;maintain%2:31:00::;,maintain%2:31:00::;maintain%2:31:00::;,0.0
2,v,draw#v#19,draw#v#07,not-merged,draw%2:36:02::;,draw%2:36:02::;draw%2:36:02::;,1.0
3,v,draw#v#19,draw#v#10,not-merged,draw%2:36:02::;,draw%2:36:02::;,1.0
4,v,draw#v#19,draw#v#05,not-merged,draw%2:36:02::;,draw%2:36:02::;draw%2:36:02::;draw%2:36:02::;draw%2:36:02::;draw%2:36:02::;,1.0
5,v,draw#v#19,draw#v#14,not-merged,draw%2:36:02::;,draw%2:36:02::;draw%2:36:02::;,1.0
6,v,draw#v#19,draw#v#16,not-merged,draw%2:36:02::;,draw%2:36:02::;,1.0
7,v,draw#v#19,draw#v#06,not-merged,draw%2:36:02::;,draw%2:36:02::;,1.0
8,v,draw#v#19,draw#v#20,not-merged,draw%2:36:02::;,draw%2:36:02::;,1.0
9,v,draw#v#19,draw#v#04,not-merged,draw%2:36:02::;,draw%2:36:02::;draw%2:36:02::;,1.0
10,v,draw#v#19,draw#v#18,not-merged,draw%2:36:02::;,draw%2:36:02::;,1.0
11,v,draw#v#19,draw#v#09,not-merged,draw%2:36:02::;,draw%2:36:02::;,1.0
12,v,draw#v#19,draw#v#31,not-merged,draw%2:36:02::;,draw%2:36:02::;,1.0
13,v,draw#v#19,draw#v#12,not-merged,draw%2:36:02::;,draw%2:36:02::;,1.0
14,v,draw#v#07,draw#v#10,not-merged,draw%2:38:00::;take_out%2:38:00::;,take_out%2:38:00::;,0.0
15,v,draw#v#07,draw#v#05,not-merged,draw%2:38:00::;take_out%2:38:00::;,take_out%2:38:00::;take_out%2:38:00::;take_out%2:38:00::;take_out%2:38:00::;take_out%2:38:00::;,0.0
16,v,draw#v#07,draw#v#14,not-merged,draw%2:38:00::;take_out%2:38:00::;,take_out%2:38:00::;take_out%2:38:00::;,0.0
17,v,draw#v#07,draw#v#16,not-merged,draw%2:38:00::;take_out%2:38:00::;,take_out%2:38:00::;,0.0
18,v,draw#v#07,draw#v#06,not-merged,draw%2:38:00::;take_out%2:38:00::;,take_out%2:38:00::;,0.0
19,v,draw#v#07,draw#v#20,not-merged,draw%2:38:00::;take_out%2:38:00::;,take_out%2:38:00::;,0.0
20,v,draw#v#07,draw#v#04,not-merged,draw%2:38:00::;take_out%2:38:00::;,take_out%2:38:00::;take_out%2:38:00::;,0.0
21,v,draw#v#07,draw#v#18,not-merged,draw%2:38:00::;take_out%2:38:00::;,take_out%2:38:00::;,0.0
22,v,draw#v#07,draw#v#09,not-merged,draw%2:38:00::;take_out%2:38:00::;,take_out%2:38:00::;,0.0
23,v,draw#v#07,draw#v#31,not-merged,draw%2:38:00::;take_out%2:38:00::;,take_out%2:38:00::;,0.0
24,v,draw#v#07,draw#v#12,not-merged,draw%2:38:00::;take_out%2:38:00::;,take_out%2:38:00::;,0.0
25,v,draw#v#10,draw#v#05,not-merged,draw%2:37:01::;,draw%2:37:01::;draw%2:37:01::;draw%2:37:01::;draw%2:37:01::;draw%2:37:01::;,1.0
26,v,draw#v#10,draw#v#06,not-merged,draw%2:37:01::;,draw%2:37:01::;,1.0
27,v,draw#v#10,draw#v#20,not-merged,draw%2:37:01::;,draw%2:37:01::;,1.0
28,v,draw#v#10,draw#v#04,not-merged,draw%2:37:01::;,draw%2:37:01::;draw%2:37:01::;,1.0
29,v,draw#v#10,draw#v#09,not-merged,draw%2:37:01::;,draw%2:37:01::;,1.0
30,v,draw#v#10,draw#v#12,not-merged,draw%2:37:01::;,draw%2:37:01::;,1.0
31,v,draw#v#05,draw#v#14,not-merged,draw%2:38:01::;pull%2:38:03::;pull_out%2:38:03::;get_out%2:38:02::;take_out%2:38:10::;,take_out%2:38:10::;take_out%2:38:10::;,0.0
32,v,draw#v#05,draw#v#16,not-merged,draw%2:38:01::;pull%2:38:03::;pull_out%2:38:03::;get_out%2:38:02::;take_out%2:38:10::;,take_out%2:38:10::;,0.0
33,v,draw#v#05,draw#v#06,not-merged,draw%2:38:01::;pull%2:38:03::;pull_out%2:38:03::;get_out%2:38:02::;take_out%2:38:10::;,take_out%2:38:10::;,0.0
34,v,draw#v#05,draw#v#20,not-merged,draw%2:38:01::;pull%2:38:03::;pull_out%2:38:03::;get_out%2:38:02::;take_out%2:38:10::;,take_out%2:38:10::;,0.0
35,v,draw#v#05,draw#v#04,not-merged,draw%2:38:01::;pull%2:38:03::;pull_out%2:38:03::;get_out%2:38:02::;take_out%2:38:10::;,take_out%2:38:10::;take_out%2:38:10::;,0.0
36,v,draw#v#05,draw#v#18,not-merged,draw%2:38:01::;pull%2:38:03::;pull_out%2:38:03::;get_out%2:38:02::;take_out%2:38:10::;,take_out%2:38:10::;,0.0
37,v,draw#v#05,draw#v#09,not-merged,draw%2:38:01::;pull%2:38:03::;pull_out%2:38:03::;get_out%2:38:02::;take_out%2:38:10::;,take_out%2:38:10::;,0.0
38,v,draw#v#05,draw#v#31,not-merged,draw%2:38:01::;pull%2:38:03::;pull_out%2:38:03::;get_out%2:38:02::;take_out%2:38:10::;,take_out%2:38:10::;,0.0
39,v,draw#v#05,draw#v#12,not-merged,draw%2:38:01::;pull%2:38:03::;pull_out%2:38:03::;get_out%2:38:02::;take_out%2:38:10::;,take_out%2:38:10::;,0.0
40,v,draw#v#14,draw#v#16,not-merged,draw%2:33:01::;cast%2:33:00::;,cast%2:33:00::;,1.0
41,v,draw#v#14,draw#v#06,not-merged,draw%2:33:01::;cast%2:33:00::;,cast%2:33:00::;,1.0
42,v,draw#v#14,draw#v#20,not-merged,draw%2:33:01::;cast%2:33:00::;,cast%2:33:00::;,1.0
43,v,draw#v#14,draw#v#04,not-merged,draw%2:33:01::;cast%2:33:00::;,cast%2:33:00::;cast%2:33:00::;,1.0
44,v,draw#v#14,draw#v#09,not-merged,draw%2:33:01::;cast%2:33:00::;,cast%2:33:00::;,1.0
45,v,draw#v#14,draw#v#31,not-merged,draw%2:33:01::;cast%2:33:00::;,cast%2:33:00::;,1.0
46,v,draw#v#14,draw#v#12,not-merged,draw%2:33:01::;cast%2:33:00::;,cast%2:33:00::;,1.0
47,v,draw#v#16,draw#v#06,not-merged,draw%2:30:14::;,draw%2:30:14::;,1.0
48,v,draw#v#16,draw#v#20,not-merged,draw%2:30:14::;,draw%2:30:14::;,1.0
49,v,draw#v#16,draw#v#04,not-merged,draw%2:30:14::;,draw%2:30:14::;draw%2:30:14::;,1.0
50,v,draw#v#16,draw#v#09,not-merged,draw%2:30:14::;,draw%2:30:14::;,1.0
51,v,draw#v#16,draw#v#12,not-merged,draw%2:30:14::;,draw%2:30:14::;,1.0
52,v,draw#v#06,draw#v#20,not-merged,draw%2:36:00::;,draw%2:36:00::;,1.0
53,v,draw#v#06,draw#v#04,not-merged,draw%2:36:00::;,draw%2:36:00::;draw%2:36:00::;,1.0
54,v,draw#v#06,draw#v#18,not-merged,draw%2:36:00::;,draw%2:36:00::;,1.0
55,v,draw#v#06,draw#v#09,not-merged,draw%2:36:00::;,draw%2:36:00::;,1.0
56,v,draw#v#06,draw#v#31,not-merged,draw%2:36:00::;,draw%2:36:00::;,1.0
57,v,draw#v#06,draw#v#12,not-merged,draw%2:36:00::;,draw%2:36:00::;,1.0
58,v,draw#v#20,draw#v#04,not-merged,draw%2:35:02::;,draw%2:35:02::;draw%2:35:02::;,1.0
59,v,draw#v#20,draw#v#09,not-merged,draw%2:35:02::;,draw%2:35:02::;,1.0
60,v,draw#v#20,draw#v#12,not-merged,draw%2:35:02::;,draw%2:35:02::;,1.0
61,v,draw#v#04,draw#v#18,not-merged,draw%2:31:00::;make%2:31:00::;,make%2:31:00::;,1.0
62,v,draw#v#04,draw#v#09,not-merged,draw%2:31:00::;make%2:31:00::;,make%2:31:00::;,1.0
63,v,draw#v#04,draw#v#31,not-merged,draw%2:31:00::;make%2:31:00::;,make%2:31:00::;,1.0
64,v,draw#v#04,draw#v#12,not-merged,draw%2:31:00::;make%2:31:00::;,make%2:31:00::;,1.0
65,v,draw#v#18,draw#v#09,not-merged,draw%2:36:07::;,draw%2:36:07::;,0.0
66,v,draw#v#18,draw#v#31,not-merged,draw%2:36:07::;,draw%2:36:07::;,0.0
67,v,draw#v#18,draw#v#12,not-merged,draw%2:36:07::;,draw%2:36:07::;,0.0
68,v,draw#v#09,draw#v#31,not-merged,draw%2:31:13::;,draw%2:31:13::;,1.0
69,v,draw#v#09,draw#v#12,not-merged,draw%2:31:13::;,draw%2:31:13::;,1.0
70,v,draw#v#31,draw#v#12,not-merged,draw%2:30:00::;,draw%2:30:00::;,0.0
71,a,natural#a#02,natural#a#01,merged,natural%3:00:02::;,natural%3:00:02::;,1.0
72,a,natural#a#02,natural#a#03,not-merged,natural%3:00:02::;,natural%3:00:02::;,1.0
73,a,natural#a#01,natural#a#03,not-merged,natural%3:00:01::;,natural%3:00:01::;,1.0
74,v,confront#v#02,confront#v#01,merged,confront%2:32:00::;face_up%2:32:03::;face%2:32:00::;,face%2:32:00::;face%2:32:00::;,1.0
75,v,confront#v#02,confront#v#03,merged,confront%2:32:00::;face_up%2:32:03::;face%2:32:00::;,face%2:32:00::;face%2:32:00::;face%2:32:00::;,1.0
76,v,confront#v#01,confront#v#03,merged,confront%2:33:00::;face%2:33:00::;,face%2:33:00::;face%2:33:00::;face%2:33:00::;,1.0
77,v,wash_down#v#01,wash_down#v#02,not-merged,wash_down%2:34:00::;,wash_down%2:34:00::;wash_down%2:34:00::;,0.0
78,n,lady#n#01,lady#n#03,not-merged,lady%1:18:02::;,lady%1:18:02::;lady%1:18:02::;lady%1:18:02::;,1.0
79,n,sense#n#01,sense#n#02,not-merged,sense%1:09:05::;,sense%1:09:05::;sense%1:09:05::;,1.0
80,n,sense#n#01,sense#n#05,not-merged,sense%1:09:05::;,sense%1:09:05::;,1.0
81,n,sense#n#01,sense#n#03,not-merged,sense%1:09:05::;,sense%1:09:05::;sense%1:09:05::;sense%1:09:05::;sense%1:09:05::;sense%1:09:05::;,1.0
82,n,sense#n#02,sense#n#05,not-merged,sense%1:10:00::;signified%1:10:00::;,signified%1:10:00::;,0.0
83,n,sense#n#02,sense#n#03,not-merged,sense%1:10:00::;signified%1:10:00::;,signified%1:10:00::;signified%1:10:00::;signified%1:10:00::;signified%1:10:00::;signified%1:10:00::;,0.0
84,n,sense#n#05,sense#n#03,not-merged,sense%1:09:06::;,sense%1:09:06::;sense%1:09:06::;sense%1:09:06::;sense%1:09:06::;sense%1:09:06::;,1.0
85,a,local#a#02,local#a#01,merged,local%3:01:01::;,local%3:01:01::;,1.0
86,v,play#v#05,play#v#22,not-merged,play%2:41:03::;,play%2:41:03::;,1.0
87,v,play#v#05,play#v#09,not-merged,play%2:41:03::;,play%2:41:03::;,1.0
88,v,play#v#05,play#v#03,not-merged,play%2:41:03::;,play%2:41:03::;,1.0
89,v,play#v#05,play#v#02,not-merged,play%2:41:03::;,play%2:41:03::;,1.0
90,v,play#v#05,play#v#31,not-merged,play%2:41:03::;,play%2:41:03::;,1.0
91,v,play#v#05,play#v#15,not-merged,play%2:41:03::;,play%2:41:03::;,1.0
92,v,play#v#05,play#v#01,not-merged,play%2:41:03::;,play%2:41:03::;,1.0
93,v,play#v#05,play#v#06,not-merged,play%2:41:03::;,play%2:41:03::;play%2:41:03::;,1.0
94,v,play#v#05,play#v#16,not-merged,play%2:41:03::;,play%2:41:03::;play%2:41:03::;,1.0
95,v,play#v#05,play#v#20,not-merged,play%2:41:03::;,play%2:41:03::;,1.0
96,v,play#v#05,play#v#29,not-merged,play%2:41:03::;,play%2:41:03::;,1.0
97,v,play#v#05,play#v#17,not-merged,play%2:41:03::;,play%2:41:03::;,1.0
98,v,play#v#05,play#v#28,not-merged,play%2:41:03::;,play%2:41:03::;,1.0
99,v,play#v#05,play#v#07,not-merged,play%2:41:03::;,play%2:41:03::;,1.0
100,v,play#v#22,play#v#09,not-merged,play%2:42:00::;,play%2:42:00::;,0.0
101,v,play#v#22,play#v#03,not-merged,play%2:42:00::;,play%2:42:00::;,0.0
102,v,play#v#22,play#v#02,not-merged,play%2:42:00::;,play%2:42:00::;,0.0
103,v,play#v#22,play#v#01,not-merged,play%2:42:00::;,play%2:42:00::;,0.0
104,v,play#v#22,play#v#06,not-merged,play%2:42:00::;,play%2:42:00::;play%2:42:00::;,0.0
105,v,play#v#22,play#v#07,not-merged,play%2:42:00::;,play%2:42:00::;,0.0
106,v,play#v#09,play#v#03,not-merged,play%2:38:00::;,play%2:38:00::;,1.0
107,v,play#v#09,play#v#02,not-merged,play%2:38:00::;,play%2:38:00::;,1.0
108,v,play#v#09,play#v#31,not-merged,play%2:38:00::;,play%2:38:00::;,1.0
109,v,play#v#09,play#v#15,not-merged,play%2:38:00::;,play%2:38:00::;,1.0
110,v,play#v#09,play#v#01,not-merged,play%2:38:00::;,play%2:38:00::;,1.0
111,v,play#v#09,play#v#06,not-merged,play%2:38:00::;,play%2:38:00::;play%2:38:00::;,1.0
112,v,play#v#09,play#v#16,not-merged,play%2:38:00::;,play%2:38:00::;play%2:38:00::;,1.0
113,v,play#v#09,play#v#20,not-merged,play%2:38:00::;,play%2:38:00::;,1.0
114,v,play#v#09,play#v#29,not-merged,play%2:38:00::;,play%2:38:00::;,1.0
115,v,play#v#09,play#v#17,not-merged,play%2:38:00::;,play%2:38:00::;,1.0
116,v,play#v#09,play#v#28,not-merged,play%2:38:00::;,play%2:38:00::;,1.0
117,v,play#v#09,play#v#07,not-merged,play%2:38:00::;,play%2:38:00::;,1.0
118,v,play#v#03,play#v#02,not-merged,play%2:36:12::;,play%2:36:12::;,1.0
119,v,play#v#03,play#v#31,not-merged,play%2:36:12::;,play%2:36:12::;,1.0
120,v,play#v#03,play#v#15,not-merged,play%2:36:12::;,play%2:36:12::;,1.0
121,v,play#v#03,play#v#01,not-merged,play%2:36:12::;,play%2:36:12::;,1.0
122,v,play#v#03,play#v#06,not-merged,play%2:36:12::;,play%2:36:12::;play%2:36:12::;,1.0
123,v,play#v#03,play#v#16,not-merged,play%2:36:12::;,play%2:36:12::;play%2:36:12::;,1.0
124,v,play#v#03,play#v#20,not-merged,play%2:36:12::;,play%2:36:12::;,1.0
125,v,play#v#03,play#v#29,not-merged,play%2:36:12::;,play%2:36:12::;,1.0
126,v,play#v#03,play#v#17,not-merged,play%2:36:12::;,play%2:36:12::;,1.0
127,v,play#v#03,play#v#28,not-merged,play%2:36:12::;,play%2:36:12::;,1.0
128,v,play#v#03,play#v#07,not-merged,play%2:36:12::;,play%2:36:12::;,1.0
129,v,play#v#02,play#v#31,not-merged,play%2:41:12::;,play%2:41:12::;,0.0
130,v,play#v#02,play#v#15,not-merged,play%2:41:12::;,play%2:41:12::;,0.0
131,v,play#v#02,play#v#01,not-merged,play%2:41:12::;,play%2:41:12::;,0.0
132,v,play#v#02,play#v#06,not-merged,play%2:41:12::;,play%2:41:12::;play%2:41:12::;,0.0
133,v,play#v#02,play#v#16,not-merged,play%2:41:12::;,play%2:41:12::;play%2:41:12::;,0.0
134,v,play#v#02,play#v#20,not-merged,play%2:41:12::;,play%2:41:12::;,0.0
135,v,play#v#02,play#v#29,not-merged,play%2:41:12::;,play%2:41:12::;,0.0
136,v,play#v#02,play#v#17,not-merged,play%2:41:12::;,play%2:41:12::;,0.0
137,v,play#v#02,play#v#28,not-merged,play%2:41:12::;,play%2:41:12::;,0.0
138,v,play#v#02,play#v#07,not-merged,play%2:41:12::;,play%2:41:12::;,0.0
139,v,play#v#31,play#v#15,not-merged,play%2:33:09::;,play%2:33:09::;,1.0
140,v,play#v#31,play#v#01,not-merged,play%2:33:09::;,play%2:33:09::;,1.0
141,v,play#v#31,play#v#06,not-merged,play%2:33:09::;,play%2:33:09::;play%2:33:09::;,1.0
142,v,play#v#31,play#v#28,not-merged,play%2:33:09::;,play%2:33:09::;,1.0
143,v,play#v#31,play#v#07,not-merged,play%2:33:09::;,play%2:33:09::;,1.0
144,v,play#v#15,play#v#01,not-merged,play%2:33:03::;,play%2:33:03::;,1.0
145,v,play#v#15,play#v#06,not-merged,play%2:33:03::;,play%2:33:03::;play%2:33:03::;,1.0
146,v,play#v#15,play#v#28,not-merged,play%2:33:03::;,play%2:33:03::;,1.0
147,v,play#v#15,play#v#07,not-merged,play%2:33:03::;,play%2:33:03::;,1.0
148,v,play#v#01,play#v#06,not-merged,play%2:33:00::;,play%2:33:00::;play%2:33:00::;,1.0
149,v,play#v#01,play#v#16,not-merged,play%2:33:00::;,play%2:33:00::;play%2:33:00::;,1.0
150,v,play#v#01,play#v#20,not-merged,play%2:33:00::;,play%2:33:00::;,1.0
151,v,play#v#01,play#v#29,not-merged,play%2:33:00::;,play%2:33:00::;,1.0
152,v,play#v#01,play#v#17,not-merged,play%2:33:00::;,play%2:33:00::;,1.0
153,v,play#v#01,play#v#28,not-merged,play%2:33:00::;,play%2:33:00::;,1.0
154,v,play#v#01,play#v#07,not-merged,play%2:33:00::;,play%2:33:00::;,1.0
155,v,play#v#06,play#v#16,not-merged,play%2:36:00::;spiel%2:36:00::;,spiel%2:36:00::;spiel%2:36:00::;,1.0
156,v,play#v#06,play#v#20,not-merged,play%2:36:00::;spiel%2:36:00::;,spiel%2:36:00::;,1.0
157,v,play#v#06,play#v#29,not-merged,play%2:36:00::;spiel%2:36:00::;,spiel%2:36:00::;,1.0
158,v,play#v#06,play#v#17,not-merged,play%2:36:00::;spiel%2:36:00::;,spiel%2:36:00::;,1.0
159,v,play#v#06,play#v#28,not-merged,play%2:36:00::;spiel%2:36:00::;,spiel%2:36:00::;,1.0
160,v,play#v#06,play#v#07,not-merged,play%2:36:00::;spiel%2:36:00::;,spiel%2:36:00::;,1.0
161,v,play#v#16,play#v#29,not-merged,play%2:29:00::;toy%2:29:00::;,toy%2:29:00::;,1.0
162,v,play#v#16,play#v#17,not-merged,play%2:29:00::;toy%2:29:00::;,toy%2:29:00::;,1.0
163,v,play#v#16,play#v#28,not-merged,play%2:29:00::;toy%2:29:00::;,toy%2:29:00::;,1.0
164,v,play#v#16,play#v#07,not-merged,play%2:29:00::;toy%2:29:00::;,toy%2:29:00::;,1.0
165,v,play#v#20,play#v#29,not-merged,play%2:34:13::;,play%2:34:13::;,1.0
166,v,play#v#20,play#v#17,not-merged,play%2:34:13::;,play%2:34:13::;,1.0
167,v,play#v#20,play#v#28,not-merged,play%2:34:13::;,play%2:34:13::;,1.0
168,v,play#v#20,play#v#07,not-merged,play%2:34:13::;,play%2:34:13::;,1.0
169,v,play#v#29,play#v#17,not-merged,play%2:33:07::;,play%2:33:07::;,1.0
170,v,play#v#29,play#v#28,not-merged,play%2:33:07::;,play%2:33:07::;,1.0
171,v,play#v#29,play#v#07,not-merged,play%2:33:07::;,play%2:33:07::;,1.0
172,v,play#v#17,play#v#28,not-merged,play%2:41:02::;,play%2:41:02::;,0.0
173,v,play#v#17,play#v#07,not-merged,play%2:41:02::;,play%2:41:02::;,0.0
174,v,play#v#28,play#v#07,not-merged,play%2:35:07::;,play%2:35:07::;,1.0
175,v,pull#v#01,pull#v#03,not-merged,pull%2:35:00::;draw%2:35:03::;force%2:35:01::;,force%2:35:01::;,1.0
176,v,pull#v#01,pull#v#04,not-merged,pull%2:35:00::;draw%2:35:03::;force%2:35:01::;,force%2:35:01::;,1.0
177,v,pull#v#01,pull#v#17,not-merged,pull%2:35:00::;draw%2:35:03::;force%2:35:01::;,force%2:35:01::;,1.0
178,v,pull#v#01,pull#v#09,not-merged,pull%2:35:00::;draw%2:35:03::;force%2:35:01::;,force%2:35:01::;force%2:35:01::;,1.0
179,v,pull#v#01,pull#v#07,not-merged,pull%2:35:00::;draw%2:35:03::;force%2:35:01::;,force%2:35:01::;,1.0
180,v,pull#v#03,pull#v#04,not-merged,pull%2:38:01::;,pull%2:38:01::;,1.0
181,v,pull#v#03,pull#v#17,not-merged,pull%2:38:01::;,pull%2:38:01::;,1.0
182,v,pull#v#03,pull#v#09,not-merged,pull%2:38:01::;,pull%2:38:01::;pull%2:38:01::;,1.0
183,v,pull#v#03,pull#v#07,not-merged,pull%2:38:01::;,pull%2:38:01::;,1.0
184,v,pull#v#04,pull#v#17,not-merged,pull%2:35:04::;,pull%2:35:04::;,1.0
185,v,pull#v#04,pull#v#09,not-merged,pull%2:35:04::;,pull%2:35:04::;pull%2:35:04::;,1.0
186,v,pull#v#04,pull#v#07,not-merged,pull%2:35:04::;,pull%2:35:04::;,1.0
187,v,pull#v#17,pull#v#09,not-merged,pull%2:30:11::;,pull%2:30:11::;pull%2:30:11::;,0.0
188,v,pull#v#17,pull#v#07,not-merged,pull%2:30:11::;,pull%2:30:11::;,0.0
189,v,pull#v#09,pull#v#07,not-merged,pull%2:38:13::;draw%2:38:11::;,draw%2:38:11::;,1.0
190,v,serve#v#06,serve#v#07,not-merged,serve%2:34:00::;serve_up%2:34:00::;dish_out%2:34:00::;dish_up%2:34:00::;dish%2:34:00::;,dish%2:34:00::;,1.0
191,v,serve#v#06,serve#v#13,not-merged,serve%2:34:00::;serve_up%2:34:00::;dish_out%2:34:00::;dish_up%2:34:00::;dish%2:34:00::;,dish%2:34:00::;,1.0
192,v,serve#v#06,serve#v#08,not-merged,serve%2:34:00::;serve_up%2:34:00::;dish_out%2:34:00::;dish_up%2:34:00::;dish%2:34:00::;,dish%2:34:00::;dish%2:34:00::;,1.0
193,v,serve#v#06,serve#v#09,not-merged,serve%2:34:00::;serve_up%2:34:00::;dish_out%2:34:00::;dish_up%2:34:00::;dish%2:34:00::;,dish%2:34:00::;dish%2:34:00::;,1.0
194,v,serve#v#06,serve#v#10,not-merged,serve%2:34:00::;serve_up%2:34:00::;dish_out%2:34:00::;dish_up%2:34:00::;dish%2:34:00::;,dish%2:34:00::;dish%2:34:00::;dish%2:34:00::;dish%2:34:00::;dish%2:34:00::;,1.0
195,v,serve#v#06,serve#v#01,not-merged,serve%2:34:00::;serve_up%2:34:00::;dish_out%2:34:00::;dish_up%2:34:00::;dish%2:34:00::;,dish%2:34:00::;dish%2:34:00::;,1.0
196,v,serve#v#06,serve#v#02,not-merged,serve%2:34:00::;serve_up%2:34:00::;dish_out%2:34:00::;dish_up%2:34:00::;dish%2:34:00::;,dish%2:34:00::;,1.0
197,v,serve#v#06,serve#v#03,not-merged,serve%2:34:00::;serve_up%2:34:00::;dish_out%2:34:00::;dish_up%2:34:00::;dish%2:34:00::;,dish%2:34:00::;,1.0
198,v,serve#v#07,serve#v#13,not-merged,serve%2:41:02::;,serve%2:41:02::;,1.0
199,v,serve#v#07,serve#v#08,not-merged,serve%2:41:02::;,serve%2:41:02::;serve%2:41:02::;,1.0
200,v,serve#v#07,serve#v#09,not-merged,serve%2:41:02::;,serve%2:41:02::;serve%2:41:02::;,1.0
201,v,serve#v#07,serve#v#10,not-merged,serve%2:41:02::;,serve%2:41:02::;serve%2:41:02::;serve%2:41:02::;serve%2:41:02::;serve%2:41:02::;,1.0
202,v,serve#v#07,serve#v#01,not-merged,serve%2:41:02::;,serve%2:41:02::;serve%2:41:02::;,1.0
203,v,serve#v#07,serve#v#02,not-merged,serve%2:41:02::;,serve%2:41:02::;,1.0
204,v,serve#v#07,serve#v#03,not-merged,serve%2:41:02::;,serve%2:41:02::;,1.0
205,v,serve#v#13,serve#v#08,not-merged,serve%2:41:13::;,serve%2:41:13::;serve%2:41:13::;,1.0
206,v,serve#v#13,serve#v#09,not-merged,serve%2:41:13::;,serve%2:41:13::;serve%2:41:13::;,1.0
207,v,serve#v#13,serve#v#10,not-merged,serve%2:41:13::;,serve%2:41:13::;serve%2:41:13::;serve%2:41:13::;serve%2:41:13::;serve%2:41:13::;,1.0
208,v,serve#v#13,serve#v#01,not-merged,serve%2:41:13::;,serve%2:41:13::;serve%2:41:13::;,1.0
209,v,serve#v#13,serve#v#02,not-merged,serve%2:41:13::;,serve%2:41:13::;,1.0
210,v,serve#v#13,serve#v#03,not-merged,serve%2:41:13::;,serve%2:41:13::;,1.0
211,v,serve#v#08,serve#v#09,not-merged,serve%2:42:02::;serve_well%2:42:00::;,serve_well%2:42:00::;serve_well%2:42:00::;,0.0
212,v,serve#v#08,serve#v#10,not-merged,serve%2:42:02::;serve_well%2:42:00::;,serve_well%2:42:00::;serve_well%2:42:00::;serve_well%2:42:00::;serve_well%2:42:00::;serve_well%2:42:00::;,0.0
213,v,serve#v#08,serve#v#01,not-merged,serve%2:42:02::;serve_well%2:42:00::;,serve_well%2:42:00::;serve_well%2:42:00::;,0.0
214,v,serve#v#08,serve#v#02,not-merged,serve%2:42:02::;serve_well%2:42:00::;,serve_well%2:42:00::;,0.0
215,v,serve#v#08,serve#v#03,not-merged,serve%2:42:02::;serve_well%2:42:00::;,serve_well%2:42:00::;,0.0
216,v,serve#v#09,serve#v#10,not-merged,serve%2:42:00::;do%2:42:02::;,do%2:42:02::;do%2:42:02::;do%2:42:02::;do%2:42:02::;do%2:42:02::;,1.0
217,v,serve#v#09,serve#v#01,not-merged,serve%2:42:00::;do%2:42:02::;,do%2:42:02::;do%2:42:02::;,1.0
218,v,serve#v#09,serve#v#02,not-merged,serve%2:42:00::;do%2:42:02::;,do%2:42:02::;,1.0
219,v,serve#v#09,serve#v#03,not-merged,serve%2:42:00::;do%2:42:02::;,do%2:42:02::;,1.0
220,v,serve#v#10,serve#v#01,not-merged,serve%2:41:01::;attend_to%2:41:01::;wait_on%2:41:00::;attend%2:41:00::;assist%2:41:01::;,assist%2:41:01::;assist%2:41:01::;,1.0
221,v,serve#v#10,serve#v#02,not-merged,serve%2:41:01::;attend_to%2:41:01::;wait_on%2:41:00::;attend%2:41:00::;assist%2:41:01::;,assist%2:41:01::;,1.0
222,v,serve#v#10,serve#v#03,not-merged,serve%2:41:01::;attend_to%2:41:01::;wait_on%2:41:00::;attend%2:41:00::;assist%2:41:01::;,assist%2:41:01::;,1.0
223,v,serve#v#01,serve#v#02,not-merged,serve%2:42:03::;function%2:42:12::;,function%2:42:12::;,1.0
224,v,serve#v#01,serve#v#03,not-merged,serve%2:42:03::;function%2:42:12::;,function%2:42:12::;,1.0
225,v,serve#v#02,serve#v#03,not-merged,serve%2:33:00::;,serve%2:33:00::;,1.0
226,n,nature#n#05,nature#n#03,not-merged,nature%1:09:00::;,nature%1:09:00::;,0.0
227,n,nature#n#05,nature#n#01,merged,nature%1:09:00::;,nature%1:09:00::;,0.0
228,n,nature#n#05,nature#n#02,not-merged,nature%1:09:00::;,nature%1:09:00::;,0.0
229,n,nature#n#05,nature#n#04,merged,nature%1:09:00::;,nature%1:09:00::;,0.0
230,n,nature#n#03,nature#n#01,not-merged,nature%1:17:00::;,nature%1:17:00::;,1.0
231,n,nature#n#03,nature#n#02,merged,nature%1:17:00::;,nature%1:17:00::;,1.0
232,n,nature#n#03,nature#n#04,not-merged,nature%1:17:00::;,nature%1:17:00::;,1.0
233,n,nature#n#01,nature#n#02,not-merged,nature%1:07:02::;,nature%1:07:02::;,1.0
234,n,nature#n#01,nature#n#04,merged,nature%1:07:02::;,nature%1:07:02::;,1.0
235,n,nature#n#02,nature#n#04,not-merged,nature%1:18:00::;,nature%1:18:00::;,1.0
236,n,art#n#01,art#n#02,merged,art%1:06:00::;fine_art%1:06:00::;,fine_art%1:06:00::;fine_art%1:06:00::;fine_art%1:06:00::;,0.0
237,n,art#n#01,art#n#03,merged,art%1:06:00::;fine_art%1:06:00::;,fine_art%1:06:00::;fine_art%1:06:00::;fine_art%1:06:00::;,0.0
238,n,art#n#02,art#n#03,merged,art%1:04:00::;artistic_creation%1:04:00::;artistic_production%1:04:00::;,artistic_production%1:04:00::;artistic_production%1:04:00::;artistic_production%1:04:00::;,0.0
239,v,use#v#06,use#v#01,not-merged,use%2:41:03::;,use%2:41:03::;use%2:41:03::;use%2:41:03::;use%2:41:03::;use%2:41:03::;,0.0
240,v,use#v#06,use#v#04,not-merged,use%2:41:03::;,use%2:41:03::;use%2:41:03::;,0.0
241,v,use#v#06,use#v#02,not-merged,use%2:41:03::;,use%2:41:03::;use%2:41:03::;,0.0
242,v,use#v#06,use#v#03,not-merged,use%2:41:03::;,use%2:41:03::;,0.0
243,v,use#v#01,use#v#04,merged,use%2:34:01::;utilize%2:34:00::;utilise%2:34:00::;apply%2:34:00::;employ%2:34:00::;,employ%2:34:00::;employ%2:34:00::;,0.0
244,v,use#v#01,use#v#02,not-merged,use%2:34:01::;utilize%2:34:00::;utilise%2:34:00::;apply%2:34:00::;employ%2:34:00::;,employ%2:34:00::;employ%2:34:00::;,0.0
245,v,use#v#01,use#v#03,not-merged,use%2:34:01::;utilize%2:34:00::;utilise%2:34:00::;apply%2:34:00::;employ%2:34:00::;,employ%2:34:00::;,0.0
246,v,use#v#04,use#v#02,not-merged,use%2:34:00::;expend%2:34:00::;,expend%2:34:00::;expend%2:34:00::;,1.0
247,v,use#v#04,use#v#03,not-merged,use%2:34:00::;expend%2:34:00::;,expend%2:34:00::;,1.0
248,v,use#v#02,use#v#03,not-merged,use%2:34:02::;habituate%2:34:00::;,habituate%2:34:00::;,1.0
249,v,live#v#07,live#v#02,not-merged,live%2:42:07::;,live%2:42:07::;,1.0
250,v,conduct#v#01,conduct#v#04,not-merged,conduct%2:41:00::;carry_on%2:41:00::;deal%2:41:02::;,deal%2:41:02::;deal%2:41:02::;deal%2:41:02::;deal%2:41:02::;deal%2:41:02::;,1.0
251,a,cool#a#01,cool#a#04,not-merged,cool%3:00:01::;,cool%3:00:01::;,1.0
252,a,cool#a#01,cool#a#03,not-merged,cool%3:00:01::;,cool%3:00:01::;,1.0
253,a,cool#a#04,cool#a#03,not-merged,cool%3:00:02::;,cool%3:00:02::;,1.0
254,v,dress_up#v#01,dress_up#v#02,not-merged,dress_up%2:29:00::;fig_out%2:29:00::;fig_up%2:29:00::;deck_up%2:29:00::;gussy_up%2:29:00::;fancy_up%2:29:00::;trick_up%2:29:00::;deck_out%2:29:00::;trick_out%2:29:00::;prink%2:29:00::;attire%2:29:00::;get_up%2:29:02::;rig_out%2:29:00::;tog_up%2:29:00::;tog_out%2:29:00::;overdress%2:29:00::;,overdress%2:29:00::;overdress%2:29:00::;,1.0
255,v,equal#v#02,equal#v#03,not-merged,equal%2:42:01::;touch%2:42:02::;rival%2:42:00::;match%2:42:01::;,match%2:42:01::;match%2:42:01::;match%2:42:01::;match%2:42:01::;match%2:42:01::;,1.0
256,n,yew#n#02,yew#n#01,not-merged,yew%1:20:00::;,yew%1:20:00::;,1.0
257,n,stress#n#03,stress#n#05,not-merged,stress%1:19:00::;,stress%1:19:00::;stress%1:19:00::;,1.0
258,n,stress#n#03,stress#n#04,not-merged,stress%1:19:00::;,stress%1:19:00::;stress%1:19:00::;,1.0
259,n,stress#n#03,stress#n#01,not-merged,stress%1:19:00::;,stress%1:19:00::;stress%1:19:00::;stress%1:19:00::;,1.0
260,n,stress#n#05,stress#n#04,not-merged,stress%1:26:02::;strain%1:26:02::;,strain%1:26:02::;strain%1:26:02::;,1.0
261,n,stress#n#05,stress#n#01,not-merged,stress%1:26:02::;strain%1:26:02::;,strain%1:26:02::;strain%1:26:02::;strain%1:26:02::;,1.0
262,n,stress#n#04,stress#n#01,not-merged,stress%1:26:03::;focus%1:26:01::;,focus%1:26:01::;focus%1:26:01::;focus%1:26:01::;,1.0
263,v,strike#v#02,strike#v#05,not-merged,strike%2:35:00::;,strike%2:35:00::;,1.0
264,v,strike#v#02,strike#v#04,not-merged,strike%2:35:00::;,strike%2:35:00::;strike%2:35:00::;,1.0
265,v,strike#v#02,strike#v#10,not-merged,strike%2:35:00::;,strike%2:35:00::;strike%2:35:00::;,1.0
266,v,strike#v#02,strike#v#11,not-merged,strike%2:35:00::;,strike%2:35:00::;,1.0
267,v,strike#v#02,strike#v#21,not-merged,strike%2:35:00::;,strike%2:35:00::;,1.0
268,v,strike#v#02,strike#v#07,not-merged,strike%2:35:00::;,strike%2:35:00::;strike%2:35:00::;,1.0
269,v,strike#v#05,strike#v#04,not-merged,strike%2:32:00::;,strike%2:32:00::;strike%2:32:00::;,0.0
270,v,strike#v#05,strike#v#10,not-merged,strike%2:32:00::;,strike%2:32:00::;strike%2:32:00::;,0.0
271,v,strike#v#05,strike#v#11,not-merged,strike%2:32:00::;,strike%2:32:00::;,0.0
272,v,strike#v#05,strike#v#21,not-merged,strike%2:32:00::;,strike%2:32:00::;,0.0
273,v,strike#v#05,strike#v#07,not-merged,strike%2:32:00::;,strike%2:32:00::;strike%2:32:00::;,0.0
274,v,strike#v#04,strike#v#10,not-merged,strike%2:33:00::;hit%2:33:00::;,hit%2:33:00::;hit%2:33:00::;,1.0
275,v,strike#v#04,strike#v#11,not-merged,strike%2:33:00::;hit%2:33:00::;,hit%2:33:00::;,1.0
276,v,strike#v#04,strike#v#21,not-merged,strike%2:33:00::;hit%2:33:00::;,hit%2:33:00::;,1.0
277,v,strike#v#04,strike#v#07,not-merged,strike%2:33:00::;hit%2:33:00::;,hit%2:33:00::;hit%2:33:00::;,1.0
278,v,strike#v#10,strike#v#11,not-merged,strike%2:35:03::;hit%2:35:02::;,hit%2:35:02::;,1.0
279,v,strike#v#10,strike#v#21,not-merged,strike%2:35:03::;hit%2:35:02::;,hit%2:35:02::;,1.0
280,v,strike#v#10,strike#v#07,not-merged,strike%2:35:03::;hit%2:35:02::;,hit%2:35:02::;hit%2:35:02::;,1.0
281,v,strike#v#11,strike#v#21,not-merged,strike%2:30:00::;,strike%2:30:00::;,1.0
282,v,strike#v#11,strike#v#07,not-merged,strike%2:30:00::;,strike%2:30:00::;strike%2:30:00::;,1.0
283,v,strike#v#21,strike#v#07,not-merged,strike%2:31:00::;,strike%2:31:00::;strike%2:31:00::;,0.0
284,s,blind#s#02,blind#s#03,merged,blind%5:00:00:unperceptive:00;,blind%5:00:00:unperceptive:00;blind%5:00:00:unperceptive:00;,0.0
285,v,act#v#03,act#v#10,not-merged,act%2:36:00::;play%2:36:02::;represent%2:36:02::;,represent%2:36:02::;represent%2:36:02::;represent%2:36:02::;represent%2:36:02::;,1.0
286,v,act#v#03,act#v#05,not-merged,act%2:36:00::;play%2:36:02::;represent%2:36:02::;,represent%2:36:02::;represent%2:36:02::;represent%2:36:02::;,1.0
287,v,act#v#10,act#v#05,not-merged,act%2:36:03::;play%2:36:10::;roleplay%2:36:00::;playact%2:36:00::;,playact%2:36:00::;playact%2:36:00::;playact%2:36:00::;,0.0
288,v,drive#v#03,drive#v#13,not-merged,drive%2:38:02::;,drive%2:38:02::;,1.0
289,v,drive#v#03,drive#v#08,not-merged,drive%2:38:02::;,drive%2:38:02::;,1.0
290,v,drive#v#03,drive#v#07,not-merged,drive%2:38:02::;,drive%2:38:02::;,1.0
291,v,drive#v#03,drive#v#02,not-merged,drive%2:38:02::;,drive%2:38:02::;drive%2:38:02::;,1.0
292,v,drive#v#03,drive#v#05,not-merged,drive%2:38:02::;,drive%2:38:02::;,1.0
293,v,drive#v#03,drive#v#01,not-merged,drive%2:38:02::;,drive%2:38:02::;,1.0
294,v,drive#v#13,drive#v#08,not-merged,drive%2:41:13::;,drive%2:41:13::;,0.0
295,v,drive#v#13,drive#v#07,not-merged,drive%2:41:13::;,drive%2:41:13::;,0.0
296,v,drive#v#13,drive#v#02,not-merged,drive%2:41:13::;,drive%2:41:13::;drive%2:41:13::;,0.0
297,v,drive#v#13,drive#v#05,not-merged,drive%2:41:13::;,drive%2:41:13::;,0.0
298,v,drive#v#13,drive#v#01,not-merged,drive%2:41:13::;,drive%2:41:13::;,0.0
299,v,drive#v#08,drive#v#07,not-merged,drive%2:35:07::;,drive%2:35:07::;,1.0
300,v,drive#v#08,drive#v#02,not-merged,drive%2:35:07::;,drive%2:35:07::;drive%2:35:07::;,1.0
301,v,drive#v#08,drive#v#05,not-merged,drive%2:35:07::;,drive%2:35:07::;,1.0
302,v,drive#v#08,drive#v#01,not-merged,drive%2:35:07::;,drive%2:35:07::;,1.0
303,v,drive#v#07,drive#v#02,not-merged,drive%2:36:00::;,drive%2:36:00::;drive%2:36:00::;,1.0
304,v,drive#v#07,drive#v#05,not-merged,drive%2:36:00::;,drive%2:36:00::;,1.0
305,v,drive#v#07,drive#v#01,not-merged,drive%2:36:00::;,drive%2:36:00::;,1.0
306,v,drive#v#02,drive#v#05,not-merged,drive%2:38:00::;motor%2:38:00::;,motor%2:38:00::;,0.0
307,v,drive#v#02,drive#v#01,not-merged,drive%2:38:00::;motor%2:38:00::;,motor%2:38:00::;,0.0
308,v,drive#v#05,drive#v#01,not-merged,drive%2:41:02::;,drive%2:41:02::;,1.0
309,n,spade#n#02,spade#n#01,not-merged,spade%1:06:00::;,spade%1:06:00::;,0.0
310,n,restraint#n#02,restraint#n#04,not-merged,restraint%1:07:00::;control%1:07:01::;,control%1:07:01::;,1.0
311,n,restraint#n#02,restraint#n#01,merged,restraint%1:07:00::;control%1:07:01::;,control%1:07:01::;,1.0
312,n,restraint#n#02,restraint#n#06,not-merged,restraint%1:07:00::;control%1:07:01::;,control%1:07:01::;control%1:07:01::;,1.0
313,n,restraint#n#04,restraint#n#01,not-merged,restraint%1:09:00::;,restraint%1:09:00::;,1.0
314,n,restraint#n#04,restraint#n#06,merged,restraint%1:09:00::;,restraint%1:09:00::;restraint%1:09:00::;,1.0
315,n,restraint#n#01,restraint#n#06,not-merged,restraint%1:04:00::;,restraint%1:04:00::;restraint%1:04:00::;,1.0
316,v,play_out#v#03,play_out#v#02,not-merged,play_out%2:33:00::;,play_out%2:33:00::;,0.0
317,v,play_out#v#03,play_out#v#04,not-merged,play_out%2:33:00::;,play_out%2:33:00::;,0.0
318,v,play_out#v#02,play_out#v#04,not-merged,play_out%2:36:00::;,play_out%2:36:00::;,0.0
319,n,child#n#01,child#n#02,merged,child%1:18:00::;kid%1:18:00::;youngster%1:18:00::;minor%1:18:00::;shaver%1:18:00::;nipper%1:18:00::;small_fry%1:18:01::;tiddler%1:18:00::;tike%1:18:01::;tyke%1:18:01::;fry%1:18:00::;nestling%1:18:00::;,nestling%1:18:00::;nestling%1:18:00::;,1.0
320,n,child#n#01,child#n#03,not-merged,child%1:18:00::;kid%1:18:00::;youngster%1:18:00::;minor%1:18:00::;shaver%1:18:00::;nipper%1:18:00::;small_fry%1:18:01::;tiddler%1:18:00::;tike%1:18:01::;tyke%1:18:01::;fry%1:18:00::;nestling%1:18:00::;,nestling%1:18:00::;nestling%1:18:00::;,1.0
321,n,child#n#01,child#n#04,not-merged,child%1:18:00::;kid%1:18:00::;youngster%1:18:00::;minor%1:18:00::;shaver%1:18:00::;nipper%1:18:00::;small_fry%1:18:01::;tiddler%1:18:00::;tike%1:18:01::;tyke%1:18:01::;fry%1:18:00::;nestling%1:18:00::;,nestling%1:18:00::;,1.0
322,n,child#n#02,child#n#03,not-merged,child%1:18:01::;kid%1:18:01::;,kid%1:18:01::;kid%1:18:01::;,1.0
323,n,child#n#02,child#n#04,not-merged,child%1:18:01::;kid%1:18:01::;,kid%1:18:01::;,1.0
324,n,child#n#03,child#n#04,not-merged,child%1:18:06::;baby%1:18:03::;,baby%1:18:03::;,1.0
325,v,match#v#03,match#v#01,not-merged,match%2:35:08::;mate%2:35:02::;couple%2:35:02::;pair%2:35:01::;twin%2:35:00::;,twin%2:35:00::;twin%2:35:00::;twin%2:35:00::;twin%2:35:00::;twin%2:35:00::;twin%2:35:00::;twin%2:35:00::;twin%2:35:00::;,1.0
326,v,match#v#03,match#v#09,not-merged,match%2:35:08::;mate%2:35:02::;couple%2:35:02::;pair%2:35:01::;twin%2:35:00::;,twin%2:35:00::;,1.0
327,v,match#v#03,match#v#05,merged,match%2:35:08::;mate%2:35:02::;couple%2:35:02::;pair%2:35:01::;twin%2:35:00::;,twin%2:35:00::;twin%2:35:00::;,1.0
328,v,match#v#03,match#v#02,not-merged,match%2:35:08::;mate%2:35:02::;couple%2:35:02::;pair%2:35:01::;twin%2:35:00::;,twin%2:35:00::;,1.0
329,v,match#v#01,match#v#09,not-merged,match%2:42:00::;fit%2:42:04::;correspond%2:42:00::;check%2:42:08::;jibe%2:42:00::;gibe%2:42:00::;tally%2:42:00::;agree%2:42:00::;,agree%2:42:00::;,1.0
330,v,match#v#01,match#v#05,not-merged,match%2:42:00::;fit%2:42:04::;correspond%2:42:00::;check%2:42:08::;jibe%2:42:00::;gibe%2:42:00::;tally%2:42:00::;agree%2:42:00::;,agree%2:42:00::;agree%2:42:00::;,1.0
331,v,match#v#01,match#v#02,not-merged,match%2:42:00::;fit%2:42:04::;correspond%2:42:00::;check%2:42:08::;jibe%2:42:00::;gibe%2:42:00::;tally%2:42:00::;agree%2:42:00::;,agree%2:42:00::;,1.0
332,v,match#v#09,match#v#05,not-merged,match%2:30:00::;,match%2:30:00::;match%2:30:00::;,1.0
333,v,match#v#09,match#v#02,not-merged,match%2:30:00::;,match%2:30:00::;,1.0
334,v,match#v#05,match#v#02,not-merged,match%2:30:01::;fit%2:30:00::;,fit%2:30:00::;,1.0
335,n,detention#n#01,detention#n#02,not-merged,detention%1:26:00::;detainment%1:26:00::;hold%1:26:00::;custody%1:26:00::;,custody%1:26:00::;,1.0
336,v,develop#v#13,build_up#v#05,not-merged,develop%2:36:09::;,develop%2:36:09::;develop%2:36:09::;,1.0
337,v,develop#v#13,develop#v#01,not-merged,develop%2:36:09::;,develop%2:36:09::;,1.0
338,v,develop#v#13,develop#v#12,not-merged,develop%2:36:09::;,develop%2:36:09::;develop%2:36:09::;,1.0
339,v,develop#v#13,develop#v#10,not-merged,develop%2:36:09::;,develop%2:36:09::;,1.0
340,v,develop#v#13,develop#v#14,not-merged,develop%2:36:09::;,develop%2:36:09::;develop%2:36:09::;,1.0
341,v,develop#v#13,develop#v#09,not-merged,develop%2:36:09::;,develop%2:36:09::;,1.0
342,v,develop#v#13,develop#v#03,not-merged,develop%2:36:09::;,develop%2:36:09::;develop%2:36:09::;develop%2:36:09::;,1.0
343,v,build_up#v#05,develop#v#01,not-merged,build_up%2:30:03::;develop%2:30:04::;,develop%2:30:04::;,1.0
344,v,build_up#v#05,develop#v#12,not-merged,build_up%2:30:03::;develop%2:30:04::;,develop%2:30:04::;develop%2:30:04::;,1.0
345,v,build_up#v#05,develop#v#10,not-merged,build_up%2:30:03::;develop%2:30:04::;,develop%2:30:04::;,1.0
346,v,build_up#v#05,develop#v#14,not-merged,build_up%2:30:03::;develop%2:30:04::;,develop%2:30:04::;develop%2:30:04::;,1.0
347,v,build_up#v#05,develop#v#09,not-merged,build_up%2:30:03::;develop%2:30:04::;,develop%2:30:04::;,1.0
348,v,build_up#v#05,develop#v#03,not-merged,build_up%2:30:03::;develop%2:30:04::;,develop%2:30:04::;develop%2:30:04::;develop%2:30:04::;,1.0
349,v,develop#v#01,develop#v#12,not-merged,develop%2:36:01::;,develop%2:36:01::;develop%2:36:01::;,1.0
350,v,develop#v#01,develop#v#10,not-merged,develop%2:36:01::;,develop%2:36:01::;,1.0
351,v,develop#v#01,develop#v#14,not-merged,develop%2:36:01::;,develop%2:36:01::;develop%2:36:01::;,1.0
352,v,develop#v#01,develop#v#09,not-merged,develop%2:36:01::;,develop%2:36:01::;,1.0
353,v,develop#v#01,develop#v#03,not-merged,develop%2:36:01::;,develop%2:36:01::;develop%2:36:01::;develop%2:36:01::;,1.0
354,v,develop#v#12,develop#v#10,not-merged,develop%2:30:01::;make_grow%2:30:00::;,make_grow%2:30:00::;,0.0
355,v,develop#v#12,develop#v#14,not-merged,develop%2:30:01::;make_grow%2:30:00::;,make_grow%2:30:00::;make_grow%2:30:00::;,0.0
356,v,develop#v#12,develop#v#09,not-merged,develop%2:30:01::;make_grow%2:30:00::;,make_grow%2:30:00::;,0.0
357,v,develop#v#12,develop#v#03,not-merged,develop%2:30:01::;make_grow%2:30:00::;,make_grow%2:30:00::;make_grow%2:30:00::;make_grow%2:30:00::;,0.0
358,v,develop#v#10,develop#v#14,not-merged,develop%2:30:00::;,develop%2:30:00::;develop%2:30:00::;,1.0
359,v,develop#v#10,develop#v#09,not-merged,develop%2:30:00::;,develop%2:30:00::;,1.0
360,v,develop#v#10,develop#v#03,not-merged,develop%2:30:00::;,develop%2:30:00::;develop%2:30:00::;develop%2:30:00::;,1.0
361,v,develop#v#14,develop#v#09,not-merged,develop%2:30:10::;grow%2:30:10::;,grow%2:30:10::;,1.0
362,v,develop#v#14,develop#v#03,not-merged,develop%2:30:10::;grow%2:30:10::;,grow%2:30:10::;grow%2:30:10::;grow%2:30:10::;,1.0
363,v,develop#v#09,develop#v#03,not-merged,develop%2:30:05::;,develop%2:30:05::;develop%2:30:05::;develop%2:30:05::;,1.0
364,v,turn_around#v#03,turn_around#v#02,not-merged,turn_around%2:30:00::;pick_up%2:30:00::;,pick_up%2:30:00::;,0.0
365,v,strike_out#v#03,strike_out#v#06,not-merged,strike_out%2:41:00::;,strike_out%2:41:00::;,0.0
366,n,grip#n#06,grip#n#04,not-merged,grip%1:07:00::;grasp%1:07:00::;,grasp%1:07:00::;grasp%1:07:00::;grasp%1:07:00::;,1.0
367,v,repel#v#03,repel#v#01,not-merged,repel%2:33:00::;repulse%2:33:00::;fight_off%2:33:00::;rebuff%2:33:00::;drive_back%2:33:00::;,drive_back%2:33:00::;drive_back%2:33:00::;drive_back%2:33:00::;drive_back%2:33:00::;drive_back%2:33:00::;drive_back%2:33:00::;,0.0
368,n,authority#n#01,authority#n#03,not-merged,authority%1:07:00::;authorization%1:07:00::;authorisation%1:07:00::;potency%1:07:01::;dominance%1:07:00::;say-so%1:07:00::;,say-so%1:07:00::;,1.0
369,n,authority#n#01,authority#n#02,not-merged,authority%1:07:00::;authorization%1:07:00::;authorisation%1:07:00::;potency%1:07:01::;dominance%1:07:00::;say-so%1:07:00::;,say-so%1:07:00::;,1.0
370,n,authority#n#01,authority#n#06,merged,authority%1:07:00::;authorization%1:07:00::;authorisation%1:07:00::;potency%1:07:01::;dominance%1:07:00::;say-so%1:07:00::;,say-so%1:07:00::;say-so%1:07:00::;say-so%1:07:00::;say-so%1:07:00::;,1.0
371,n,authority#n#01,authority#n#07,not-merged,authority%1:07:00::;authorization%1:07:00::;authorisation%1:07:00::;potency%1:07:01::;dominance%1:07:00::;say-so%1:07:00::;,say-so%1:07:00::;,1.0
372,n,authority#n#03,authority#n#02,not-merged,authority%1:18:00::;,authority%1:18:00::;,1.0
373,n,authority#n#03,authority#n#06,not-merged,authority%1:18:00::;,authority%1:18:00::;authority%1:18:00::;authority%1:18:00::;authority%1:18:00::;,1.0
374,n,authority#n#03,authority#n#07,not-merged,authority%1:18:00::;,authority%1:18:00::;,1.0
375,n,authority#n#02,authority#n#06,not-merged,authority%1:18:01::;,authority%1:18:01::;authority%1:18:01::;authority%1:18:01::;authority%1:18:01::;,1.0
376,n,authority#n#02,authority#n#07,not-merged,authority%1:18:01::;,authority%1:18:01::;,1.0
377,n,authority#n#06,authority#n#07,not-merged,authority%1:07:02::;authorization%1:07:02::;authorisation%1:07:02::;sanction%1:07:00::;,sanction%1:07:00::;,0.0
378,a,green#a#03,green#a#02,not-merged,green%3:00:00::;unripe%3:00:00::;unripened%3:00:00::;immature%3:00:06::;,immature%3:00:06::;,1.0
379,a,faithful#a#03,faithful#a#01,merged,faithful%3:00:01::;,faithful%3:00:01::;,1.0
380,v,hit#v#08,hit#v#02,not-merged,hit%2:39:00::;strike%2:39:00::;come_to%2:39:00::;,come_to%2:39:00::;come_to%2:39:00::;come_to%2:39:00::;come_to%2:39:00::;come_to%2:39:00::;,0.0
381,v,hit#v#08,hit#v#03,not-merged,hit%2:39:00::;strike%2:39:00::;come_to%2:39:00::;,come_to%2:39:00::;come_to%2:39:00::;,0.0
382,v,hit#v#02,hit#v#03,not-merged,hit%2:35:01::;strike%2:35:01::;impinge_on%2:35:00::;run_into%2:35:01::;collide_with%2:35:00::;,collide_with%2:35:00::;collide_with%2:35:00::;,0.0
383,s,green#s#01,green#s#04,not-merged,green%5:00:00:chromatic:00;greenish%5:00:00:chromatic:00;light-green%5:00:00:chromatic:00;dark-green%5:00:00:chromatic:00;,dark-green%5:00:00:chromatic:00;,0.0
384,v,see#v#01,see#v#11,not-merged,see%2:39:00::;,see%2:39:00::;,1.0
385,v,see#v#01,see#v#12,not-merged,see%2:39:00::;,see%2:39:00::;,1.0
386,v,see#v#01,see#v#18,not-merged,see%2:39:00::;,see%2:39:00::;,1.0
387,v,see#v#01,see#v#05,not-merged,see%2:39:00::;,see%2:39:00::;see%2:39:00::;see%2:39:00::;see%2:39:00::;see%2:39:00::;,1.0
388,v,see#v#11,see#v#12,merged,see%2:41:11::;,see%2:41:11::;,1.0
389,v,see#v#11,see#v#18,not-merged,see%2:41:11::;,see%2:41:11::;,1.0
390,v,see#v#11,see#v#05,not-merged,see%2:41:11::;,see%2:41:11::;see%2:41:11::;see%2:41:11::;see%2:41:11::;see%2:41:11::;,1.0
391,v,see#v#12,see#v#18,not-merged,see%2:41:12::;,see%2:41:12::;,1.0
392,v,see#v#12,see#v#05,not-merged,see%2:41:12::;,see%2:41:12::;see%2:41:12::;see%2:41:12::;see%2:41:12::;see%2:41:12::;,1.0
393,v,see#v#18,see#v#05,not-merged,see%2:31:08::;,see%2:31:08::;see%2:31:08::;see%2:31:08::;see%2:31:08::;see%2:31:08::;,1.0
394,n,feeling#n#01,feeling#n#04,merged,feeling%1:03:00::;,feeling%1:03:00::;,1.0
395,s,cool#s#05,cool#s#06,not-merged,cool%5:00:00:unqualified:02;,cool%5:00:00:unqualified:02;,0.0
396,s,cool#s#05,cool#s#02,not-merged,cool%5:00:00:unqualified:02;,cool%5:00:00:unqualified:02;cool%5:00:00:unqualified:02;cool%5:00:00:unqualified:02;,0.0
397,s,cool#s#06,cool#s#02,merged,cool%5:00:00:fashionable:00;,cool%5:00:00:fashionable:00;cool%5:00:00:fashionable:00;cool%5:00:00:fashionable:00;,1.0
398,n,mouth#n#02,mouth#n#01,merged,mouth%1:08:00::;,mouth%1:08:00::;mouth%1:08:00::;mouth%1:08:00::;mouth%1:08:00::;,1.0
399,n,mouth#n#02,mouth#n#03,not-merged,mouth%1:08:00::;,mouth%1:08:00::;,1.0
400,n,mouth#n#02,mouth#n#05,not-merged,mouth%1:08:00::;,mouth%1:08:00::;,1.0
401,n,mouth#n#02,mouth#n#08,not-merged,mouth%1:08:00::;,mouth%1:08:00::;,1.0
402,n,mouth#n#02,mouth#n#04,not-merged,mouth%1:08:00::;,mouth%1:08:00::;,1.0
403,n,mouth#n#01,mouth#n#03,not-merged,mouth%1:08:01::;oral_cavity%1:08:00::;oral_fissure%1:08:00::;rima_oris%1:08:00::;,rima_oris%1:08:00::;,0.0
404,n,mouth#n#01,mouth#n#05,not-merged,mouth%1:08:01::;oral_cavity%1:08:00::;oral_fissure%1:08:00::;rima_oris%1:08:00::;,rima_oris%1:08:00::;,0.0
405,n,mouth#n#01,mouth#n#08,not-merged,mouth%1:08:01::;oral_cavity%1:08:00::;oral_fissure%1:08:00::;rima_oris%1:08:00::;,rima_oris%1:08:00::;,0.0
406,n,mouth#n#01,mouth#n#04,not-merged,mouth%1:08:01::;oral_cavity%1:08:00::;oral_fissure%1:08:00::;rima_oris%1:08:00::;,rima_oris%1:08:00::;,0.0
407,n,mouth#n#03,mouth#n#05,not-merged,mouth%1:17:01::;,mouth%1:17:01::;,1.0
408,n,mouth#n#03,mouth#n#08,merged,mouth%1:17:01::;,mouth%1:17:01::;,1.0
409,n,mouth#n#03,mouth#n#04,not-merged,mouth%1:17:01::;,mouth%1:17:01::;,1.0
410,n,mouth#n#05,mouth#n#08,not-merged,mouth%1:18:00::;,mouth%1:18:00::;,1.0
411,n,mouth#n#05,mouth#n#04,not-merged,mouth%1:18:00::;,mouth%1:18:00::;,1.0
412,n,mouth#n#08,mouth#n#04,not-merged,mouth%1:06:00::;,mouth%1:06:00::;,1.0
413,v,carry#v#18,carry#v#38,not-merged,carry%2:42:13::;,carry%2:42:13::;,1.0
414,v,carry#v#18,carry#v#15,not-merged,carry%2:42:13::;,carry%2:42:13::;carry%2:42:13::;,1.0
415,v,carry#v#18,carry#v#04,not-merged,carry%2:42:13::;,carry%2:42:13::;carry%2:42:13::;carry%2:42:13::;,1.0
416,v,carry#v#18,carry#v#23,not-merged,carry%2:42:13::;,carry%2:42:13::;carry%2:42:13::;carry%2:42:13::;,1.0
417,v,carry#v#18,carry#v#21,not-merged,carry%2:42:13::;,carry%2:42:13::;,1.0
418,v,carry#v#18,carry#v#05,not-merged,carry%2:42:13::;,carry%2:42:13::;,1.0
419,v,carry#v#18,carry#v#02,not-merged,carry%2:42:13::;,carry%2:42:13::;carry%2:42:13::;carry%2:42:13::;,1.0
420,v,carry#v#18,carry#v#32,not-merged,carry%2:42:13::;,carry%2:42:13::;,1.0
421,v,carry#v#18,carry#v#10,not-merged,carry%2:42:13::;,carry%2:42:13::;,1.0
422,v,carry#v#18,carry#v#12,not-merged,carry%2:42:13::;,carry%2:42:13::;,1.0
423,v,carry#v#18,carry#v#20,not-merged,carry%2:42:13::;,carry%2:42:13::;,1.0
424,v,carry#v#38,carry#v#15,not-merged,carry%2:33:12::;,carry%2:33:12::;carry%2:33:12::;,1.0
425,v,carry#v#38,carry#v#04,not-merged,carry%2:33:12::;,carry%2:33:12::;carry%2:33:12::;carry%2:33:12::;,1.0
426,v,carry#v#38,carry#v#23,not-merged,carry%2:33:12::;,carry%2:33:12::;carry%2:33:12::;carry%2:33:12::;,1.0
427,v,carry#v#38,carry#v#21,not-merged,carry%2:33:12::;,carry%2:33:12::;,1.0
428,v,carry#v#38,carry#v#05,not-merged,carry%2:33:12::;,carry%2:33:12::;,1.0
429,v,carry#v#38,carry#v#02,not-merged,carry%2:33:12::;,carry%2:33:12::;carry%2:33:12::;carry%2:33:12::;,1.0
430,v,carry#v#38,carry#v#32,not-merged,carry%2:33:12::;,carry%2:33:12::;,1.0
431,v,carry#v#38,carry#v#10,not-merged,carry%2:33:12::;,carry%2:33:12::;,1.0
432,v,carry#v#38,carry#v#12,not-merged,carry%2:33:12::;,carry%2:33:12::;,1.0
433,v,carry#v#38,carry#v#20,not-merged,carry%2:33:12::;,carry%2:33:12::;,1.0
434,v,carry#v#15,carry#v#04,not-merged,carry%2:36:00::;run%2:36:02::;,run%2:36:02::;run%2:36:02::;run%2:36:02::;,1.0
435,v,carry#v#15,carry#v#23,not-merged,carry%2:36:00::;run%2:36:02::;,run%2:36:02::;run%2:36:02::;run%2:36:02::;,1.0
436,v,carry#v#15,carry#v#21,not-merged,carry%2:36:00::;run%2:36:02::;,run%2:36:02::;,1.0
437,v,carry#v#15,carry#v#05,not-merged,carry%2:36:00::;run%2:36:02::;,run%2:36:02::;,1.0
438,v,carry#v#15,carry#v#02,not-merged,carry%2:36:00::;run%2:36:02::;,run%2:36:02::;run%2:36:02::;run%2:36:02::;,1.0
439,v,carry#v#15,carry#v#32,not-merged,carry%2:36:00::;run%2:36:02::;,run%2:36:02::;,1.0
440,v,carry#v#15,carry#v#10,not-merged,carry%2:36:00::;run%2:36:02::;,run%2:36:02::;,1.0
441,v,carry#v#15,carry#v#12,not-merged,carry%2:36:00::;run%2:36:02::;,run%2:36:02::;,1.0
442,v,carry#v#15,carry#v#20,not-merged,carry%2:36:00::;run%2:36:02::;,run%2:36:02::;,1.0
443,v,carry#v#04,carry#v#23,not-merged,carry%2:32:02::;convey%2:32:01::;express%2:32:02::;,express%2:32:02::;express%2:32:02::;express%2:32:02::;,1.0
444,v,carry#v#04,carry#v#21,not-merged,carry%2:32:02::;convey%2:32:01::;express%2:32:02::;,express%2:32:02::;,1.0
445,v,carry#v#04,carry#v#05,not-merged,carry%2:32:02::;convey%2:32:01::;express%2:32:02::;,express%2:32:02::;,1.0
446,v,carry#v#04,carry#v#02,not-merged,carry%2:32:02::;convey%2:32:01::;express%2:32:02::;,express%2:32:02::;express%2:32:02::;express%2:32:02::;,1.0
447,v,carry#v#04,carry#v#32,not-merged,carry%2:32:02::;convey%2:32:01::;express%2:32:02::;,express%2:32:02::;,1.0
448,v,carry#v#04,carry#v#10,not-merged,carry%2:32:02::;convey%2:32:01::;express%2:32:02::;,express%2:32:02::;,1.0
449,v,carry#v#04,carry#v#12,not-merged,carry%2:32:02::;convey%2:32:01::;express%2:32:02::;,express%2:32:02::;,1.0
450,v,carry#v#04,carry#v#20,not-merged,carry%2:32:02::;convey%2:32:01::;express%2:32:02::;,express%2:32:02::;,1.0
451,v,carry#v#23,carry#v#21,not-merged,carry%2:41:02::;persuade%2:41:00::;sway%2:41:00::;,sway%2:41:00::;,1.0
452,v,carry#v#23,carry#v#05,not-merged,carry%2:41:02::;persuade%2:41:00::;sway%2:41:00::;,sway%2:41:00::;,1.0
453,v,carry#v#23,carry#v#02,not-merged,carry%2:41:02::;persuade%2:41:00::;sway%2:41:00::;,sway%2:41:00::;sway%2:41:00::;sway%2:41:00::;,1.0
454,v,carry#v#23,carry#v#32,not-merged,carry%2:41:02::;persuade%2:41:00::;sway%2:41:00::;,sway%2:41:00::;,1.0
455,v,carry#v#23,carry#v#10,not-merged,carry%2:41:02::;persuade%2:41:00::;sway%2:41:00::;,sway%2:41:00::;,1.0
456,v,carry#v#23,carry#v#12,not-merged,carry%2:41:02::;persuade%2:41:00::;sway%2:41:00::;,sway%2:41:00::;,1.0
457,v,carry#v#23,carry#v#20,not-merged,carry%2:41:02::;persuade%2:41:00::;sway%2:41:00::;,sway%2:41:00::;,1.0
458,v,carry#v#21,carry#v#05,not-merged,carry%2:42:12::;,carry%2:42:12::;,1.0
459,v,carry#v#21,carry#v#02,not-merged,carry%2:42:12::;,carry%2:42:12::;carry%2:42:12::;carry%2:42:12::;,1.0
460,v,carry#v#21,carry#v#32,not-merged,carry%2:42:12::;,carry%2:42:12::;,1.0
461,v,carry#v#21,carry#v#10,not-merged,carry%2:42:12::;,carry%2:42:12::;,1.0
462,v,carry#v#21,carry#v#12,not-merged,carry%2:42:12::;,carry%2:42:12::;,1.0
463,v,carry#v#21,carry#v#20,not-merged,carry%2:42:12::;,carry%2:42:12::;,1.0
464,v,carry#v#05,carry#v#02,not-merged,carry%2:35:09::;,carry%2:35:09::;carry%2:35:09::;carry%2:35:09::;,1.0
465,v,carry#v#05,carry#v#32,not-merged,carry%2:35:09::;,carry%2:35:09::;,1.0
466,v,carry#v#05,carry#v#10,not-merged,carry%2:35:09::;,carry%2:35:09::;,1.0
467,v,carry#v#05,carry#v#12,not-merged,carry%2:35:09::;,carry%2:35:09::;,1.0
468,v,carry#v#05,carry#v#20,not-merged,carry%2:35:09::;,carry%2:35:09::;,1.0
469,v,carry#v#02,carry#v#32,not-merged,carry%2:42:01::;pack%2:42:00::;take%2:42:10::;,take%2:42:10::;,1.0
470,v,carry#v#02,carry#v#10,not-merged,carry%2:42:01::;pack%2:42:00::;take%2:42:10::;,take%2:42:10::;,1.0
471,v,carry#v#02,carry#v#12,not-merged,carry%2:42:01::;pack%2:42:00::;take%2:42:10::;,take%2:42:10::;,1.0
472,v,carry#v#02,carry#v#20,not-merged,carry%2:42:01::;pack%2:42:00::;take%2:42:10::;,take%2:42:10::;,1.0
473,v,carry#v#32,carry#v#10,not-merged,carry%2:35:12::;,carry%2:35:12::;,1.0
474,v,carry#v#32,carry#v#12,not-merged,carry%2:35:12::;,carry%2:35:12::;,1.0
475,v,carry#v#32,carry#v#20,not-merged,carry%2:35:12::;,carry%2:35:12::;,1.0
476,v,carry#v#10,carry#v#12,not-merged,carry%2:42:02::;,carry%2:42:02::;,1.0
477,v,carry#v#10,carry#v#20,not-merged,carry%2:42:02::;,carry%2:42:02::;,1.0
478,v,carry#v#12,carry#v#20,merged,carry%2:31:12::;,carry%2:31:12::;,1.0
479,v,survive#v#01,survive#v#02,not-merged,survive%2:42:01::;last%2:42:01::;live%2:42:04::;live_on%2:42:00::;go%2:42:14::;endure%2:42:00::;hold_up%2:42:00::;hold_out%2:42:00::;,hold_out%2:42:00::;hold_out%2:42:00::;hold_out%2:42:00::;hold_out%2:42:00::;hold_out%2:42:00::;,0.0
480,n,mail#n#02,mail#n#04,not-merged,mail%1:10:00::;mail_service%1:10:00::;postal_service%1:10:00::;post%1:10:00::;,post%1:10:00::;post%1:10:00::;,1.0
481,v,meet#v#06,meet#v#01,not-merged,meet%2:41:02::;match%2:41:00::;cope_with%2:41:00::;,cope_with%2:41:00::;cope_with%2:41:00::;cope_with%2:41:00::;cope_with%2:41:00::;cope_with%2:41:00::;cope_with%2:41:00::;,0.0
482,n,nation#n#03,nation#n#02,not-merged,nation%1:14:02::;,nation%1:14:02::;nation%1:14:02::;nation%1:14:02::;,1.0
483,a,colorless#a#02,colorless#a#01,merged,colorless%3:00:02::;colourless%3:00:02::;,colourless%3:00:02::;colourless%3:00:02::;,1.0
484,v,watch#v#02,watch#v#03,not-merged,watch%2:41:00::;observe%2:41:00::;follow%2:41:02::;watch_over%2:41:00::;keep_an_eye_on%2:41:00::;,keep_an_eye_on%2:41:00::;keep_an_eye_on%2:41:00::;keep_an_eye_on%2:41:00::;keep_an_eye_on%2:41:00::;keep_an_eye_on%2:41:00::;,0.0
485,v,replace#v#01,replace#v#04,not-merged,replace%2:30:00::;,replace%2:30:00::;replace%2:30:00::;,1.0
486,n,church#n#02,church#n#01,merged,church%1:06:00::;church_building%1:06:00::;,church_building%1:06:00::;church_building%1:06:00::;,0.0
487,v,visit#v#03,visit#v#01,not-merged,visit%2:41:00::;call_in%2:41:00::;call%2:41:00::;,call%2:41:00::;call%2:41:00::;,1.0
488,n,channel#n#05,channel#n#04,not-merged,channel%1:10:01::;communication_channel%1:10:00::;line%1:10:05::;,line%1:10:05::;,0.0
489,n,channel#n#05,channel#n#07,not-merged,channel%1:10:01::;communication_channel%1:10:00::;line%1:10:05::;,line%1:10:05::;line%1:10:05::;line%1:10:05::;,0.0
490,n,channel#n#05,channel#n#01,not-merged,channel%1:10:01::;communication_channel%1:10:00::;line%1:10:05::;,line%1:10:05::;line%1:10:05::;,0.0
491,n,channel#n#04,channel#n#07,not-merged,channel%1:17:00::;,channel%1:17:00::;channel%1:17:00::;channel%1:17:00::;,1.0
492,n,channel#n#04,channel#n#01,not-merged,channel%1:17:00::;,channel%1:17:00::;channel%1:17:00::;,1.0
493,n,channel#n#07,channel#n#01,not-merged,channel%1:06:02::;television_channel%1:06:00::;tv_channel%1:06:00::;,tv_channel%1:06:00::;tv_channel%1:06:00::;,0.0
494,n,hearth#n#02,hearth#n#03,not-merged,hearth%1:06:00::;fireside%1:06:00::;,fireside%1:06:00::;fireside%1:06:00::;,1.0
495,v,continue#v#03,continue#v#01,not-merged,continue%2:42:00::;uphold%2:42:00::;carry_on%2:42:00::;bear_on%2:42:01::;preserve%2:42:00::;,preserve%2:42:00::;preserve%2:42:00::;preserve%2:42:00::;preserve%2:42:00::;preserve%2:42:00::;,1.0
496,v,withdraw#v#10,withdraw#v#01,not-merged,withdraw%2:40:00::;draw%2:40:01::;take_out%2:40:00::;draw_off%2:40:04::;,draw_off%2:40:04::;draw_off%2:40:04::;draw_off%2:40:04::;draw_off%2:40:04::;draw_off%2:40:04::;draw_off%2:40:04::;draw_off%2:40:04::;draw_off%2:40:04::;,0.0
497,v,keep#v#08,keep#v#01,not-merged,keep%2:32:00::;maintain%2:32:04::;,maintain%2:32:04::;maintain%2:32:04::;maintain%2:32:04::;,0.0
498,v,keep#v#08,keep#v#18,not-merged,keep%2:32:00::;maintain%2:32:04::;,maintain%2:32:04::;,0.0
499,v,keep#v#08,keep#v#20,not-merged,keep%2:32:00::;maintain%2:32:04::;,maintain%2:32:04::;maintain%2:32:04::;,0.0
500,v,keep#v#08,keep#v#07,not-merged,keep%2:32:00::;maintain%2:32:04::;,maintain%2:32:04::;,0.0
501,v,keep#v#08,keep#v#19,not-merged,keep%2:32:00::;maintain%2:32:04::;,maintain%2:32:04::;,0.0
502,v,keep#v#08,keep#v#21,not-merged,keep%2:32:00::;maintain%2:32:04::;,maintain%2:32:04::;,0.0
503,v,keep#v#08,keep#v#03,not-merged,keep%2:32:00::;maintain%2:32:04::;,maintain%2:32:04::;maintain%2:32:04::;,0.0
504,v,keep#v#01,keep#v#18,not-merged,keep%2:42:00::;maintain%2:42:00::;hold%2:42:00::;,hold%2:42:00::;,1.0
505,v,keep#v#01,keep#v#20,not-merged,keep%2:42:00::;maintain%2:42:00::;hold%2:42:00::;,hold%2:42:00::;hold%2:42:00::;,1.0
506,v,keep#v#01,keep#v#07,not-merged,keep%2:42:00::;maintain%2:42:00::;hold%2:42:00::;,hold%2:42:00::;,1.0
507,v,keep#v#01,keep#v#19,not-merged,keep%2:42:00::;maintain%2:42:00::;hold%2:42:00::;,hold%2:42:00::;,1.0
508,v,keep#v#01,keep#v#21,not-merged,keep%2:42:00::;maintain%2:42:00::;hold%2:42:00::;,hold%2:42:00::;,1.0
509,v,keep#v#01,keep#v#03,not-merged,keep%2:42:00::;maintain%2:42:00::;hold%2:42:00::;,hold%2:42:00::;hold%2:42:00::;,1.0
510,v,keep#v#18,keep#v#20,not-merged,keep%2:40:13::;,keep%2:40:13::;keep%2:40:13::;,1.0
511,v,keep#v#18,keep#v#07,not-merged,keep%2:40:13::;,keep%2:40:13::;,1.0
512,v,keep#v#18,keep#v#19,not-merged,keep%2:40:13::;,keep%2:40:13::;,1.0
513,v,keep#v#18,keep#v#21,not-merged,keep%2:40:13::;,keep%2:40:13::;,1.0
514,v,keep#v#18,keep#v#03,not-merged,keep%2:40:13::;,keep%2:40:13::;keep%2:40:13::;,1.0
515,v,keep#v#20,keep#v#07,not-merged,keep%2:40:10::;maintain%2:40:10::;,maintain%2:40:10::;,1.0
516,v,keep#v#20,keep#v#19,not-merged,keep%2:40:10::;maintain%2:40:10::;,maintain%2:40:10::;,1.0
517,v,keep#v#20,keep#v#21,not-merged,keep%2:40:10::;maintain%2:40:10::;,maintain%2:40:10::;,1.0
518,v,keep#v#20,keep#v#03,not-merged,keep%2:40:10::;maintain%2:40:10::;,maintain%2:40:10::;maintain%2:40:10::;,1.0
519,v,keep#v#07,keep#v#19,not-merged,keep%2:40:01::;,keep%2:40:01::;,1.0
520,v,keep#v#07,keep#v#21,not-merged,keep%2:40:01::;,keep%2:40:01::;,1.0
521,v,keep#v#07,keep#v#03,not-merged,keep%2:40:01::;,keep%2:40:01::;keep%2:40:01::;,1.0
522,v,keep#v#19,keep#v#21,not-merged,keep%2:40:12::;,keep%2:40:12::;,1.0
523,v,keep#v#19,keep#v#03,not-merged,keep%2:40:12::;,keep%2:40:12::;keep%2:40:12::;,1.0
524,v,keep#v#21,keep#v#03,not-merged,keep%2:35:10::;,keep%2:35:10::;keep%2:35:10::;,1.0
525,v,wash#v#03,wash#v#09,not-merged,wash%2:35:00::;launder%2:35:00::;,launder%2:35:00::;launder%2:35:00::;launder%2:35:00::;launder%2:35:00::;,1.0
526,v,wash#v#03,wash#v#02,not-merged,wash%2:35:00::;launder%2:35:00::;,launder%2:35:00::;launder%2:35:00::;,1.0
527,v,wash#v#03,wash#v#10,not-merged,wash%2:35:00::;launder%2:35:00::;,launder%2:35:00::;,1.0
528,v,wash#v#03,wash#v#04,not-merged,wash%2:35:00::;launder%2:35:00::;,launder%2:35:00::;,1.0
529,v,wash#v#03,wash#v#06,not-merged,wash%2:35:00::;launder%2:35:00::;,launder%2:35:00::;,1.0
530,v,wash#v#03,wash#v#01,not-merged,wash%2:35:00::;launder%2:35:00::;,launder%2:35:00::;launder%2:35:00::;,1.0
531,v,wash#v#09,wash#v#02,not-merged,wash%2:30:05::;wash_out%2:30:04::;wash_off%2:30:00::;wash_away%2:30:00::;,wash_away%2:30:00::;wash_away%2:30:00::;,0.0
532,v,wash#v#09,wash#v#10,not-merged,wash%2:30:05::;wash_out%2:30:04::;wash_off%2:30:00::;wash_away%2:30:00::;,wash_away%2:30:00::;,0.0
533,v,wash#v#09,wash#v#04,not-merged,wash%2:30:05::;wash_out%2:30:04::;wash_off%2:30:00::;wash_away%2:30:00::;,wash_away%2:30:00::;,0.0
534,v,wash#v#09,wash#v#06,not-merged,wash%2:30:05::;wash_out%2:30:04::;wash_off%2:30:00::;wash_away%2:30:00::;,wash_away%2:30:00::;,0.0
535,v,wash#v#09,wash#v#01,not-merged,wash%2:30:05::;wash_out%2:30:04::;wash_off%2:30:00::;wash_away%2:30:00::;,wash_away%2:30:00::;wash_away%2:30:00::;,0.0
536,v,wash#v#02,wash#v#10,not-merged,wash%2:29:00::;lave%2:29:00::;,lave%2:29:00::;,1.0
537,v,wash#v#02,wash#v#04,not-merged,wash%2:29:00::;lave%2:29:00::;,lave%2:29:00::;,1.0
538,v,wash#v#02,wash#v#06,not-merged,wash%2:29:00::;lave%2:29:00::;,lave%2:29:00::;,1.0
539,v,wash#v#02,wash#v#01,merged,wash%2:29:00::;lave%2:29:00::;,lave%2:29:00::;lave%2:29:00::;,1.0
540,v,wash#v#10,wash#v#04,not-merged,wash%2:30:09::;,wash%2:30:09::;,1.0
541,v,wash#v#10,wash#v#06,not-merged,wash%2:30:09::;,wash%2:30:09::;,1.0
542,v,wash#v#10,wash#v#01,not-merged,wash%2:30:09::;,wash%2:30:09::;wash%2:30:09::;,1.0
543,v,wash#v#04,wash#v#06,not-merged,wash%2:38:01::;,wash%2:38:01::;,1.0
544,v,wash#v#04,wash#v#01,not-merged,wash%2:38:01::;,wash%2:38:01::;wash%2:38:01::;,1.0
545,v,wash#v#06,wash#v#01,not-merged,wash%2:42:12::;,wash%2:42:12::;wash%2:42:12::;,1.0
546,v,turn_on#v#03,turn_on#v#04,not-merged,turn_on%2:39:00::;,turn_on%2:39:00::;,0.0
547,v,collaborate#v#01,collaborate#v#02,not-merged,collaborate%2:41:00::;join_forces%2:41:00::;cooperate%2:41:00::;get_together%2:41:00::;,get_together%2:41:00::;,0.0
548,v,determine#v#08,determine#v#01,not-merged,determine%2:32:01::;check%2:32:10::;find_out%2:32:01::;see%2:32:00::;ascertain%2:32:00::;watch%2:32:09::;learn%2:32:02::;,learn%2:32:02::;learn%2:32:02::;learn%2:32:02::;learn%2:32:02::;,1.0
549,v,drift#v#09,drift#v#04,not-merged,drift%2:30:10::;,drift%2:30:10::;,1.0
550,v,drift#v#09,drift#v#06,not-merged,drift%2:30:10::;,drift%2:30:10::;,1.0
551,v,drift#v#04,drift#v#06,not-merged,drift%2:42:03::;,drift%2:42:03::;,1.0
552,v,train#v#01,train#v#02,not-merged,train%2:31:01::;develop%2:31:00::;prepare%2:31:01::;educate%2:31:00::;,educate%2:31:00::;educate%2:31:00::;,1.0
553,v,train#v#01,train#v#09,not-merged,train%2:31:01::;develop%2:31:00::;prepare%2:31:01::;educate%2:31:00::;,educate%2:31:00::;,1.0
554,v,train#v#01,train#v#08,not-merged,train%2:31:01::;develop%2:31:00::;prepare%2:31:01::;educate%2:31:00::;,educate%2:31:00::;,1.0
555,v,train#v#02,train#v#09,not-merged,train%2:31:00::;prepare%2:31:00::;,prepare%2:31:00::;,1.0
556,v,train#v#02,train#v#08,not-merged,train%2:31:00::;prepare%2:31:00::;,prepare%2:31:00::;,1.0
557,v,train#v#09,train#v#08,not-merged,train%2:41:03::;,train%2:41:03::;,1.0
558,s,natural#s#06,natural#s#08,not-merged,natural%5:00:00:spontaneous:00;instinctive%5:00:00:spontaneous:00;,instinctive%5:00:00:spontaneous:00;,0.0
559,s,natural#s#06,natural#s#04,merged,natural%5:00:00:spontaneous:00;instinctive%5:00:00:spontaneous:00;,instinctive%5:00:00:spontaneous:00;,0.0
560,s,natural#s#06,natural#s#09,not-merged,natural%5:00:00:spontaneous:00;instinctive%5:00:00:spontaneous:00;,instinctive%5:00:00:spontaneous:00;instinctive%5:00:00:spontaneous:00;instinctive%5:00:00:spontaneous:00;,0.0
561,s,natural#s#06,natural#s#07,merged,natural%5:00:00:spontaneous:00;instinctive%5:00:00:spontaneous:00;,instinctive%5:00:00:spontaneous:00;instinctive%5:00:00:spontaneous:00;instinctive%5:00:00:spontaneous:00;,0.0
562,s,natural#s#08,natural#s#04,not-merged,natural%5:00:00:biological:00;,natural%5:00:00:biological:00;,0.0
563,s,natural#s#08,natural#s#09,not-merged,natural%5:00:00:biological:00;,natural%5:00:00:biological:00;natural%5:00:00:biological:00;natural%5:00:00:biological:00;,0.0
564,s,natural#s#08,natural#s#07,not-merged,natural%5:00:00:biological:00;,natural%5:00:00:biological:00;natural%5:00:00:biological:00;natural%5:00:00:biological:00;,0.0
565,s,natural#s#04,natural#s#09,not-merged,natural%5:00:00:normal:01;,natural%5:00:00:normal:01;natural%5:00:00:normal:01;natural%5:00:00:normal:01;,1.0
566,s,natural#s#04,natural#s#07,merged,natural%5:00:00:normal:01;,natural%5:00:00:normal:01;natural%5:00:00:normal:01;natural%5:00:00:normal:01;,1.0
567,s,natural#s#09,natural#s#07,not-merged,natural%5:00:00:intelligent:00;born%5:00:00:intelligent:00;innate%5:00:00:intelligent:00;,innate%5:00:00:intelligent:00;innate%5:00:00:intelligent:00;innate%5:00:00:intelligent:00;,1.0
568,v,keep_up#v#01,keep_up#v#04,merged,keep_up%2:33:00::;,keep_up%2:33:00::;keep_up%2:33:00::;keep_up%2:33:00::;,0.0
569,n,day#n#01,day#n#02,not-merged,day%1:28:00::;twenty-four_hours%1:28:00::;twenty-four_hour_period%1:28:00::;24-hour_interval%1:28:00::;solar_day%1:28:00::;mean_solar_day%1:28:00::;,mean_solar_day%1:28:00::;,0.0
570,n,day#n#01,day#n#06,not-merged,day%1:28:00::;twenty-four_hours%1:28:00::;twenty-four_hour_period%1:28:00::;24-hour_interval%1:28:00::;solar_day%1:28:00::;mean_solar_day%1:28:00::;,mean_solar_day%1:28:00::;,0.0
571,n,day#n#01,day#n#05,merged,day%1:28:00::;twenty-four_hours%1:28:00::;twenty-four_hour_period%1:28:00::;24-hour_interval%1:28:00::;solar_day%1:28:00::;mean_solar_day%1:28:00::;,mean_solar_day%1:28:00::;,0.0
572,n,day#n#01,day#n#04,not-merged,day%1:28:00::;twenty-four_hours%1:28:00::;twenty-four_hour_period%1:28:00::;24-hour_interval%1:28:00::;solar_day%1:28:00::;mean_solar_day%1:28:00::;,mean_solar_day%1:28:00::;,0.0
573,n,day#n#01,day#n#03,merged,day%1:28:00::;twenty-four_hours%1:28:00::;twenty-four_hour_period%1:28:00::;24-hour_interval%1:28:00::;solar_day%1:28:00::;mean_solar_day%1:28:00::;,mean_solar_day%1:28:00::;mean_solar_day%1:28:00::;mean_solar_day%1:28:00::;,0.0
574,n,day#n#02,day#n#06,merged,day%1:28:03::;,day%1:28:03::;,1.0
575,n,day#n#02,day#n#05,not-merged,day%1:28:03::;,day%1:28:03::;,1.0
576,n,day#n#02,day#n#04,not-merged,day%1:28:03::;,day%1:28:03::;,1.0
577,n,day#n#02,day#n#03,not-merged,day%1:28:03::;,day%1:28:03::;day%1:28:03::;day%1:28:03::;,1.0
578,n,day#n#06,day#n#05,not-merged,day%1:28:05::;,day%1:28:05::;,1.0
579,n,day#n#06,day#n#04,not-merged,day%1:28:05::;,day%1:28:05::;,1.0
580,n,day#n#06,day#n#03,not-merged,day%1:28:05::;,day%1:28:05::;day%1:28:05::;day%1:28:05::;,1.0
581,n,day#n#05,day#n#04,not-merged,day%1:28:04::;,day%1:28:04::;,1.0
582,n,day#n#05,day#n#03,merged,day%1:28:04::;,day%1:28:04::;day%1:28:04::;day%1:28:04::;,1.0
583,n,day#n#04,day#n#03,not-merged,day%1:28:01::;,day%1:28:01::;day%1:28:01::;day%1:28:01::;,0.0
584,n,fatigue#n#01,fatigue#n#03,merged,fatigue%1:26:00::;weariness%1:26:00::;tiredness%1:26:00::;,tiredness%1:26:00::;,0.0
585,n,fatigue#n#01,fatigue#n#02,not-merged,fatigue%1:26:00::;weariness%1:26:00::;tiredness%1:26:00::;,tiredness%1:26:00::;,0.0
586,n,fatigue#n#03,fatigue#n#02,not-merged,fatigue%1:12:00::;,fatigue%1:12:00::;,1.0
587,a,fit#a#03,fit#a#01,merged,fit%3:00:01::;healthy%3:00:04::;,healthy%3:00:04::;,1.0
588,v,find#v#15,find#v#10,not-merged,find%2:38:10::;,find%2:38:10::;,0.0
589,v,find#v#15,find#v#13,not-merged,find%2:38:10::;,find%2:38:10::;,0.0
590,v,find#v#15,find#v#05,not-merged,find%2:38:10::;,find%2:38:10::;find%2:38:10::;,0.0
591,v,find#v#15,find#v#01,not-merged,find%2:38:10::;,find%2:38:10::;find%2:38:10::;find%2:38:10::;find%2:38:10::;find%2:38:10::;,0.0
592,v,find#v#15,find#v#03,not-merged,find%2:38:10::;,find%2:38:10::;find%2:38:10::;,0.0
593,v,find#v#10,find#v#05,not-merged,find%2:40:03::;,find%2:40:03::;find%2:40:03::;,1.0
594,v,find#v#10,find#v#01,not-merged,find%2:40:03::;,find%2:40:03::;find%2:40:03::;find%2:40:03::;find%2:40:03::;find%2:40:03::;,1.0
595,v,find#v#10,find#v#03,not-merged,find%2:40:03::;,find%2:40:03::;find%2:40:03::;,1.0
596,v,find#v#13,find#v#05,not-merged,find%2:39:05::;,find%2:39:05::;find%2:39:05::;,1.0
597,v,find#v#13,find#v#01,not-merged,find%2:39:05::;,find%2:39:05::;find%2:39:05::;find%2:39:05::;find%2:39:05::;find%2:39:05::;,1.0
598,v,find#v#13,find#v#03,not-merged,find%2:39:05::;,find%2:39:05::;find%2:39:05::;,1.0
599,v,find#v#05,find#v#01,not-merged,find%2:31:10::;feel%2:31:00::;,feel%2:31:00::;feel%2:31:00::;feel%2:31:00::;feel%2:31:00::;feel%2:31:00::;,0.0
600,v,find#v#05,find#v#03,not-merged,find%2:31:10::;feel%2:31:00::;,feel%2:31:00::;feel%2:31:00::;,0.0
601,v,find#v#01,find#v#03,not-merged,find%2:40:02::;happen%2:40:12::;chance%2:40:12::;bump%2:40:12::;encounter%2:40:00::;,encounter%2:40:00::;encounter%2:40:00::;,1.0
602,v,begin#v#03,begin#v#06,not-merged,begin%2:30:01::;lead_off%2:30:00::;start%2:30:01::;commence%2:30:01::;,commence%2:30:01::;,1.0
603,v,begin#v#03,begin#v#09,not-merged,begin%2:30:01::;lead_off%2:30:00::;start%2:30:01::;commence%2:30:01::;,commence%2:30:01::;,1.0
604,v,begin#v#03,begin#v#05,not-merged,begin%2:30:01::;lead_off%2:30:00::;start%2:30:01::;commence%2:30:01::;,commence%2:30:01::;,1.0
605,v,begin#v#03,begin#v#02,not-merged,begin%2:30:01::;lead_off%2:30:00::;start%2:30:01::;commence%2:30:01::;,commence%2:30:01::;commence%2:30:01::;,1.0
606,v,begin#v#03,begin#v#04,not-merged,begin%2:30:01::;lead_off%2:30:00::;start%2:30:01::;commence%2:30:01::;,commence%2:30:01::;,1.0
607,v,begin#v#03,get_down#v#07,not-merged,begin%2:30:01::;lead_off%2:30:00::;start%2:30:01::;commence%2:30:01::;,commence%2:30:01::;commence%2:30:01::;commence%2:30:01::;commence%2:30:01::;commence%2:30:01::;commence%2:30:01::;commence%2:30:01::;commence%2:30:01::;,1.0
608,v,begin#v#03,begin#v#07,not-merged,begin%2:30:01::;lead_off%2:30:00::;start%2:30:01::;commence%2:30:01::;,commence%2:30:01::;commence%2:30:01::;,1.0
609,v,begin#v#06,begin#v#09,not-merged,begin%2:42:04::;,begin%2:42:04::;,1.0
610,v,begin#v#06,begin#v#05,merged,begin%2:42:04::;,begin%2:42:04::;,1.0
611,v,begin#v#06,begin#v#02,merged,begin%2:42:04::;,begin%2:42:04::;begin%2:42:04::;,1.0
612,v,begin#v#06,begin#v#04,not-merged,begin%2:42:04::;,begin%2:42:04::;,1.0
613,v,begin#v#06,get_down#v#07,not-merged,begin%2:42:04::;,begin%2:42:04::;begin%2:42:04::;begin%2:42:04::;begin%2:42:04::;begin%2:42:04::;begin%2:42:04::;begin%2:42:04::;begin%2:42:04::;,1.0
614,v,begin#v#06,begin#v#07,not-merged,begin%2:42:04::;,begin%2:42:04::;begin%2:42:04::;,1.0
615,v,begin#v#09,begin#v#05,not-merged,begin%2:41:00::;,begin%2:41:00::;,0.0
616,v,begin#v#09,begin#v#02,not-merged,begin%2:41:00::;,begin%2:41:00::;begin%2:41:00::;,0.0
617,v,begin#v#09,begin#v#04,not-merged,begin%2:41:00::;,begin%2:41:00::;,0.0
618,v,begin#v#09,get_down#v#07,not-merged,begin%2:41:00::;,begin%2:41:00::;begin%2:41:00::;begin%2:41:00::;begin%2:41:00::;begin%2:41:00::;begin%2:41:00::;begin%2:41:00::;begin%2:41:00::;,0.0
619,v,begin#v#09,begin#v#07,not-merged,begin%2:41:00::;,begin%2:41:00::;begin%2:41:00::;,0.0
620,v,begin#v#05,begin#v#02,merged,begin%2:42:02::;,begin%2:42:02::;begin%2:42:02::;,1.0
621,v,begin#v#05,begin#v#04,not-merged,begin%2:42:02::;,begin%2:42:02::;,1.0
622,v,begin#v#05,get_down#v#07,not-merged,begin%2:42:02::;,begin%2:42:02::;begin%2:42:02::;begin%2:42:02::;begin%2:42:02::;begin%2:42:02::;begin%2:42:02::;begin%2:42:02::;begin%2:42:02::;,1.0
623,v,begin#v#05,begin#v#07,not-merged,begin%2:42:02::;,begin%2:42:02::;begin%2:42:02::;,1.0
624,v,begin#v#02,begin#v#04,not-merged,begin%2:42:00::;start%2:42:00::;,start%2:42:00::;,1.0
625,v,begin#v#02,get_down#v#07,not-merged,begin%2:42:00::;start%2:42:00::;,start%2:42:00::;start%2:42:00::;start%2:42:00::;start%2:42:00::;start%2:42:00::;start%2:42:00::;start%2:42:00::;start%2:42:00::;,1.0
626,v,begin#v#02,begin#v#07,not-merged,begin%2:42:00::;start%2:42:00::;,start%2:42:00::;start%2:42:00::;,1.0
627,v,begin#v#04,get_down#v#07,not-merged,begin%2:32:03::;,begin%2:32:03::;begin%2:32:03::;begin%2:32:03::;begin%2:32:03::;begin%2:32:03::;begin%2:32:03::;begin%2:32:03::;begin%2:32:03::;,1.0
628,v,begin#v#04,begin#v#07,not-merged,begin%2:32:03::;,begin%2:32:03::;begin%2:32:03::;,1.0
629,v,get_down#v#07,begin#v#07,not-merged,get_down%2:30:00::;begin%2:30:00::;get%2:30:12::;start_out%2:30:00::;start%2:30:00::;set_about%2:30:00::;set_out%2:30:00::;commence%2:30:00::;,commence%2:30:00::;commence%2:30:00::;,1.0
630,v,leave#v#02,leave#v#04,not-merged,leave%2:31:05::;,leave%2:31:05::;leave%2:31:05::;leave%2:31:05::;,1.0
631,v,leave#v#02,leave#v#08,not-merged,leave%2:31:05::;,leave%2:31:05::;leave%2:31:05::;leave%2:31:05::;,1.0
632,v,leave#v#02,leave#v#06,not-merged,leave%2:31:05::;,leave%2:31:05::;leave%2:31:05::;leave%2:31:05::;leave%2:31:05::;,1.0
633,v,leave#v#02,leave#v#07,not-merged,leave%2:31:05::;,leave%2:31:05::;leave%2:31:05::;leave%2:31:05::;,1.0
634,v,leave#v#02,leave#v#11,not-merged,leave%2:31:05::;,leave%2:31:05::;,1.0
635,v,leave#v#02,leave#v#03,not-merged,leave%2:31:05::;,leave%2:31:05::;,1.0
636,v,leave#v#02,leave#v#01,not-merged,leave%2:31:05::;,leave%2:31:05::;leave%2:31:05::;leave%2:31:05::;,1.0
637,v,leave#v#04,leave#v#08,not-merged,leave%2:30:02::;leave_alone%2:30:00::;leave_behind%2:30:03::;,leave_behind%2:30:03::;leave_behind%2:30:03::;leave_behind%2:30:03::;,0.0
638,v,leave#v#04,leave#v#06,not-merged,leave%2:30:02::;leave_alone%2:30:00::;leave_behind%2:30:03::;,leave_behind%2:30:03::;leave_behind%2:30:03::;leave_behind%2:30:03::;leave_behind%2:30:03::;,0.0
639,v,leave#v#04,leave#v#07,not-merged,leave%2:30:02::;leave_alone%2:30:00::;leave_behind%2:30:03::;,leave_behind%2:30:03::;leave_behind%2:30:03::;leave_behind%2:30:03::;,0.0
640,v,leave#v#04,leave#v#11,not-merged,leave%2:30:02::;leave_alone%2:30:00::;leave_behind%2:30:03::;,leave_behind%2:30:03::;,0.0
641,v,leave#v#04,leave#v#03,not-merged,leave%2:30:02::;leave_alone%2:30:00::;leave_behind%2:30:03::;,leave_behind%2:30:03::;,0.0
642,v,leave#v#04,leave#v#01,not-merged,leave%2:30:02::;leave_alone%2:30:00::;leave_behind%2:30:03::;,leave_behind%2:30:03::;leave_behind%2:30:03::;leave_behind%2:30:03::;,0.0
643,v,leave#v#08,leave#v#06,not-merged,leave%2:41:00::;depart%2:41:00::;pull_up_stakes%2:41:00::;,pull_up_stakes%2:41:00::;pull_up_stakes%2:41:00::;pull_up_stakes%2:41:00::;pull_up_stakes%2:41:00::;,0.0
644,v,leave#v#08,leave#v#07,not-merged,leave%2:41:00::;depart%2:41:00::;pull_up_stakes%2:41:00::;,pull_up_stakes%2:41:00::;pull_up_stakes%2:41:00::;pull_up_stakes%2:41:00::;,0.0
645,v,leave#v#08,leave#v#11,not-merged,leave%2:41:00::;depart%2:41:00::;pull_up_stakes%2:41:00::;,pull_up_stakes%2:41:00::;,0.0
646,v,leave#v#08,leave#v#03,not-merged,leave%2:41:00::;depart%2:41:00::;pull_up_stakes%2:41:00::;,pull_up_stakes%2:41:00::;,0.0
647,v,leave#v#08,leave#v#01,not-merged,leave%2:41:00::;depart%2:41:00::;pull_up_stakes%2:41:00::;,pull_up_stakes%2:41:00::;pull_up_stakes%2:41:00::;pull_up_stakes%2:41:00::;,0.0
648,v,leave#v#06,leave#v#07,not-merged,leave%2:42:01::;allow_for%2:42:00::;allow%2:42:00::;provide%2:42:00::;,provide%2:42:00::;provide%2:42:00::;provide%2:42:00::;,1.0
649,v,leave#v#06,leave#v#11,not-merged,leave%2:42:01::;allow_for%2:42:00::;allow%2:42:00::;provide%2:42:00::;,provide%2:42:00::;,1.0
650,v,leave#v#06,leave#v#03,not-merged,leave%2:42:01::;allow_for%2:42:00::;allow%2:42:00::;provide%2:42:00::;,provide%2:42:00::;,1.0
651,v,leave#v#06,leave#v#01,not-merged,leave%2:42:01::;allow_for%2:42:00::;allow%2:42:00::;provide%2:42:00::;,provide%2:42:00::;provide%2:42:00::;provide%2:42:00::;,1.0
652,v,leave#v#07,leave#v#11,not-merged,leave%2:42:00::;result%2:42:02::;lead%2:42:04::;,lead%2:42:04::;,1.0
653,v,leave#v#07,leave#v#03,not-merged,leave%2:42:00::;result%2:42:02::;lead%2:42:04::;,lead%2:42:04::;,1.0
654,v,leave#v#07,leave#v#01,not-merged,leave%2:42:00::;result%2:42:02::;lead%2:42:04::;,lead%2:42:04::;lead%2:42:04::;lead%2:42:04::;,1.0
655,v,leave#v#11,leave#v#03,not-merged,leave%2:42:03::;,leave%2:42:03::;,1.0
656,v,leave#v#11,leave#v#01,not-merged,leave%2:42:03::;,leave%2:42:03::;leave%2:42:03::;leave%2:42:03::;,1.0
657,v,leave#v#03,leave#v#01,not-merged,leave%2:42:02::;,leave%2:42:02::;leave%2:42:02::;leave%2:42:02::;,1.0
658,v,see_through#v#01,see_through#v#02,not-merged,see_through%2:40:00::;,see_through%2:40:00::;,0.0
659,v,call#v#03,call#v#19,not-merged,call%2:32:00::;,call%2:32:00::;,1.0
660,v,call#v#03,call#v#13,not-merged,call%2:32:00::;,call%2:32:00::;,1.0
661,v,call#v#03,call#v#04,not-merged,call%2:32:00::;,call%2:32:00::;call%2:32:00::;,1.0
662,v,call#v#03,call#v#02,not-merged,call%2:32:00::;,call%2:32:00::;call%2:32:00::;call%2:32:00::;call%2:32:00::;call%2:32:00::;,1.0
663,v,call#v#03,call#v#07,not-merged,call%2:32:00::;,call%2:32:00::;,1.0
664,v,call#v#03,call#v#25,not-merged,call%2:32:00::;,call%2:32:00::;,1.0
665,v,call#v#03,call#v#09,not-merged,call%2:32:00::;,call%2:32:00::;,1.0
666,v,call#v#03,call#v#16,not-merged,call%2:32:00::;,call%2:32:00::;,1.0
667,v,call#v#03,call#v#15,not-merged,call%2:32:00::;,call%2:32:00::;,1.0
668,v,call#v#19,call#v#13,not-merged,call%2:31:05::;,call%2:31:05::;,1.0
669,v,call#v#19,call#v#04,not-merged,call%2:31:05::;,call%2:31:05::;call%2:31:05::;,1.0
670,v,call#v#19,call#v#02,not-merged,call%2:31:05::;,call%2:31:05::;call%2:31:05::;call%2:31:05::;call%2:31:05::;call%2:31:05::;,1.0
671,v,call#v#19,call#v#07,not-merged,call%2:31:05::;,call%2:31:05::;,1.0
672,v,call#v#19,call#v#25,not-merged,call%2:31:05::;,call%2:31:05::;,1.0
673,v,call#v#19,call#v#09,not-merged,call%2:31:05::;,call%2:31:05::;,1.0
674,v,call#v#19,call#v#16,not-merged,call%2:31:05::;,call%2:31:05::;,1.0
675,v,call#v#19,call#v#15,not-merged,call%2:31:05::;,call%2:31:05::;,1.0
676,v,call#v#13,call#v#04,not-merged,call%2:32:04::;,call%2:32:04::;call%2:32:04::;,1.0
677,v,call#v#13,call#v#02,not-merged,call%2:32:04::;,call%2:32:04::;call%2:32:04::;call%2:32:04::;call%2:32:04::;call%2:32:04::;,1.0
678,v,call#v#13,call#v#07,not-merged,call%2:32:04::;,call%2:32:04::;,1.0
679,v,call#v#13,call#v#25,not-merged,call%2:32:04::;,call%2:32:04::;,1.0
680,v,call#v#13,call#v#09,not-merged,call%2:32:04::;,call%2:32:04::;,1.0
681,v,call#v#13,call#v#16,not-merged,call%2:32:04::;,call%2:32:04::;,1.0
682,v,call#v#13,call#v#15,not-merged,call%2:32:04::;,call%2:32:04::;,1.0
683,v,call#v#04,call#v#02,merged,call%2:32:05::;send_for%2:32:00::;,send_for%2:32:00::;send_for%2:32:00::;send_for%2:32:00::;send_for%2:32:00::;send_for%2:32:00::;,0.0
684,v,call#v#04,call#v#07,not-merged,call%2:32:05::;send_for%2:32:00::;,send_for%2:32:00::;,0.0
685,v,call#v#04,call#v#25,not-merged,call%2:32:05::;send_for%2:32:00::;,send_for%2:32:00::;,0.0
686,v,call#v#04,call#v#09,not-merged,call%2:32:05::;send_for%2:32:00::;,send_for%2:32:00::;,0.0
687,v,call#v#04,call#v#16,not-merged,call%2:32:05::;send_for%2:32:00::;,send_for%2:32:00::;,0.0
688,v,call#v#04,call#v#15,not-merged,call%2:32:05::;send_for%2:32:00::;,send_for%2:32:00::;,0.0
689,v,call#v#02,call#v#07,not-merged,call%2:32:01::;telephone%2:32:00::;call_up%2:32:00::;phone%2:32:00::;ring%2:32:00::;,ring%2:32:00::;,0.0
690,v,call#v#02,call#v#25,not-merged,call%2:32:01::;telephone%2:32:00::;call_up%2:32:00::;phone%2:32:00::;ring%2:32:00::;,ring%2:32:00::;,0.0
691,v,call#v#02,call#v#09,not-merged,call%2:32:01::;telephone%2:32:00::;call_up%2:32:00::;phone%2:32:00::;ring%2:32:00::;,ring%2:32:00::;,0.0
692,v,call#v#02,call#v#16,not-merged,call%2:32:01::;telephone%2:32:00::;call_up%2:32:00::;phone%2:32:00::;ring%2:32:00::;,ring%2:32:00::;,0.0
693,v,call#v#02,call#v#15,not-merged,call%2:32:01::;telephone%2:32:00::;call_up%2:32:00::;phone%2:32:00::;ring%2:32:00::;,ring%2:32:00::;,0.0
694,v,call#v#07,call#v#25,not-merged,call%2:41:04::;,call%2:41:04::;,1.0
695,v,call#v#07,call#v#09,not-merged,call%2:41:04::;,call%2:41:04::;,1.0
696,v,call#v#07,call#v#16,not-merged,call%2:41:04::;,call%2:41:04::;,1.0
697,v,call#v#07,call#v#15,not-merged,call%2:41:04::;,call%2:41:04::;,1.0
698,v,call#v#25,call#v#09,not-merged,call%2:32:12::;,call%2:32:12::;,0.0
699,v,call#v#25,call#v#16,not-merged,call%2:32:12::;,call%2:32:12::;,0.0
700,v,call#v#25,call#v#15,not-merged,call%2:32:12::;,call%2:32:12::;,0.0
701,v,call#v#09,call#v#16,not-merged,call%2:32:14::;,call%2:32:14::;,1.0
702,v,call#v#09,call#v#15,not-merged,call%2:32:14::;,call%2:32:14::;,1.0
703,v,call#v#16,call#v#15,not-merged,call%2:31:13::;,call%2:31:13::;,1.0
704,n,law#n#04,law#n#03,not-merged,law%1:09:00::;natural_law%1:09:00::;,natural_law%1:09:00::;natural_law%1:09:00::;,0.0
705,v,turn_out#v#03,turn_out#v#02,not-merged,turn_out%2:36:01::;,turn_out%2:36:01::;,0.0
706,v,turn_out#v#03,turn_out#v#04,not-merged,turn_out%2:36:01::;,turn_out%2:36:01::;turn_out%2:36:01::;,0.0
707,v,turn_out#v#02,turn_out#v#04,not-merged,turn_out%2:42:01::;,turn_out%2:42:01::;turn_out%2:42:01::;,0.0
708,v,treat#v#08,treat#v#05,not-merged,treat%2:31:00::;,treat%2:31:00::;,1.0
709,v,treat#v#08,treat#v#03,not-merged,treat%2:31:00::;,treat%2:31:00::;treat%2:31:00::;,1.0
710,v,treat#v#08,treat#v#01,not-merged,treat%2:31:00::;,treat%2:31:00::;treat%2:31:00::;treat%2:31:00::;,1.0
711,v,treat#v#05,treat#v#03,not-merged,treat%2:40:00::;,treat%2:40:00::;treat%2:40:00::;,1.0
712,v,treat#v#05,treat#v#01,not-merged,treat%2:40:00::;,treat%2:40:00::;treat%2:40:00::;treat%2:40:00::;,1.0
713,v,treat#v#03,treat#v#01,not-merged,treat%2:29:00::;care_for%2:29:00::;,care_for%2:29:00::;care_for%2:29:00::;care_for%2:29:00::;,0.0
714,s,fine#s#05,fine#s#02,not-merged,fine%5:00:00:elegant:00;,fine%5:00:00:elegant:00;,1.0
715,s,fine#s#05,fine#s#04,not-merged,fine%5:00:00:elegant:00;,fine%5:00:00:elegant:00;,1.0
716,s,fine#s#05,fine#s#06,not-merged,fine%5:00:00:elegant:00;,fine%5:00:00:elegant:00;,1.0
717,s,fine#s#02,fine#s#04,merged,fine%5:00:00:precise:00;,fine%5:00:00:precise:00;,1.0
718,s,fine#s#02,fine#s#06,not-merged,fine%5:00:00:precise:00;,fine%5:00:00:precise:00;,1.0
719,s,fine#s#04,fine#s#06,not-merged,fine%5:00:00:thin:01;,fine%5:00:00:thin:01;,1.0
720,n,bar#n#03,bar#n#02,not-merged,bar%1:06:00::;,bar%1:06:00::;,1.0
721,n,bar#n#03,bar#n#08,not-merged,bar%1:06:00::;,bar%1:06:00::;,1.0
722,n,bar#n#03,bar#n#07,not-merged,bar%1:06:00::;,bar%1:06:00::;,1.0
723,n,bar#n#03,bar#n#05,not-merged,bar%1:06:00::;,bar%1:06:00::;,1.0
724,n,bar#n#02,bar#n#08,not-merged,bar%1:06:05::;,bar%1:06:05::;,1.0
725,n,bar#n#02,bar#n#07,not-merged,bar%1:06:05::;,bar%1:06:05::;,1.0
726,n,bar#n#02,bar#n#05,not-merged,bar%1:06:05::;,bar%1:06:05::;,1.0
727,n,bar#n#08,bar#n#07,not-merged,bar%1:17:00::;,bar%1:17:00::;,1.0
728,n,bar#n#08,bar#n#05,not-merged,bar%1:17:00::;,bar%1:17:00::;,1.0
729,n,bar#n#07,bar#n#05,not-merged,bar%1:23:00::;,bar%1:23:00::;,0.0
730,v,work#v#16,work#v#03,not-merged,work%2:41:11::;,work%2:41:11::;work%2:41:11::;,1.0
731,v,work#v#16,work#v#09,not-merged,work%2:41:11::;,work%2:41:11::;,1.0
732,v,work#v#16,work#v#05,not-merged,work%2:41:11::;,work%2:41:11::;work%2:41:11::;work%2:41:11::;,1.0
733,v,work#v#16,work#v#01,not-merged,work%2:41:11::;,work%2:41:11::;,1.0
734,v,work#v#16,work#v#02,not-merged,work%2:41:11::;,work%2:41:11::;work%2:41:11::;,1.0
735,v,work#v#16,work#v#08,not-merged,work%2:41:11::;,work%2:41:11::;,1.0
736,v,work#v#16,work#v#21,not-merged,work%2:41:11::;,work%2:41:11::;,1.0
737,v,work#v#16,work#v#10,not-merged,work%2:41:11::;,work%2:41:11::;,1.0
738,v,work#v#03,work#v#09,not-merged,work%2:41:03::;act%2:41:06::;,act%2:41:06::;,0.0
739,v,work#v#03,work#v#05,not-merged,work%2:41:03::;act%2:41:06::;,act%2:41:06::;act%2:41:06::;act%2:41:06::;,0.0
740,v,work#v#03,work#v#01,not-merged,work%2:41:03::;act%2:41:06::;,act%2:41:06::;,0.0
741,v,work#v#03,work#v#02,not-merged,work%2:41:03::;act%2:41:06::;,act%2:41:06::;act%2:41:06::;,0.0
742,v,work#v#03,work#v#08,not-merged,work%2:41:03::;act%2:41:06::;,act%2:41:06::;,0.0
743,v,work#v#03,work#v#21,not-merged,work%2:41:03::;act%2:41:06::;,act%2:41:06::;,0.0
744,v,work#v#03,work#v#10,not-merged,work%2:41:03::;act%2:41:06::;,act%2:41:06::;,0.0
745,v,work#v#09,work#v#05,not-merged,work%2:41:05::;,work%2:41:05::;work%2:41:05::;work%2:41:05::;,1.0
746,v,work#v#09,work#v#01,not-merged,work%2:41:05::;,work%2:41:05::;,1.0
747,v,work#v#09,work#v#02,not-merged,work%2:41:05::;,work%2:41:05::;work%2:41:05::;,1.0
748,v,work#v#09,work#v#08,not-merged,work%2:41:05::;,work%2:41:05::;,1.0
749,v,work#v#09,work#v#21,not-merged,work%2:41:05::;,work%2:41:05::;,1.0
750,v,work#v#09,work#v#10,not-merged,work%2:41:05::;,work%2:41:05::;,1.0
751,v,work#v#05,work#v#01,not-merged,work%2:36:00::;work_on%2:36:00::;process%2:36:00::;,process%2:36:00::;,1.0
752,v,work#v#05,work#v#02,not-merged,work%2:36:00::;work_on%2:36:00::;process%2:36:00::;,process%2:36:00::;process%2:36:00::;,1.0
753,v,work#v#05,work#v#08,not-merged,work%2:36:00::;work_on%2:36:00::;process%2:36:00::;,process%2:36:00::;,1.0
754,v,work#v#05,work#v#21,not-merged,work%2:36:00::;work_on%2:36:00::;process%2:36:00::;,process%2:36:00::;,1.0
755,v,work#v#05,work#v#10,not-merged,work%2:36:00::;work_on%2:36:00::;process%2:36:00::;,process%2:36:00::;,1.0
756,v,work#v#01,work#v#02,merged,work%2:41:02::;,work%2:41:02::;work%2:41:02::;,1.0
757,v,work#v#01,work#v#08,not-merged,work%2:41:02::;,work%2:41:02::;,1.0
758,v,work#v#01,work#v#21,not-merged,work%2:41:02::;,work%2:41:02::;,1.0
759,v,work#v#01,work#v#10,not-merged,work%2:41:02::;,work%2:41:02::;,1.0
760,v,work#v#02,work#v#08,not-merged,work%2:41:00::;do_work%2:41:00::;,do_work%2:41:00::;,0.0
761,v,work#v#02,work#v#21,not-merged,work%2:41:00::;do_work%2:41:00::;,do_work%2:41:00::;,0.0
762,v,work#v#02,work#v#10,not-merged,work%2:41:00::;do_work%2:41:00::;,do_work%2:41:00::;,0.0
763,v,work#v#08,work#v#21,not-merged,work%2:41:04::;,work%2:41:04::;,1.0
764,v,work#v#08,work#v#10,not-merged,work%2:41:04::;,work%2:41:04::;,1.0
765,v,work#v#21,work#v#10,not-merged,work%2:35:14::;,work%2:35:14::;,1.0
766,n,facility#n#05,facility#n#04,merged,facility%1:04:00::;,facility%1:04:00::;,1.0
767,n,facility#n#05,facility#n#01,not-merged,facility%1:04:00::;,facility%1:04:00::;facility%1:04:00::;,1.0
768,n,facility#n#04,facility#n#01,not-merged,facility%1:04:01::;,facility%1:04:01::;facility%1:04:01::;,1.0
769,v,work_out#v#05,work_out#v#02,not-merged,work_out%2:31:07::;,work_out%2:31:07::;,0.0
770,n,circuit#n#01,circuit#n#03,not-merged,circuit%1:06:00::;electrical_circuit%1:06:00::;electric_circuit%1:06:00::;,electric_circuit%1:06:00::;,0.0
771,n,circuit#n#01,circuit#n#04,not-merged,circuit%1:06:00::;electrical_circuit%1:06:00::;electric_circuit%1:06:00::;,electric_circuit%1:06:00::;,0.0
772,n,circuit#n#03,circuit#n#04,not-merged,circuit%1:15:00::;,circuit%1:15:00::;,1.0
773,v,hold#v#18,hold#v#08,not-merged,hold%2:35:02::;carry%2:35:01::;bear%2:35:01::;,bear%2:35:01::;bear%2:35:01::;bear%2:35:01::;bear%2:35:01::;,1.0
774,v,face#v#05,face#v#04,not-merged,face%2:38:00::;,face%2:38:00::;,1.0
775,v,face#v#05,face#v#09,not-merged,face%2:38:00::;,face%2:38:00::;,1.0
776,v,face#v#04,face#v#09,not-merged,face%2:42:02::;,face%2:42:02::;,1.0
777,n,post#n#04,post#n#09,not-merged,post%1:06:00::;,post%1:06:00::;post%1:06:00::;,1.0
778,n,post#n#04,post#n#01,not-merged,post%1:06:00::;,post%1:06:00::;post%1:06:00::;,1.0
779,n,post#n#04,post#n#11,not-merged,post%1:06:00::;,post%1:06:00::;,1.0
780,n,post#n#09,post#n#01,not-merged,post%1:10:02::;stake%1:10:00::;,stake%1:10:00::;stake%1:10:00::;,1.0
781,n,post#n#09,post#n#11,not-merged,post%1:10:02::;stake%1:10:00::;,stake%1:10:00::;,1.0
782,n,post#n#01,post#n#11,not-merged,post%1:15:00::;station%1:15:00::;,station%1:15:00::;,1.0
783,v,dress#v#04,dress#v#16,not-merged,dress%2:29:07::;dress_up%2:29:06::;,dress_up%2:29:06::;dress_up%2:29:06::;dress_up%2:29:06::;dress_up%2:29:06::;dress_up%2:29:06::;dress_up%2:29:06::;dress_up%2:29:06::;,0.0
784,v,dress#v#04,dress#v#14,not-merged,dress%2:29:07::;dress_up%2:29:06::;,dress_up%2:29:06::;,0.0
785,v,dress#v#04,dress#v#02,merged,dress%2:29:07::;dress_up%2:29:06::;,dress_up%2:29:06::;dress_up%2:29:06::;dress_up%2:29:06::;dress_up%2:29:06::;dress_up%2:29:06::;dress_up%2:29:06::;dress_up%2:29:06::;dress_up%2:29:06::;dress_up%2:29:06::;dress_up%2:29:06::;,0.0
786,v,dress#v#04,dress#v#10,not-merged,dress%2:29:07::;dress_up%2:29:06::;,dress_up%2:29:06::;,0.0
787,v,dress#v#04,dress#v#09,not-merged,dress%2:29:07::;dress_up%2:29:06::;,dress_up%2:29:06::;dress_up%2:29:06::;,0.0
788,v,dress#v#04,dress#v#01,not-merged,dress%2:29:07::;dress_up%2:29:06::;,dress_up%2:29:06::;dress_up%2:29:06::;,0.0
789,v,dress#v#16,dress#v#14,not-merged,dress%2:29:04::;arrange%2:29:00::;set%2:29:05::;do%2:29:04::;coif%2:29:00::;coiffe%2:29:00::;coiffure%2:29:00::;,coiffure%2:29:00::;,0.0
790,v,dress#v#16,dress#v#02,not-merged,dress%2:29:04::;arrange%2:29:00::;set%2:29:05::;do%2:29:04::;coif%2:29:00::;coiffe%2:29:00::;coiffure%2:29:00::;,coiffure%2:29:00::;coiffure%2:29:00::;coiffure%2:29:00::;coiffure%2:29:00::;coiffure%2:29:00::;coiffure%2:29:00::;coiffure%2:29:00::;coiffure%2:29:00::;coiffure%2:29:00::;coiffure%2:29:00::;,0.0
791,v,dress#v#16,dress#v#10,not-merged,dress%2:29:04::;arrange%2:29:00::;set%2:29:05::;do%2:29:04::;coif%2:29:00::;coiffe%2:29:00::;coiffure%2:29:00::;,coiffure%2:29:00::;,0.0
792,v,dress#v#16,dress#v#09,not-merged,dress%2:29:04::;arrange%2:29:00::;set%2:29:05::;do%2:29:04::;coif%2:29:00::;coiffe%2:29:00::;coiffure%2:29:00::;,coiffure%2:29:00::;coiffure%2:29:00::;,0.0
793,v,dress#v#16,dress#v#01,not-merged,dress%2:29:04::;arrange%2:29:00::;set%2:29:05::;do%2:29:04::;coif%2:29:00::;coiffe%2:29:00::;coiffure%2:29:00::;,coiffure%2:29:00::;coiffure%2:29:00::;,0.0
794,v,dress#v#14,dress#v#02,not-merged,dress%2:29:02::;,dress%2:29:02::;dress%2:29:02::;dress%2:29:02::;dress%2:29:02::;dress%2:29:02::;dress%2:29:02::;dress%2:29:02::;dress%2:29:02::;dress%2:29:02::;dress%2:29:02::;,1.0
795,v,dress#v#14,dress#v#10,not-merged,dress%2:29:02::;,dress%2:29:02::;,1.0
796,v,dress#v#14,dress#v#09,not-merged,dress%2:29:02::;,dress%2:29:02::;dress%2:29:02::;,1.0
797,v,dress#v#14,dress#v#01,not-merged,dress%2:29:02::;,dress%2:29:02::;dress%2:29:02::;,1.0
798,v,dress#v#02,dress#v#10,not-merged,dress%2:29:01::;clothe%2:29:00::;enclothe%2:29:00::;garb%2:29:00::;raiment%2:29:00::;tog%2:29:00::;garment%2:29:00::;habilitate%2:29:00::;fit_out%2:29:00::;apparel%2:29:00::;,apparel%2:29:00::;,0.0
799,v,dress#v#02,dress#v#09,not-merged,dress%2:29:01::;clothe%2:29:00::;enclothe%2:29:00::;garb%2:29:00::;raiment%2:29:00::;tog%2:29:00::;garment%2:29:00::;habilitate%2:29:00::;fit_out%2:29:00::;apparel%2:29:00::;,apparel%2:29:00::;apparel%2:29:00::;,0.0
800,v,dress#v#02,dress#v#01,not-merged,dress%2:29:01::;clothe%2:29:00::;enclothe%2:29:00::;garb%2:29:00::;raiment%2:29:00::;tog%2:29:00::;garment%2:29:00::;habilitate%2:29:00::;fit_out%2:29:00::;apparel%2:29:00::;,apparel%2:29:00::;apparel%2:29:00::;,0.0
801,v,dress#v#10,dress#v#09,not-merged,dress%2:35:00::;,dress%2:35:00::;dress%2:35:00::;,1.0
802,v,dress#v#10,dress#v#01,not-merged,dress%2:35:00::;,dress%2:35:00::;dress%2:35:00::;,1.0
803,v,dress#v#09,dress#v#01,not-merged,dress%2:35:04::;decorate%2:35:00::;,decorate%2:35:00::;decorate%2:35:00::;,1.0
804,n,material#n#01,material#n#02,not-merged,material%1:27:00::;stuff%1:27:00::;,stuff%1:27:00::;,1.0
805,n,material#n#01,material#n#03,merged,material%1:27:00::;stuff%1:27:00::;,stuff%1:27:00::;,1.0
806,n,material#n#01,material#n#05,not-merged,material%1:27:00::;stuff%1:27:00::;,stuff%1:27:00::;,1.0
807,n,material#n#02,material#n#03,not-merged,material%1:10:00::;,material%1:10:00::;,0.0
808,n,material#n#02,material#n#05,not-merged,material%1:10:00::;,material%1:10:00::;,0.0
809,n,material#n#03,material#n#05,not-merged,material%1:06:01::;,material%1:06:01::;,1.0
810,a,free#a#01,free#a#06,not-merged,free%3:00:00::;,free%3:00:00::;,1.0
811,a,free#a#01,free#a#02,not-merged,free%3:00:00::;,free%3:00:00::;,1.0
812,a,free#a#06,free#a#02,not-merged,free%3:00:01::;,free%3:00:01::;,1.0
813,n,green_bean#n#01,green_bean#n#02,merged,green_bean%1:13:00::;,green_bean%1:13:00::;,0.0
814,v,turn#v#21,turn#v#13,not-merged,turn%2:38:14::;,turn%2:38:14::;,1.0
815,v,turn#v#21,turn#v#20,not-merged,turn%2:38:14::;,turn%2:38:14::;,1.0
816,v,turn#v#21,turn#v#06,not-merged,turn%2:38:14::;,turn%2:38:14::;,1.0
817,v,turn#v#21,turn#v#09,not-merged,turn%2:38:14::;,turn%2:38:14::;turn%2:38:14::;,1.0
818,v,turn#v#21,turn#v#05,not-merged,turn%2:38:14::;,turn%2:38:14::;turn%2:38:14::;,1.0
819,v,turn#v#21,turn#v#19,not-merged,turn%2:38:14::;,turn%2:38:14::;,1.0
820,v,turn#v#21,turn#v#01,not-merged,turn%2:38:14::;,turn%2:38:14::;,1.0
821,v,turn#v#21,turn#v#04,not-merged,turn%2:38:14::;,turn%2:38:14::;,1.0
822,v,turn#v#21,turn#v#07,not-merged,turn%2:38:14::;,turn%2:38:14::;turn%2:38:14::;,1.0
823,v,turn#v#21,turn#v#24,not-merged,turn%2:38:14::;,turn%2:38:14::;,1.0
824,v,turn#v#13,turn#v#20,not-merged,turn%2:42:13::;,turn%2:42:13::;,1.0
825,v,turn#v#13,turn#v#06,not-merged,turn%2:42:13::;,turn%2:42:13::;,1.0
826,v,turn#v#13,turn#v#09,not-merged,turn%2:42:13::;,turn%2:42:13::;turn%2:42:13::;,1.0
827,v,turn#v#13,turn#v#05,not-merged,turn%2:42:13::;,turn%2:42:13::;turn%2:42:13::;,1.0
828,v,turn#v#13,turn#v#19,not-merged,turn%2:42:13::;,turn%2:42:13::;,1.0
829,v,turn#v#13,turn#v#01,not-merged,turn%2:42:13::;,turn%2:42:13::;,1.0
830,v,turn#v#13,turn#v#04,not-merged,turn%2:42:13::;,turn%2:42:13::;,1.0
831,v,turn#v#13,turn#v#07,not-merged,turn%2:42:13::;,turn%2:42:13::;turn%2:42:13::;,1.0
832,v,turn#v#13,turn#v#24,not-merged,turn%2:42:13::;,turn%2:42:13::;,1.0
833,v,turn#v#20,turn#v#06,not-merged,turn%2:38:13::;,turn%2:38:13::;,1.0
834,v,turn#v#20,turn#v#09,not-merged,turn%2:38:13::;,turn%2:38:13::;turn%2:38:13::;,1.0
835,v,turn#v#20,turn#v#05,not-merged,turn%2:38:13::;,turn%2:38:13::;turn%2:38:13::;,1.0
836,v,turn#v#20,turn#v#19,not-merged,turn%2:38:13::;,turn%2:38:13::;,1.0
837,v,turn#v#20,turn#v#01,not-merged,turn%2:38:13::;,turn%2:38:13::;,1.0
838,v,turn#v#20,turn#v#04,not-merged,turn%2:38:13::;,turn%2:38:13::;,1.0
839,v,turn#v#20,turn#v#07,not-merged,turn%2:38:13::;,turn%2:38:13::;turn%2:38:13::;,1.0
840,v,turn#v#20,turn#v#24,not-merged,turn%2:38:13::;,turn%2:38:13::;,1.0
841,v,turn#v#06,turn#v#09,not-merged,turn%2:38:06::;,turn%2:38:06::;turn%2:38:06::;,1.0
842,v,turn#v#06,turn#v#05,not-merged,turn%2:38:06::;,turn%2:38:06::;turn%2:38:06::;,1.0
843,v,turn#v#06,turn#v#19,not-merged,turn%2:38:06::;,turn%2:38:06::;,1.0
844,v,turn#v#06,turn#v#01,not-merged,turn%2:38:06::;,turn%2:38:06::;,1.0
845,v,turn#v#06,turn#v#04,not-merged,turn%2:38:06::;,turn%2:38:06::;,1.0
846,v,turn#v#06,turn#v#07,not-merged,turn%2:38:06::;,turn%2:38:06::;turn%2:38:06::;,1.0
847,v,turn#v#06,turn#v#24,not-merged,turn%2:38:06::;,turn%2:38:06::;,1.0
848,v,turn#v#09,turn#v#05,not-merged,turn%2:38:01::;turn_over%2:38:09::;,turn_over%2:38:09::;turn_over%2:38:09::;,0.0
849,v,turn#v#09,turn#v#19,not-merged,turn%2:38:01::;turn_over%2:38:09::;,turn_over%2:38:09::;,0.0
850,v,turn#v#09,turn#v#01,not-merged,turn%2:38:01::;turn_over%2:38:09::;,turn_over%2:38:09::;,0.0
851,v,turn#v#09,turn#v#04,not-merged,turn%2:38:01::;turn_over%2:38:09::;,turn_over%2:38:09::;,0.0
852,v,turn#v#09,turn#v#07,not-merged,turn%2:38:01::;turn_over%2:38:09::;,turn_over%2:38:09::;turn_over%2:38:09::;,0.0
853,v,turn#v#09,turn#v#24,not-merged,turn%2:38:01::;turn_over%2:38:09::;,turn_over%2:38:09::;,0.0
854,v,turn#v#05,turn#v#19,not-merged,turn%2:30:03::;grow%2:30:03::;,grow%2:30:03::;,1.0
855,v,turn#v#05,turn#v#01,not-merged,turn%2:30:03::;grow%2:30:03::;,grow%2:30:03::;,1.0
856,v,turn#v#05,turn#v#04,not-merged,turn%2:30:03::;grow%2:30:03::;,grow%2:30:03::;,1.0
857,v,turn#v#05,turn#v#07,not-merged,turn%2:30:03::;grow%2:30:03::;,grow%2:30:03::;grow%2:30:03::;,1.0
858,v,turn#v#05,turn#v#24,not-merged,turn%2:30:03::;grow%2:30:03::;,grow%2:30:03::;,1.0
859,v,turn#v#19,turn#v#01,not-merged,turn%2:40:13::;,turn%2:40:13::;,0.0
860,v,turn#v#19,turn#v#04,not-merged,turn%2:40:13::;,turn%2:40:13::;,0.0
861,v,turn#v#19,turn#v#07,not-merged,turn%2:40:13::;,turn%2:40:13::;turn%2:40:13::;,0.0
862,v,turn#v#19,turn#v#24,not-merged,turn%2:40:13::;,turn%2:40:13::;,0.0
863,v,turn#v#01,turn#v#04,not-merged,turn%2:38:00::;,turn%2:38:00::;,1.0
864,v,turn#v#01,turn#v#07,not-merged,turn%2:38:00::;,turn%2:38:00::;turn%2:38:00::;,1.0
865,v,turn#v#01,turn#v#24,not-merged,turn%2:38:00::;,turn%2:38:00::;,1.0
866,v,turn#v#04,turn#v#07,not-merged,turn%2:38:02::;,turn%2:38:02::;turn%2:38:02::;,1.0
867,v,turn#v#04,turn#v#24,not-merged,turn%2:38:02::;,turn%2:38:02::;,1.0
868,v,turn#v#07,turn#v#24,not-merged,turn%2:38:03::;move_around%2:38:03::;,move_around%2:38:03::;,0.0
869,n,workday#n#02,workday#n#01,not-merged,workday%1:28:00::;working_day%1:28:00::;,working_day%1:28:00::;working_day%1:28:00::;working_day%1:28:00::;,1.0
870,v,draw_up#v#02,draw_up#v#03,not-merged,draw_up%2:38:02::;pull_up%2:38:03::;straighten_up%2:38:01::;,straighten_up%2:38:01::;straighten_up%2:38:01::;,0.0
871,v,draw_up#v#02,draw_up#v#05,not-merged,draw_up%2:38:02::;pull_up%2:38:03::;straighten_up%2:38:01::;,straighten_up%2:38:01::;straighten_up%2:38:01::;straighten_up%2:38:01::;,0.0
872,v,draw_up#v#03,draw_up#v#05,not-merged,draw_up%2:38:01::;pull_up%2:38:01::;,pull_up%2:38:01::;pull_up%2:38:01::;pull_up%2:38:01::;,0.0
873,v,discover#v#04,discover#v#02,not-merged,discover%2:31:00::;find%2:31:09::;,find%2:31:09::;find%2:31:09::;,1.0
